song,artist,lyrics_link,query
All I Want for Christmas Is You,Mariah Carey,https://genius.com/Mariah-carey-all-i-want-for-christmas-is-you-lyrics,https://api.genius.com/search?q=mariah%20carey%20all%20i%20want%20for%20christmas%20is%20you
Rockin’ Around the Christmas Tree,Brenda Lee,https://genius.com/Brenda-lee-rockin-around-the-christmas-tree-lyrics,https://api.genius.com/search?q=brenda%20lee%20rockin'%20around%20the%20christmas%20tree
Jingle Bell Rock,Bobby Helms,https://genius.com/Bobby-helms-jingle-bell-rock-lyrics,https://api.genius.com/search?q=bobby%20helms%20jingle%20bell%20rock
Last Christmas,Wham!,https://genius.com/Wham-last-christmas-lyrics,https://api.genius.com/search?q=wham!%20last%20christmas
A Holly Jolly Christmas,Burl Ives,https://genius.com/Burl-ives-a-holly-jolly-christmas-lyrics,https://api.genius.com/search?q=burl%20ives%20a%20holly%20jolly%20christmas
Lady Gaga & Bruno Mars - Die With A Smile (Türkçe Çeviri),Genius Türkçe Çeviriler,https://genius.com/Genius-turkce-ceviriler-lady-gaga-and-bruno-mars-die-with-a-smile-turkce-ceviri-lyrics,https://api.genius.com/search?q=lady%20gaga%20and%20bruno%20mars%20die%20with%20a%20smile
Kendrick Lamar & SZA - luther (Türkçe Çeviri),Genius Türkçe Çeviriler,https://genius.com/Genius-turkce-ceviriler-kendrick-lamar-and-sza-luther-turkce-ceviri-lyrics,https://api.genius.com/search?q=kendrick%20lamar%20and%20sza%20luther
tv off,Kendrick Lamar,https://genius.com/Kendrick-lamar-tv-off-lyrics,https://api.genius.com/search?q=kendrick%20lamar%20tv%20off
A Bar Song (Tipsy),Shaboozey,https://genius.com/Shaboozey-a-bar-song-tipsy-lyrics,https://api.genius.com/search?q=shaboozey%20a%20bar%20song
squabble up,Kendrick Lamar,https://genius.com/Kendrick-lamar-squabble-up-lyrics,https://api.genius.com/search?q=kendrick%20lamar%20squabble%20up
It’s The Most Wonderful Time of the Year (1995),Andy Williams,https://genius.com/Andy-williams-its-the-most-wonderful-time-of-the-year-1995-lyrics,https://api.genius.com/search?q=andy%20williams%20it's%20the%20most%20wonderful%20time%20of%20the%20year
Let It Snow! Let It Snow! Let It Snow!,Dean Martin,https://genius.com/Dean-martin-let-it-snow-let-it-snow-let-it-snow-lyrics,https://api.genius.com/search?q=dean%20martin%20let%20it%20snow!%20let%20it%20snow!%20let%20it%20snow!
BIRDS OF A FEATHER,Billie Eilish,https://genius.com/Billie-eilish-birds-of-a-feather-lyrics,https://api.genius.com/search?q=billie%20eilish%20birds%20of%20a%20feather
Santa Tell Me,Ariana Grande,https://genius.com/Ariana-grande-santa-tell-me-lyrics,https://api.genius.com/search?q=ariana%20grande%20santa%20tell%20me
Underneath the Tree,Kelly Clarkson,https://genius.com/Kelly-clarkson-underneath-the-tree-lyrics,https://api.genius.com/search?q=kelly%20clarkson%20underneath%20the%20tree
The Christmas Song,Nat “King” Cole,https://genius.com/Nat-king-cole-the-christmas-song-lyrics,"https://api.genius.com/search?q=nat%20""king""%20cole%20the%20christmas%20song"
Espresso,Sabrina Carpenter,https://genius.com/Sabrina-carpenter-espresso-lyrics,https://api.genius.com/search?q=sabrina%20carpenter%20espresso
Sleigh Ride,The Ronettes,https://genius.com/The-ronettes-sleigh-ride-lyrics,https://api.genius.com/search?q=the%20ronettes%20sleigh%20ride
That’s So True,Gracie Abrams,https://genius.com/Gracie-abrams-thats-so-true-lyrics,https://api.genius.com/search?q=gracie%20abrams%20that's%20so%20true
ROSÉ & Bruno Mars - APT. (Romanized),Genius Romanizations,https://genius.com/Genius-romanizations-rose-and-bruno-mars-apt-romanized-lyrics,https://api.genius.com/search?q=rose%20and%20bruno%20mars%20apt.
It’s Beginning to Look a Lot Like Christmas,Michael Bublé,https://genius.com/Michael-buble-its-beginning-to-look-a-lot-like-christmas-lyrics,https://api.genius.com/search?q=michael%20buble%20it's%20beginning%20to%20look%20a%20lot%20like%20christmas
Feliz Navidad,José Feliciano,https://genius.com/Jose-feliciano-feliz-navidad-lyrics,https://api.genius.com/search?q=jose%20feliciano%20feliz%20navidad
Lose Control,Teddy Swims,https://genius.com/Teddy-swims-lose-control-lyrics,https://api.genius.com/search?q=teddy%20swims%20lose%20control
I Had Some Help,Post Malone,https://genius.com/Post-malone-i-had-some-help-lyrics,https://api.genius.com/search?q=post%20malone%20i%20had%20some%20help
Taste,Sabrina Carpenter,https://genius.com/Sabrina-carpenter-taste-lyrics,https://api.genius.com/search?q=sabrina%20carpenter%20taste
Beautiful Things,Benson Boone,https://genius.com/Benson-boone-beautiful-things-lyrics,https://api.genius.com/search?q=benson%20boone%20beautiful%20things
,,,https://api.genius.com/search?q=perry%20como%20and%20the%20fontane%20sisters%20with%20mitchell%20ayres%20and%20his%20orchestra%20it's%20beginning%20to%20look%20a%20lot%20like%20christmas
Run Rudolph Run,Chuck Berry,https://genius.com/Chuck-berry-run-rudolph-run-lyrics,https://api.genius.com/search?q=chuck%20berry%20run%20rudolph%20run
The Weeknd & Playboi Carti - Timeless (Türkçe Çeviri),Genius Türkçe Çeviriler,https://genius.com/Genius-turkce-ceviriler-the-weeknd-and-playboi-carti-timeless-turkce-ceviri-lyrics,https://api.genius.com/search?q=the%20weeknd%20and%20playboi%20carti%20timeless
Too Sweet,Hozier,https://genius.com/Hozier-too-sweet-lyrics,https://api.genius.com/search?q=hozier%20too%20sweet
Christmas (Baby Please Come Home),Darlene Love,https://genius.com/Darlene-love-christmas-baby-please-come-home-lyrics,https://api.genius.com/search?q=darlene%20love%20christmas
White Christmas,Bing Crosby,https://genius.com/Bing-crosby-white-christmas-lyrics,https://api.genius.com/search?q=bing%20crosby%20with%20ken%20darby%20singers%20and%20john%20scott%20trotter%20and%20his%20orchestra%20white%20christmas
,,,https://api.genius.com/search?q=frank%20sinatra%20with%20the%20orchestra%20and%20chorus%20of%20gordon%20jenkins%20jingle%20bells
Love Somebody,Morgan Wallen,https://genius.com/Morgan-wallen-love-somebody-lyrics,https://api.genius.com/search?q=morgan%20wallen%20love%20somebody
"Good Luck, Babe!",Chappell Roan,https://genius.com/Chappell-roan-good-luck-babe-lyrics,"https://api.genius.com/search?q=chappell%20roan%20good%20luck,%20babe!"
Sticky,"Tyler, The Creator",https://genius.com/Tyler-the-creator-sticky-lyrics,"https://api.genius.com/search?q=tyler,%20the%20creator%20sticky"
Not Like Us,Kendrick Lamar,https://genius.com/Kendrick-lamar-not-like-us-lyrics,https://api.genius.com/search?q=kendrick%20lamar%20not%20like%20us
Deck The Halls,Nat “King” Cole,https://genius.com/Nat-king-cole-deck-the-halls-lyrics,https://api.genius.com/search?q=nat%20king%20cole%20deck%20the%20halls
Here Comes Santa Claus (Down Santa Claus Lane),Gene Autry,https://genius.com/Gene-autry-here-comes-santa-claus-down-santa-claus-lane-lyrics,https://api.genius.com/search?q=gene%20autry%20here%20comes%20santa%20claus
Stargazing,Myles Smith,https://genius.com/Myles-smith-stargazing-lyrics,https://api.genius.com/search?q=myles%20smith%20stargazing
WHATCHU KNO ABOUT ME,GloRilla,https://genius.com/Glorilla-and-sexyy-red-whatchu-kno-about-me-lyrics,https://api.genius.com/search?q=glorilla%20and%20sexyy%20red%20whatchu%20kno%20about%20me
Blue Christmas,Elvis Presley,https://genius.com/Elvis-presley-blue-christmas-lyrics,https://api.genius.com/search?q=elvis%20presley%20blue%20christmas
Jimin - Who (Traducción al Español),Genius Traducciones al Español,https://genius.com/Genius-traducciones-al-espanol-jimin-who-traduccion-al-espanol-lyrics,https://api.genius.com/search?q=jimin%20who
,,,https://api.genius.com/search?q=eartha%20kitt%20with%20henri%20rene%20and%20his%20orchestra%20santa%20baby
Little Saint Nick (1991 Remix),The Beach Boys,https://genius.com/The-beach-boys-little-saint-nick-1991-remix-lyrics,https://api.genius.com/search?q=the%20beach%20boys%20little%20saint%20nick
Wonderful Christmastime,Paul McCartney,https://genius.com/Paul-mccartney-wonderful-christmastime-lyrics,https://api.genius.com/search?q=paul%20mccartney%20wonderful%20christmastime
Happy Holiday / The Holiday Season,Andy Williams,https://genius.com/Andy-williams-happy-holiday-the-holiday-season-lyrics,https://api.genius.com/search?q=andy%20williams%20happy%20holiday%20/%20the%20holiday%20season
Christmas Time Is Here,Vince Guaraldi Trio,https://genius.com/Vince-guaraldi-trio-christmas-time-is-here-lyrics,https://api.genius.com/search?q=vince%20guaraldi%20trio%20christmastime%20is%20here
Please Please Please,Sabrina Carpenter,https://genius.com/Sabrina-carpenter-please-please-please-lyrics,https://api.genius.com/search?q=sabrina%20carpenter%20please%20please%20please
I Am Not Okay,Jelly Roll,https://genius.com/Jelly-roll-i-am-not-okay-lyrics,https://api.genius.com/search?q=jelly%20roll%20i%20am%20not%20okay
Sailor Song,Gigi Perez,https://genius.com/Gigi-perez-sailor-song-lyrics,https://api.genius.com/search?q=gigi%20perez%20sailor%20song
hey now,Kendrick Lamar,https://genius.com/Kendrick-lamar-hey-now-lyrics,https://api.genius.com/search?q=kendrick%20lamar%20hey%20now
High Road,Koe Wetzel,https://genius.com/Koe-wetzel-and-jessie-murph-high-road-lyrics,https://api.genius.com/search?q=koe%20wetzel%20and%20jessie%20murph%20high%20road
wacced out murals,Kendrick Lamar,https://genius.com/Kendrick-lamar-wacced-out-murals-lyrics,https://api.genius.com/search?q=kendrick%20lamar%20wacced%20out%20murals
Defying Gravity,Cynthia Erivo,https://genius.com/Cynthia-erivo-defying-gravity-lyrics,https://api.genius.com/search?q=cynthia%20erivo%20defying%20gravity
Bed Chem,Sabrina Carpenter,https://genius.com/Sabrina-carpenter-bed-chem-lyrics,https://api.genius.com/search?q=sabrina%20carpenter%20bed%20chem
dodger blue,Kendrick Lamar,https://genius.com/Kendrick-lamar-dodger-blue-lyrics,https://api.genius.com/search?q=kendrick%20lamar%20dodger%20blue
Like Him,"Tyler, The Creator",https://genius.com/Tyler-the-creator-like-him-lyrics,"https://api.genius.com/search?q=tyler,%20the%20creator%20like%20him"
Empty Out Your Pockets,Juice WRLD,https://genius.com/Juice-wrld-empty-out-your-pockets-lyrics,https://api.genius.com/search?q=juice%20wrld%20empty%20out%20your%20pockets
peekaboo,Kendrick Lamar,https://genius.com/Kendrick-lamar-peekaboo-lyrics,https://api.genius.com/search?q=kendrick%20lamar%20peekaboo
Wind Up Missin’ You,Tucker Wetmore,https://genius.com/Tucker-wetmore-wind-up-missin-you-lyrics,https://api.genius.com/search?q=tucker%20wetmore%20wind%20up%20missin'%20you
Sencillos del Mes de Septiembre 2024,Genius en Español,https://genius.com/Genius-en-espanol-sencillos-del-mes-de-septiembre-2024-annotated,https://api.genius.com/search?q=oscar%20maydon%20and%20fuerza%20regida%20tu%20boda
No One Noticed,The Marías,https://genius.com/The-marias-no-one-noticed-lyrics,https://api.genius.com/search?q=the%20marias%20no%20one%20noticed
Messy,Lola Young,https://genius.com/Lola-young-messy-lyrics,https://api.genius.com/search?q=lola%20young%20messy
"I Love You, I’m Sorry",Gracie Abrams,https://genius.com/Gracie-abrams-i-love-you-im-sorry-lyrics,"https://api.genius.com/search?q=gracie%20abrams%20i%20love%20you,%20i'm%20sorry"
Bad Bunny - EL CLúB (English Translation),Genius English Translations,https://genius.com/Genius-english-translations-bad-bunny-el-club-english-translation-lyrics,https://api.genius.com/search?q=bad%20bunny%20el%20club
Rauw Alejandro & Bad Bunny - Qué Pasaría... (Deutsche Übersetzung),Genius Deutsche Übersetzungen,https://genius.com/Genius-deutsche-ubersetzungen-rauw-alejandro-and-bad-bunny-que-pasaria-deutsche-ubersetzung-lyrics,https://api.genius.com/search?q=rauw%20alejandro%20and%20bad%20bunny%20que%20pasaria...
reincarnated,Kendrick Lamar,https://genius.com/Kendrick-lamar-reincarnated-lyrics,https://api.genius.com/search?q=kendrick%20lamar%20reincarnated
Popular,Ariana Grande,https://genius.com/Ariana-grande-popular-lyrics,https://api.genius.com/search?q=ariana%20grande%20popular
Pink Pony Club,Chappell Roan,https://genius.com/Chappell-roan-pink-pony-club-lyrics,https://api.genius.com/search?q=chappell%20roan%20pink%20pony%20club
It’s ok I’m ok,Tate McRae,https://genius.com/Tate-mcrae-its-ok-im-ok-lyrics,https://api.genius.com/search?q=tate%20mcrae%20it's%20ok%20i'm%20ok
heart pt. 6,Kendrick Lamar,https://genius.com/Kendrick-lamar-heart-pt-6-lyrics,https://api.genius.com/search?q=kendrick%20lamar%20heart%20pt.%206
I Never Lie,Zach Top,https://genius.com/Zach-top-i-never-lie-lyrics,https://api.genius.com/search?q=zach%20top%20i%20never%20lie
man at the garden,Kendrick Lamar,https://genius.com/Kendrick-lamar-man-at-the-garden-lyrics,https://api.genius.com/search?q=kendrick%20lamar%20man%20at%20the%20garden
Ariana Grande & Cynthia Erivo - What Is This Feeling? (แปลภาษาไทย),Genius Thai Translations (คำแปลภาษาไทย),https://genius.com/Genius-thai-translations-ariana-grande-and-cynthia-erivo-what-is-this-feeling-lyrics,https://api.genius.com/search?q=ariana%20grande%20and%20cynthia%20erivo%20what%20is%20this%20feeling?
Kendrick Lamar & SZA - gloria (Traducción al Español),Genius Traducciones al Español,https://genius.com/Genius-traducciones-al-espanol-kendrick-lamar-and-sza-gloria-traduccion-al-espanol-lyrics,https://api.genius.com/search?q=kendrick%20lamar%20and%20sza%20gloria
Dancing In The Flames,The Weeknd,https://genius.com/The-weeknd-dancing-in-the-flames-lyrics,https://api.genius.com/search?q=the%20weeknd%20dancing%20in%20the%20flames
Liar,Jelly Roll,https://genius.com/Jelly-roll-liar-lyrics,https://api.genius.com/search?q=jelly%20roll%20liar
Christmas Magic,Laufey,https://genius.com/Laufey-christmas-magic-lyrics,https://api.genius.com/search?q=laufey%20christmas%20magic
I’m Gonna Love You,Cody Johnson,https://genius.com/Cody-johnson-and-carrie-underwood-im-gonna-love-you-lyrics,https://api.genius.com/search?q=cody%20johnson%20and%20carrie%20underwood%20i'm%20gonna%20love%20you
Help Me,Real Boston Richey,https://genius.com/Real-boston-richey-help-me-lyrics,https://api.genius.com/search?q=real%20boston%20richey%20help%20me
Gang Baby,NLE Choppa,https://genius.com/Nle-choppa-gang-baby-lyrics,https://api.genius.com/search?q=nle%20choppa%20gang%20baby
Heart Of A Woman,Summer Walker,https://genius.com/Summer-walker-heart-of-a-woman-lyrics,https://api.genius.com/search?q=summer%20walker%20heart%20of%20a%20woman
Residuals,Chris Brown,https://genius.com/Chris-brown-residuals-lyrics,https://api.genius.com/search?q=chris%20brown%20residuals
Good News,Shaboozey,https://genius.com/Shaboozey-good-news-lyrics,https://api.genius.com/search?q=shaboozey%20good%20news
Tito Double P & Peso Pluma - DOS DÍAS (English Translation),Genius English Translations,https://genius.com/Genius-english-translations-tito-double-p-and-peso-pluma-dos-dias-english-translation-lyrics,https://api.genius.com/search?q=tito%20double%20p%20and%20peso%20pluma%20dos%20dias
ROSONES,Tito Double P,https://genius.com/Tito-double-p-rosones-lyrics,https://api.genius.com/search?q=tito%20double%20p%20rosones
4x4xU,Lainey Wilson,https://genius.com/Lainey-wilson-4x4xu-lyrics,https://api.genius.com/search?q=lainey%20wilson%204x4xu
Rauw Alejandro & Romeo Santos - Khé? (Deutsche Übersetzung),Genius Deutsche Übersetzungen,https://genius.com/Genius-deutsche-ubersetzungen-rauw-alejandro-and-romeo-santos-khe-deutsche-ubersetzung-lyrics,https://api.genius.com/search?q=rauw%20alejandro%20and%20romeo%20santos%20khe?
toxic till the end,ROSÉ,https://genius.com/Rose-toxic-till-the-end-lyrics,https://api.genius.com/search?q=rose%20toxic%20till%20the%20end
Burning Down,Alex Warren,https://genius.com/Alex-warren-burning-down-lyrics,https://api.genius.com/search?q=alex%20warren%20burning%20down
No Pole,Don Toliver,https://genius.com/Don-toliver-no-pole-lyrics,https://api.genius.com/search?q=don%20toliver%20no%20pole
V & Bing Crosby-White Christmas ( Traducción al  Español),Genius Traducciones al Español,https://genius.com/Genius-traducciones-al-espanol-v-and-bing-crosby-white-christmas-traduccion-al-espanol-lyrics,https://api.genius.com/search?q=v%20and%20bing%20crosby%20white%20christmas
Think I’m In Love With You,Chris Stapleton,https://genius.com/Chris-stapleton-think-im-in-love-with-you-lyrics,https://api.genius.com/search?q=chris%20stapleton%20think%20i'm%20in%20love%20with%20you
St. Chroma,"Tyler, The Creator",https://genius.com/Tyler-the-creator-st-chroma-lyrics,"https://api.genius.com/search?q=tyler,%20the%20creator%20st.%20chroma"
gnx,Kendrick Lamar,https://genius.com/Kendrick-lamar-gnx-lyrics,https://api.genius.com/search?q=kendrick%20lamar%20gnx
25,Rod Wave,https://genius.com/Rod-wave-25-lyrics,https://api.genius.com/search?q=rod%20wave%2025
Indigo,Sam Barber,https://genius.com/Sam-barber-indigo-lyrics,https://api.genius.com/search?q=sam%20barber%20indigo
Jingle Bells,Meghan Trainor,https://genius.com/Meghan-trainor-jingle-bells-lyrics,https://api.genius.com/search?q=meghan%20trainor%20jingle%20bells
Close To You,Gracie Abrams,https://genius.com/Gracie-abrams-close-to-you-lyrics,https://api.genius.com/search?q=gracie%20abrams%20close%20to%20you
,,,https://api.genius.com/search?q=gene%20autry%20and%20the%20pinafores%20rudolph%20the%20red-nosed%20reindeer
Please Come Home for Christmas,Eagles,https://genius.com/Eagles-please-come-home-for-christmas-lyrics,https://api.genius.com/search?q=eagles%20please%20come%20home%20for%20christmas
Like It’s Christmas,Jonas Brothers,https://genius.com/Jonas-brothers-like-its-christmas-lyrics,https://api.genius.com/search?q=jonas%20brothers%20like%20it's%20christmas
Guy For That,Post Malone,https://genius.com/Post-malone-guy-for-that-lyrics,https://api.genius.com/search?q=post%20malone%20guy%20for%20that
Diet Pepsi,Addison Rae,https://genius.com/Addison-rae-diet-pepsi-lyrics,https://api.genius.com/search?q=addison%20rae%20diet%20pepsi
Disease,Lady Gaga,https://genius.com/Lady-gaga-disease-lyrics,https://api.genius.com/search?q=lady%20gaga%20disease
Shake Dat Ass (Twerk Song),BossMan Dlow,https://genius.com/Bossman-dlow-shake-dat-ass-twerk-song-lyrics,https://api.genius.com/search?q=bossman%20dlow%20shake%20dat%20ass
This Christmas,Donny Hathaway,https://genius.com/Donny-hathaway-this-christmas-lyrics,https://api.genius.com/search?q=donny%20hathaway%20this%20christmas
"Baby, It’s Cold Outside",Dean Martin,https://genius.com/Dean-martin-baby-its-cold-outside-lyrics,https://api.genius.com/search?q=dean%20martin%20baby%20it's%20cold%20outside
Holly Jolly Christmas,Michael Bublé,https://genius.com/Michael-buble-holly-jolly-christmas-lyrics,https://api.genius.com/search?q=michael%20buble%20holly%20jolly%20christmas
Ed Sheeran & Elton John - Merry Christmas (Deutsche Übersetzung),Genius Deutsche Übersetzungen,https://genius.com/Genius-deutsche-ubersetzungen-ed-sheeran-and-elton-john-merry-christmas-deutsche-ubersetzung-lyrics,https://api.genius.com/search?q=ed%20sheeran%20and%20elton%20john%20merry%20christmas
"You’re a Mean One, Mr. Grinch",Thurl Ravenscroft,https://genius.com/Thurl-ravenscroft-youre-a-mean-one-mr-grinch-lyrics,"https://api.genius.com/search?q=thurl%20ravenscroft%20you're%20a%20mean%20one,%20mr.%20grinch"
Mistletoe,Justin Bieber,https://genius.com/Justin-bieber-mistletoe-lyrics,https://api.genius.com/search?q=justin%20bieber%20mistletoe
Snowman,Sia,https://genius.com/Sia-snowman-lyrics,https://api.genius.com/search?q=sia%20snowman
30 For 30,SZA,https://genius.com/Sza-and-kendrick-lamar-30-for-30-lyrics,https://api.genius.com/search?q=sza%20with%20kendrick%20lamar%2030%20for%2030
Winter Wonderland,Darlene Love,https://genius.com/Darlene-love-winter-wonderland-lyrics,https://api.genius.com/search?q=darlene%20love%20winter%20wonderland
You Make It Feel Like Christmas,Gwen Stefani,https://genius.com/Gwen-stefani-and-blake-shelton-you-make-it-feel-like-christmas-lyrics,https://api.genius.com/search?q=gwen%20stefani%20you%20make%20it%20feel%20like%20christmas
BMF,SZA,https://genius.com/Sza-bmf-lyrics,https://api.genius.com/search?q=sza%20bmf
Drive,SZA,https://genius.com/Sza-drive-lyrics,https://api.genius.com/search?q=sza%20drive
Diamond Boy (DTM),SZA,https://genius.com/Sza-diamond-boy-dtm-lyrics,https://api.genius.com/search?q=sza%20diamond%20boy
Scorsese Baby Daddy,SZA,https://genius.com/Sza-scorsese-baby-daddy-lyrics,https://api.genius.com/search?q=sza%20scorsese%20baby%20daddy
What Do I Do,SZA,https://genius.com/Sza-what-do-i-do-lyrics,https://api.genius.com/search?q=sza%20what%20do%20i%20do
No More Hiding,SZA,https://genius.com/Sza-no-more-hiding-lyrics,https://api.genius.com/search?q=sza%20no%20more%20hiding
Crybaby,SZA,https://genius.com/Sza-crybaby-lyrics,https://api.genius.com/search?q=sza%20crybaby
Kitchen,SZA,https://genius.com/Sza-kitchen-lyrics,https://api.genius.com/search?q=sza%20kitchen
Another Life,SZA,https://genius.com/Sza-another-life-lyrics,https://api.genius.com/search?q=sza%20another%20life
Run Rudolph Run - Spotify Singles Holiday,Mark Ambor,https://genius.com/Mark-ambor-run-rudolph-run-spotify-singles-holiday-lyrics,https://api.genius.com/search?q=mark%20ambor%20run%20rudolph%20run
Love Me 4 Me,SZA,https://genius.com/Sza-love-me-4-me-lyrics,https://api.genius.com/search?q=sza%20love%20me%204%20me
Chill Baby,SZA,https://genius.com/Sza-chill-baby-lyrics,https://api.genius.com/search?q=sza%20chill%20baby
My Turn,SZA,https://genius.com/Sza-my-turn-lyrics,https://api.genius.com/search?q=sza%20my%20turn
Holiday Road,Kesha,https://genius.com/Kesha-holiday-road-lyrics,https://api.genius.com/search?q=kesha%20holiday%20road
Santa Baby,Laufey,https://genius.com/Laufey-santa-baby-lyrics,https://api.genius.com/search?q=laufey%20santa%20baby
Smile,Morgan Wallen,https://genius.com/Morgan-wallen-smile-lyrics,https://api.genius.com/search?q=morgan%20wallen%20smile
MILLION DOLLAR BABY,Tommy Richman,https://genius.com/Tommy-richman-million-dollar-baby-lyrics,https://api.genius.com/search?q=tommy%20richman%20million%20dollar%20baby
Lies Lies Lies (Abbey Road Sessions),Morgan Wallen,https://genius.com/Morgan-wallen-lies-lies-lies-abbey-road-sessions-lyrics,https://api.genius.com/search?q=morgan%20wallen%20lies%20lies%20lies
WILDFLOWER,Billie Eilish,https://genius.com/Billie-eilish-wildflower-lyrics,https://api.genius.com/search?q=billie%20eilish%20wildflower
Neton Vega - Loco (English Translation),Genius English Translations,https://genius.com/Genius-english-translations-neton-vega-loco-english-translation-lyrics,https://api.genius.com/search?q=neton%20vega%20loco
Am I Okay?,Megan Moroney,https://genius.com/Megan-moroney-am-i-okay-lyrics,https://api.genius.com/search?q=megan%20moroney%20am%20i%20okay?
I Ain’t Sayin’,Jordan Davis,https://genius.com/Jordan-davis-i-aint-sayin-lyrics,https://api.genius.com/search?q=jordan%20davis%20i%20ain't%20sayin'
Bad Dreams,Teddy Swims,https://genius.com/Teddy-swims-bad-dreams-lyrics,https://api.genius.com/search?q=teddy%20swims%20bad%20dreams
Apple,Charli xcx,https://genius.com/Charli-xcx-apple-lyrics,https://api.genius.com/search?q=charli%20xcx%20apple
New Music Friday 10/27/23,Spotify,https://genius.com/Spotify-new-music-friday-10-27-23-annotated,https://api.genius.com/search?q=dylan%20marlowe%20and%20dylan%20scott%20boys%20back%20home
Brokey,Latto,https://genius.com/Latto-brokey-lyrics,https://api.genius.com/search?q=latto%20brokey
Juno,Sabrina Carpenter,https://genius.com/Sabrina-carpenter-juno-lyrics,https://api.genius.com/search?q=sabrina%20carpenter%20juno
NADIE,Tito Double P,https://genius.com/Tito-double-p-nadie-lyrics,https://api.genius.com/search?q=tito%20double%20p%20nadie
Bad Bunny - PIToRRO DE COCO (English Translation),Genius English Translations,https://genius.com/Genius-english-translations-bad-bunny-pitorro-de-coco-english-translation-lyrics,https://api.genius.com/search?q=bad%20bunny%20pitorro%20de%20coco
The Largest,BigXthaPlug,https://genius.com/Bigxthaplug-the-largest-lyrics,https://api.genius.com/search?q=bigxthaplug%20the%20largest
Wondering Why,The Red Clay Strays,https://genius.com/The-red-clay-strays-wondering-why-lyrics,https://api.genius.com/search?q=the%20red%20clay%20strays%20wondering%20why
Ends of the Earth,Ty Myers,https://genius.com/Ty-myers-ends-of-the-earth-lyrics,https://api.genius.com/search?q=ty%20myers%20ends%20of%20the%20earth
Holy Smokes,Bailey Zimmerman,https://genius.com/Bailey-zimmerman-holy-smokes-lyrics,https://api.genius.com/search?q=bailey%20zimmerman%20holy%20smokes
High Road,Zach Bryan,https://genius.com/Zach-bryan-high-road-lyrics,https://api.genius.com/search?q=zach%20bryan%20high%20road
on one tonight,Gunna,https://genius.com/Gunna-on-one-tonight-lyrics,https://api.genius.com/search?q=gunna%20on%20one%20tonight
Cowboy Songs,George Birge,https://genius.com/George-birge-cowboy-songs-lyrics,https://api.genius.com/search?q=george%20birge%20cowboy%20songs
"Lil Baby, Young Thug & Future - Dum, Dumb and Dumber (Tradução em Português)",Genius Brasil Traduções,https://genius.com/Genius-brasil-traducoes-lil-baby-young-thug-and-future-dum-dumb-and-dumber-traducao-em-portugues-lyrics,"https://api.genius.com/search?q=lil%20baby,%20young%20thug%20and%20future%20dum,%20dumb,%20and%20dumber"
NUEVAYoL,Bad Bunny,https://genius.com/Bad-bunny-nuevayol-lyrics,https://api.genius.com/search?q=bad%20bunny%20nuevayol
Bad Bunny - BAILE INoLVIDABLE (English Translation),Genius English Translations,https://genius.com/Genius-english-translations-bad-bunny-baile-inolvidable-english-translation-lyrics,https://api.genius.com/search?q=bad%20bunny%20baile%20inolvidable
Tweaker,GELO,https://genius.com/Gelo-tweaker-lyrics,https://api.genius.com/search?q=gelo%20tweaker
Bad Bunny - VOY A LLeVARTE PA PR (English Translation),Genius English Translations,https://genius.com/Genius-english-translations-bad-bunny-voy-a-llevarte-pa-pr-english-translation-lyrics,https://api.genius.com/search?q=bad%20bunny%20voy%20a%20llevarte%20pa%20pr
Bad Bunny - DtMF (English Translation),Genius English Translations,https://genius.com/Genius-english-translations-bad-bunny-dtmf-english-translation-lyrics,https://api.genius.com/search?q=bad%20bunny%20dtmf
"Bad Bunny, Omar Courtz & Dei V - VeLDÁ (Deutsche Übersetzung)",Genius Deutsche Übersetzungen,https://genius.com/Genius-deutsche-ubersetzungen-bad-bunny-omar-courtz-and-dei-v-velda-deutsche-ubersetzung-lyrics,"https://api.genius.com/search?q=bad%20bunny,%20omar%20courtz%20and%20dei%20v%20velda"
By Myself,Lil Baby,https://genius.com/Lil-baby-and-rylo-rodriguez-by-myself-lyrics,https://api.genius.com/search?q=lil%20baby%20and%20rylo%20rodriguez%20by%20myself
Bad Bunny & RaiNao - PERFuMITO NUEVO (Traduction française),Genius traductions françaises,https://genius.com/Genius-traductions-francaises-bad-bunny-and-rainao-perfumito-nuevo-traduction-francaise-lyrics,https://api.genius.com/search?q=bad%20bunny%20and%20rainao%20perfumito%20nuevo
Lil Baby & 21 Savage - Outfit (Tradução em Português),Genius Brasil Traduções,https://genius.com/Genius-brasil-traducoes-lil-baby-and-21-savage-outfit-traducao-em-portugues-lyrics,https://api.genius.com/search?q=lil%20baby%20and%2021%20savage%20outfit
Stuff,Lil Baby,https://genius.com/Lil-baby-stuff-lyrics,https://api.genius.com/search?q=lil%20baby%20stuff
Bad Bunny & Chuwi - WELTiTA (Deutsche Übersetzung),Genius Deutsche Übersetzungen,https://genius.com/Genius-deutsche-ubersetzungen-bad-bunny-and-chuwi-weltita-deutsche-ubersetzung-lyrics,https://api.genius.com/search?q=bad%20bunny%20and%20chuwi%20weltita
Redbone,Lil Baby,https://genius.com/Lil-baby-and-glorilla-redbone-lyrics,https://api.genius.com/search?q=lil%20baby%20and%20glorilla%20redbone
Bad Bunny - EoO (English Translation),Genius English Translations,https://genius.com/Genius-english-translations-bad-bunny-eoo-english-translation-lyrics,https://api.genius.com/search?q=bad%20bunny%20eoo
F U 2x,Lil Baby,https://genius.com/Lil-baby-f-u-2x-lyrics,https://api.genius.com/search?q=lil%20baby%20f%20u%202x
KETU TeCRÉ,Bad Bunny,https://genius.com/Bad-bunny-ketu-tecre-lyrics,https://api.genius.com/search?q=bad%20bunny%20ketu%20tecre
Listen Up,Lil Baby,https://genius.com/Lil-baby-listen-up-lyrics,https://api.genius.com/search?q=lil%20baby%20listen%20up
Bad Bunny - KLOuFRENS (English Translation),Genius English Translations,https://genius.com/Genius-english-translations-bad-bunny-kloufrens-english-translation-lyrics,https://api.genius.com/search?q=bad%20bunny%20kloufrens
BOKeTE,Bad Bunny,https://genius.com/Bad-bunny-bokete-lyrics,https://api.genius.com/search?q=bad%20bunny%20bokete
I Promise,Lil Baby,https://genius.com/Lil-baby-i-promise-lyrics,https://api.genius.com/search?q=lil%20baby%20i%20promise
Due 4A Win,Lil Baby,https://genius.com/Lil-baby-due-4a-win-lyrics,https://api.genius.com/search?q=lil%20baby%20due%204a%20win
So Sorry,Lil Baby,https://genius.com/Lil-baby-so-sorry-lyrics,https://api.genius.com/search?q=lil%20baby%20so%20sorry
DENIAL IS A RIVER,Doechii,https://genius.com/Doechii-denial-is-a-river-lyrics,https://api.genius.com/search?q=doechii%20denial%20is%20a%20river
Bad Bunny - TURiSTA (English Translation),Genius English Translations,https://genius.com/Genius-english-translations-bad-bunny-turista-english-translation-lyrics,https://api.genius.com/search?q=bad%20bunny%20turista
Bad Bunny & Los Pleneros de la Cresta - CAFé CON RON (Deutsche Übersetzung),Genius Deutsche Übersetzungen,https://genius.com/Genius-deutsche-ubersetzungen-bad-bunny-and-los-pleneros-de-la-cresta-cafe-con-ron-deutsche-ubersetzung-lyrics,https://api.genius.com/search?q=bad%20bunny%20and%20los%20pleneros%20de%20la%20cresta%20cafe%20con%20ron
Stiff Gang,Lil Baby,https://genius.com/Lil-baby-stiff-gang-lyrics,https://api.genius.com/search?q=lil%20baby%20stiff%20gang
LO QUE LE PASÓ A HAWAii,Bad Bunny,https://genius.com/Bad-bunny-lo-que-le-paso-a-hawaii-lyrics,https://api.genius.com/search?q=bad%20bunny%20lo%20que%20le%20paso%20a%20hawaii
Bad Bunny - LA MuDANZA (English Translation),Genius English Translations,https://genius.com/Genius-english-translations-bad-bunny-la-mudanza-english-translation-lyrics,https://api.genius.com/search?q=bad%20bunny%20la%20mudanza
Free Promo,Lil Baby,https://genius.com/Lil-baby-free-promo-lyrics,https://api.genius.com/search?q=lil%20baby%20free%20promo
Teddy Swims & GIVĒON - Are You Even Real (Український переклад),Genius Ukrainian Translations (Українські переклади),https://genius.com/Genius-ukrainian-translations-teddy-swims-and-giveon-are-you-even-real-lyrics,https://api.genius.com/search?q=teddy%20swims%20and%20giveon%20are%20you%20even%20real
Bigger Houses,Dan + Shay,https://genius.com/Dan-shay-bigger-houses-lyrics,https://api.genius.com/search?q=dan%20+%20shay%20bigger%20houses
The Days,CHRYSTAL,https://genius.com/Chrystal-the-days-lyrics,https://api.genius.com/search?q=chrystal%20the%20days
October 2024 Singles Release Calendar,Genius,https://genius.com/Genius-october-2024-singles-release-calendar-annotated,"https://api.genius.com/search?q=david%20guetta,%20alphaville%20and%20ava%20max%20forever%20young"
Headlock,Imogen Heap,https://genius.com/Imogen-heap-headlock-lyrics,https://api.genius.com/search?q=imogen%20heap%20headlock
Funny Papers,Mac Miller,https://genius.com/Mac-miller-funny-papers-lyrics,https://api.genius.com/search?q=mac%20miller%20funny%20papers
5 Dollar Pony Rides,Mac Miller,https://genius.com/Mac-miller-5-dollar-pony-rides-lyrics,https://api.genius.com/search?q=mac%20miller%205%20dollar%20pony%20rides
PUSH 2 START,Tyla,https://genius.com/Tyla-push-2-start-lyrics,https://api.genius.com/search?q=tyla%20push%202%20start
GBP,Central Cee,https://genius.com/Central-cee-gbp-lyrics,https://api.genius.com/search?q=central%20cee%20gbp
DJ’s Chord Organ,Mac Miller,https://genius.com/Mac-miller-djs-chord-organ-lyrics,https://api.genius.com/search?q=mac%20miller%20dj's%20chord%20organ
Stoned,Mac Miller,https://genius.com/Mac-miller-stoned-lyrics,https://api.genius.com/search?q=mac%20miller%20stoned
4X4,Travis Scott,https://genius.com/Travis-scott-4x4-lyrics,https://api.genius.com/search?q=travis%20scott%204x4
"Sexyy Red & Bruno Mars - Fat, Juicy and Wet (Traduzione italiana)",Genius Traduzioni Italiane,https://genius.com/Genius-traduzioni-italiane-sexyy-red-and-bruno-mars-fat-juicy-and-wet-traduzione-italiana-lyrics,https://api.genius.com/search?q=sexyy%20red%20and%20bruno%20mars%20fat%20juicy%20and%20wet
Sports car,Tate McRae,https://genius.com/Tate-mcrae-sports-car-lyrics,https://api.genius.com/search?q=tate%20mcrae%20sports%20car
May 2024 Singles Release Calendar,Genius,https://genius.com/Genius-may-2024-singles-release-calendar-annotated,https://api.genius.com/search?q=kane%20brown%20with%20jelly%20roll%20haunted
Blue Jean Baby,Zach Bryan,https://genius.com/Zach-bryan-blue-jean-baby-lyrics,https://api.genius.com/search?q=zach%20bryan%20blue%20jean%20baby
Backseat Driver,Kane Brown,https://genius.com/Kane-brown-backseat-driver-lyrics,https://api.genius.com/search?q=kane%20brown%20backseat%20driver
weren’t for the wind,Ella Langley,https://genius.com/Ella-langley-werent-for-the-wind-lyrics,https://api.genius.com/search?q=ella%20langley%20weren't%20for%20the%20wind
Fuerza Regida & Grupo Frontera - ME JALO (Deutsche Übersetzung),Genius Deutsche Übersetzungen,https://genius.com/Genius-deutsche-ubersetzungen-fuerza-regida-and-grupo-frontera-me-jalo-deutsche-ubersetzung-lyrics,https://api.genius.com/search?q=fuerza%20regida%20and%20grupo%20frontera%20me%20jalo
MUTT,Leon Thomas,https://genius.com/Leon-thomas-mutt-lyrics,https://api.genius.com/search?q=leon%20thomas%20mutt
I’m The Problem,Morgan Wallen,https://genius.com/Morgan-wallen-im-the-problem-lyrics,https://api.genius.com/search?q=morgan%20wallen%20i'm%20the%20problem
Cry For Me,The Weeknd,https://genius.com/The-weeknd-cry-for-me-lyrics,https://api.genius.com/search?q=the%20weeknd%20cry%20for%20me
Abracadabra,Lady Gaga,https://genius.com/Lady-gaga-abracadabra-lyrics,https://api.genius.com/search?q=lady%20gaga%20abracadabra
Again,Fetty Wap,https://genius.com/Fetty-wap-again-lyrics,https://api.genius.com/search?q=fetty%20wap%20again
The Weeknd & Anitta - São Paulo (Türkçe Çeviri),Genius Türkçe Çeviriler,https://genius.com/Genius-turkce-ceviriler-the-weeknd-and-anitta-sao-paulo-turkce-ceviri-lyrics,https://api.genius.com/search?q=the%20weeknd%20and%20anitta%20sao%20paulo
The Weeknd & Justice - Wake Me Up (Traducción al Español),Genius Traducciones al Español,https://genius.com/Genius-traducciones-al-espanol-the-weeknd-and-justice-wake-me-up-traduccion-al-espanol-lyrics,https://api.genius.com/search?q=the%20weeknd%20and%20justice%20wake%20me%20up
Baptized In Fear,The Weeknd,https://genius.com/The-weeknd-baptized-in-fear-lyrics,https://api.genius.com/search?q=the%20weeknd%20baptized%20in%20fear
Open Hearts,The Weeknd,https://genius.com/The-weeknd-open-hearts-lyrics,https://api.genius.com/search?q=the%20weeknd%20open%20hearts
"The Weeknd, Travis Scott & Florence + the Machine - Reflections Laughing (Traducción al Español)",Genius Traducciones al Español,https://genius.com/Genius-traducciones-al-espanol-the-weeknd-travis-scott-and-florence-the-machine-reflections-laughing-traduccion-al-espanol-lyrics,"https://api.genius.com/search?q=the%20weeknd,%20travis%20scott%20and%20florence%20+%20the%20machine%20reflections%20laughing"
The Weeknd & Future - Enjoy The Show (Traducción al Español),Genius Traducciones al Español,https://genius.com/Genius-traducciones-al-espanol-the-weeknd-and-future-enjoy-the-show-traduccion-al-espanol-lyrics,https://api.genius.com/search?q=the%20weeknd%20and%20future%20enjoy%20the%20show
Niagara Falls,The Weeknd,https://genius.com/The-weeknd-niagara-falls-lyrics,https://api.genius.com/search?q=the%20weeknd%20niagara%20falls
The Weeknd & Lana Del Rey - The Abyss (Traducción al Español),Genius Traducciones al Español,https://genius.com/Genius-traducciones-al-espanol-the-weeknd-and-lana-del-rey-the-abyss-traduccion-al-espanol-lyrics,https://api.genius.com/search?q=the%20weeknd%20and%20lana%20del%20rey%20the%20abyss
Take Me Back to LA,The Weeknd,https://genius.com/The-weeknd-take-me-back-to-la-lyrics,https://api.genius.com/search?q=the%20weeknd%20take%20me%20back%20to%20la
Given Up On Me,The Weeknd,https://genius.com/The-weeknd-given-up-on-me-lyrics,https://api.genius.com/search?q=the%20weeknd%20given%20up%20on%20me
Opening Night,The Weeknd,https://genius.com/The-weeknd-opening-night-lyrics,https://api.genius.com/search?q=the%20weeknd%20opening%20night
I Can’t Wait To Get There,The Weeknd,https://genius.com/The-weeknd-i-cant-wait-to-get-there-lyrics,https://api.genius.com/search?q=the%20weeknd%20i%20can't%20wait%20to%20get%20there
Gabito Ballesteros & Tito Double P - 7 Días (English Translation),Genius English Translations,https://genius.com/Genius-english-translations-gabito-ballesteros-and-tito-double-p-7-dias-english-translation-lyrics,https://api.genius.com/search?q=gabito%20ballesteros%20and%20tito%20double%20p%207%20dias
NISSAN ALTIMA,Doechii,https://genius.com/Doechii-nissan-altima-lyrics,https://api.genius.com/search?q=doechii%20nissan%20altima
JENNIE & Dominic Fike - Love Hangover (Русский перевод),Genius Russian Translations (Русский перевод),https://genius.com/Genius-russian-translations-jennie-and-dominic-fike-love-hangover-lyrics,https://api.genius.com/search?q=jennie%20and%20dominic%20fike%20love%20hangover
Worst Way,Riley Green,https://genius.com/Riley-green-worst-way-lyrics,https://api.genius.com/search?q=riley%20green%20worst%20way
“Songs Taylor Loves” Playlist,Taylor Swift,https://genius.com/Taylor-swift-songs-taylor-loves-playlist-annotated,https://api.genius.com/search?q=kendrick%20lamar%20and%20sza%20all%20the%20stars
HUMBLE.,Kendrick Lamar,https://genius.com/Kendrick-lamar-humble-lyrics,https://api.genius.com/search?q=kendrick%20lamar%20humble.
"Future, Metro Boomin & Kendrick Lamar - Like That (Русский перевод)",Genius Russian Translations (Русский перевод),https://genius.com/Genius-russian-translations-future-metro-boomin-and-kendrick-lamar-like-that-lyrics,"https://api.genius.com/search?q=future,%20metro%20boomin%20and%20kendrick%20lamar%20like%20that"
TWENTIES,GIVĒON,https://genius.com/Giveon-twenties-lyrics,https://api.genius.com/search?q=giveon%20twenties
Ordinary,Alex Warren,https://genius.com/Alex-warren-ordinary-lyrics,https://api.genius.com/search?q=alex%20warren%20ordinary
November 2024 Singles Release Calendar,Genius,https://genius.com/Genius-november-2024-singles-release-calendar-annotated,https://api.genius.com/search?q=brandon%20lake%20x%20jelly%20roll%20hard%20fought%20hallelujah
Born Again,LISA,https://genius.com/Lisa-born-again-lyrics,https://api.genius.com/search?q=lisa%20born%20again
euphoria,Kendrick Lamar,https://genius.com/Kendrick-lamar-euphoria-lyrics,https://api.genius.com/search?q=kendrick%20lamar%20euphoria
Guess featuring billie eilish,Charli xcx,https://genius.com/Charli-xcx-and-billie-eilish-guess-featuring-billie-eilish-lyrics,https://api.genius.com/search?q=charli%20xcx%20guess
THE GREATEST,Billie Eilish,https://genius.com/Billie-eilish-the-greatest-lyrics,https://api.genius.com/search?q=billie%20eilish%20the%20greatest
GIMME A HUG,Drake,https://genius.com/Drake-gimme-a-hug-lyrics,https://api.genius.com/search?q=drake%20gimme%20a%20hug
NOKIA,Drake,https://genius.com/Drake-nokia-lyrics,https://api.genius.com/search?q=drake%20nokia
PARTYNEXTDOOR & Drake - CN TOWER (Tradução Em Português),Genius Brasil Traduções,https://genius.com/Genius-brasil-traducoes-partynextdoor-and-drake-cn-tower-traducao-em-portugues-lyrics,https://api.genius.com/search?q=partynextdoor%20and%20drake%20cn%20tower
"PARTYNEXTDOOR, Drake & Yebba - DIE TRYING (Türkçe Çeviri)",Genius Türkçe Çeviriler,https://genius.com/Genius-turkce-ceviriler-partynextdoor-drake-and-yebba-die-trying-turkce-ceviri-lyrics,"https://api.genius.com/search?q=partynextdoor,%20drake%20and%20yebba%20die%20trying"
PARTYNEXTDOOR & Drake - $OMETHING ABOUT YOU,Genius Arabic Translations (الترجمات العربية),https://genius.com/Genius-arabic-translations-partynextdoor-and-drake-something-about-you-lyrics,https://api.genius.com/search?q=partynextdoor%20and%20drake%20something%20about%20you
Busy Woman,Sabrina Carpenter,https://genius.com/Sabrina-carpenter-busy-woman-lyrics,https://api.genius.com/search?q=sabrina%20carpenter%20busy%20woman
PARTYNEXTDOOR & Drake - MOTH BALLS (Tradução em Português),Genius Brasil Traduções,https://genius.com/Genius-brasil-traducoes-partynextdoor-and-drake-moth-balls-traducao-em-portugues-lyrics,https://api.genius.com/search?q=partynextdoor%20and%20drake%20moth%20balls
"PARTYNEXTDOOR, Drake & Cash Cobain - SOMEBODY LOVES ME PT. 2 (Tradução em Português)",Genius Brasil Traduções,https://genius.com/Genius-brasil-traducoes-partynextdoor-drake-and-cash-cobain-somebody-loves-me-pt-2-traducao-em-portugues-lyrics,"https://api.genius.com/search?q=partynextdoor,%20drake%20and%20cash%20cobain%20somebody%20loves%20me"
DEEPER,PARTYNEXTDOOR,https://genius.com/Partynextdoor-deeper-lyrics,https://api.genius.com/search?q=partynextdoor%20deeper
PARTYNEXTDOOR & Drake - SPIDER-MAN SUPERMAN (Русский перевод),Genius Russian Translations (Русский перевод),https://genius.com/Genius-russian-translations-partynextdoor-and-drake-spider-man-superman-lyrics,https://api.genius.com/search?q=partynextdoor%20and%20drake%20spider-man%20superman
CRYING IN CHANEL,Drake,https://genius.com/Drake-crying-in-chanel-lyrics,https://api.genius.com/search?q=drake%20crying%20in%20chanel
SMALL TOWN FAME,Drake,https://genius.com/Drake-small-town-fame-lyrics,https://api.genius.com/search?q=drake%20small%20town%20fame
RAINING IN HOUSTON,Drake,https://genius.com/Drake-raining-in-houston-lyrics,https://api.genius.com/search?q=drake%20raining%20in%20houston
"Pimmie, PARTYNEXTDOOR & Drake - PIMMIE’S DILEMMA (Tradução em Português)",Genius Brasil Traduções,https://genius.com/Genius-brasil-traducoes-pimmie-partynextdoor-and-drake-pimmies-dilemma-traducao-em-portugues-lyrics,"https://api.genius.com/search?q=pimmie,%20partynextdoor%20and%20drake%20pimmie's%20dilemma"
BRIAN STEEL,Drake,https://genius.com/Drake-brian-steel-lyrics,https://api.genius.com/search?q=drake%20brian%20steel
PARTYNEXTDOOR & Drake - LASERS (Русский перевод),Genius Russian Translations (Русский перевод),https://genius.com/Genius-russian-translations-partynextdoor-and-drake-lasers-lyrics,https://api.genius.com/search?q=partynextdoor%20and%20drake%20lasers
"PARTYNEXTDOOR, Drake & Chino Pacas - MEET YOUR PADRE (Tradução em Português)",Genius Brasil Traduções,https://genius.com/Genius-brasil-traducoes-partynextdoor-drake-and-chino-pacas-meet-your-padre-traducao-em-portugues-lyrics,"https://api.genius.com/search?q=partynextdoor,%20drake%20and%20chino%20pacas%20meet%20your%20padre"
PARTYNEXTDOOR & Drake - CELIBACY (Tradução em Português),Genius Brasil Traduções,https://genius.com/Genius-brasil-traducoes-partynextdoor-and-drake-celibacy-traducao-em-portugues-lyrics,https://api.genius.com/search?q=partynextdoor%20and%20drake%20celibacy
15 Minutes,Sabrina Carpenter,https://genius.com/Sabrina-carpenter-15-minutes-lyrics,https://api.genius.com/search?q=sabrina%20carpenter%2015%20minutes
PARTYNEXTDOOR & Drake - GREEDY (Русский перевод),Genius Russian Translations (Русский перевод),https://genius.com/Genius-russian-translations-partynextdoor-and-drake-greedy-lyrics,https://api.genius.com/search?q=partynextdoor%20and%20drake%20greedy
PARTYNEXTDOOR & Drake - WHEN HE’S GONE (Tradução em Português),Genius Brasil Traduções,https://genius.com/Genius-brasil-traducoes-partynextdoor-and-drake-when-hes-gone-traducao-em-portugues-lyrics,https://api.genius.com/search?q=partynextdoor%20and%20drake%20when%20he's%20gone
PARTYNEXTDOOR & Drake - OMW (Русский перевод),Genius Russian Translations (Русский перевод),https://genius.com/Genius-russian-translations-partynextdoor-and-drake-omw-lyrics,https://api.genius.com/search?q=partynextdoor%20and%20drake%20omw
PARTYNEXTDOOR & Drake - GLORIOUS (Русский перевод),Genius Russian Translations (Русский перевод),https://genius.com/Genius-russian-translations-partynextdoor-and-drake-glorious-lyrics,https://api.genius.com/search?q=partynextdoor%20and%20drake%20glorious
Couldn’t Make It Any Harder,Sabrina Carpenter,https://genius.com/Sabrina-carpenter-couldnt-make-it-any-harder-lyrics,https://api.genius.com/search?q=sabrina%20carpenter%20couldn't%20make%20it%20any%20harder
Por Esos Ojos,Fuerza Regida,https://genius.com/Fuerza-regida-por-esos-ojos-lyrics,https://api.genius.com/search?q=fuerza%20regida%20por%20esos%20ojos
Bad Reviews,Sabrina Carpenter,https://genius.com/Sabrina-carpenter-bad-reviews-lyrics,https://api.genius.com/search?q=sabrina%20carpenter%20bad%20reviews
Revolving door,Tate McRae,https://genius.com/Tate-mcrae-revolving-door-lyrics,https://api.genius.com/search?q=tate%20mcrae%20revolving%20door
September 2024 Singles Release Calendar,Genius,https://genius.com/Genius-september-2024-singles-release-calendar-annotated,https://api.genius.com/search?q=tate%20mcrae%20featauring%20the%20kid%20laroi%20i%20know%20love
Dear god,Tate McRae,https://genius.com/Tate-mcrae-dear-god-lyrics,https://api.genius.com/search?q=tate%20mcrae%20dear%20god
Purple lace bra,Tate McRae,https://genius.com/Tate-mcrae-purple-lace-bra-lyrics,https://api.genius.com/search?q=tate%20mcrae%20purple%20lace%20bra
Miss possessive,Tate McRae,https://genius.com/Tate-mcrae-miss-possessive-lyrics,https://api.genius.com/search?q=tate%20mcrae%20miss%20possessive
"Selena Gomez, benny blanco & Gracie Abrams - Call Me When You Break Up (Traducción al Español)",Genius Traducciones al Español,https://genius.com/Genius-traducciones-al-espanol-selena-gomez-benny-blanco-and-gracie-abrams-call-me-when-you-break-up-traduccion-al-espanol-lyrics,"https://api.genius.com/search?q=selena%20gomez,%20benny%20blanco%20and%20gracie%20abrams%20call%20me%20when%20you%20break%20up"
bloodonmyhands,Tate McRae,https://genius.com/Tate-mcrae-bloodonmyhands-lyrics,https://api.genius.com/search?q=tate%20mcrae%20bloodonmyhands
cLOUDs,J. Cole,https://genius.com/J-cole-clouds-lyrics,https://api.genius.com/search?q=j.%20cole%20clouds
Signs,Tate McRae,https://genius.com/Tate-mcrae-signs-lyrics,https://api.genius.com/search?q=tate%20mcrae%20signs
JENNIE & Doechii - ExtraL (Русский перевод),Genius Russian Translations (Русский перевод),https://genius.com/Genius-russian-translations-jennie-and-doechii-extral-lyrics,https://api.genius.com/search?q=jennie%20and%20doechii%20extral
2 hands,Tate McRae,https://genius.com/Tate-mcrae-2-hands-lyrics,https://api.genius.com/search?q=tate%20mcrae%202%20hands
February 2025 Release Calendar,Genius Korea,https://genius.com/Genius-korea-february-2025-release-calendar-annotated,"https://api.genius.com/search?q=don%20toliver,%20j-hope,%20pharrell%20williams%20and%20speedy%20lv%20bag"
Little Things,Ella Mai,https://genius.com/Ella-mai-little-things-lyrics,https://api.genius.com/search?q=ella%20mai%20little%20things
Like I do,Tate McRae,https://genius.com/Tate-mcrae-like-i-do-lyrics,https://api.genius.com/search?q=tate%20mcrae%20like%20i%20do
Greenlight,Tate McRae,https://genius.com/Tate-mcrae-greenlight-lyrics,https://api.genius.com/search?q=tate%20mcrae%20greenlight
Sorry I’m Here For Someone Else,Benson Boone,https://genius.com/Benson-boone-sorry-im-here-for-someone-else-lyrics,https://api.genius.com/search?q=benson%20boone%20sorry%20i'm%20here%20for%20someone%20else
New Music Friday 09/15/23,Spotify,https://genius.com/Spotify-new-music-friday-09-15-23-annotated,https://api.genius.com/search?q=sleepy%20hallow%20a%20n%20x%20i%20e%20t%20y
Ms. Whitman,Bhad Bhabie,https://genius.com/Bhad-bhabie-ms-whitman-lyrics,https://api.genius.com/search?q=bhad%20bhabie%20ms.%20whitman
TATTOO,Tito Double P,https://genius.com/Tito-double-p-tattoo-lyrics,https://api.genius.com/search?q=tito%20double%20p%20tattoo
Anxiety,Doechii,https://genius.com/Doechii-anxiety-lyrics,https://api.genius.com/search?q=doechii%20anxiety
Garden Of Eden,Lady Gaga,https://genius.com/Lady-gaga-garden-of-eden-lyrics,https://api.genius.com/search?q=lady%20gaga%20garden%20of%20eden
Vanish Into You,Lady Gaga,https://genius.com/Lady-gaga-vanish-into-you-lyrics,https://api.genius.com/search?q=lady%20gaga%20vanish%20into%20you
Sweet Dreams,j-hope,https://genius.com/J-hope-and-miguel-sweet-dreams-lyrics,https://api.genius.com/search?q=j-hope%20sweet%20dreams
How Bad Do U Want Me,Lady Gaga,https://genius.com/Lady-gaga-how-bad-do-u-want-me-lyrics,https://api.genius.com/search?q=lady%20gaga%20how%20bad%20do%20u%20want%20me
JENNIE & Dua Lipa - Handlebars (แปลภาษาไทย),Genius Thai Translations (คำแปลภาษาไทย),https://genius.com/Genius-thai-translations-jennie-and-dua-lipa-handlebars-lyrics,https://api.genius.com/search?q=jennie%20and%20dua%20lipa%20handlebars
Perfect Celebrity,Lady Gaga,https://genius.com/Lady-gaga-perfect-celebrity-lyrics,https://api.genius.com/search?q=lady%20gaga%20perfect%20celebrity
like JENNIE,JENNIE,https://genius.com/Jennie-like-jennie-lyrics,https://api.genius.com/search?q=jennie%20like%20jennie
Zombieboy,Lady Gaga,https://genius.com/Lady-gaga-zombieboy-lyrics,https://api.genius.com/search?q=lady%20gaga%20zombieboy
Proud of Me,Fridayy,https://genius.com/Fridayy-and-meek-mill-proud-of-me-lyrics,https://api.genius.com/search?q=fridayy%20and%20meek%20mill%20proud%20of%20me
Killah,Lady Gaga,https://genius.com/Lady-gaga-and-gesaffelstein-killah-lyrics,https://api.genius.com/search?q=lady%20gaga%20killah
LoveDrug,Lady Gaga,https://genius.com/Lady-gaga-lovedrug-lyrics,https://api.genius.com/search?q=lady%20gaga%20lovedrug
Texas,Blake Shelton,https://genius.com/Blake-shelton-texas-lyrics,https://api.genius.com/search?q=blake%20shelton%20texas
"Gon x Neferpitou, Homem Gentil",M4rkim,https://genius.com/M4rkim-gon-x-neferpitou-homem-gentil-lyrics,https://api.genius.com/search?q=aleman%20x%20neton%20vega%20te%20queria%20ver
EVIL J0RDAN,Playboi Carti,https://genius.com/Playboi-carti-evil-j0rdan-lyrics,https://api.genius.com/search?q=playboi%20carti%20evil%20j0rdan
Playboi Carti & The Weeknd - RATHER LIE (Русский перевод),Genius Russian Translations (Русский перевод),https://genius.com/Genius-russian-translations-playboi-carti-and-the-weeknd-rather-lie-lyrics,https://api.genius.com/search?q=playboi%20carti%20and%20the%20weeknd%20rather%20lie
The Giver,Chappell Roan,https://genius.com/Chappell-roan-the-giver-lyrics,https://api.genius.com/search?q=chappell%20roan%20the%20giver
Playboi Carti & Kendrick Lamar - GOOD CREDIT (Русский перевод),Genius Russian Translations (Русский перевод),https://genius.com/Genius-russian-translations-playboi-carti-and-kendrick-lamar-good-credit-lyrics,https://api.genius.com/search?q=playboi%20carti%20and%20kendrick%20lamar%20good%20credit
Playboi Carti & Travis Scott - CRUSH (Русский перевод),Genius Russian Translations (Русский перевод),https://genius.com/Genius-russian-translations-playboi-carti-and-travis-scott-crush-lyrics,https://api.genius.com/search?q=playboi%20carti%20and%20travis%20scott%20crush
BACKD00R,Playboi Carti,https://genius.com/Playboi-carti-backd00r-lyrics,https://api.genius.com/search?q=playboi%20carti%20backd00r
MOJO JOJO,Playboi Carti,https://genius.com/Playboi-carti-mojo-jojo-lyrics,https://api.genius.com/search?q=playboi%20carti%20mojo%20jojo
Playboi Carti & Travis Scott - PHILLY (Русский перевод),Genius Russian Translations (Русский перевод),https://genius.com/Genius-russian-translations-playboi-carti-and-travis-scott-philly-lyrics,https://api.genius.com/search?q=playboi%20carti%20and%20travis%20scott%20philly
FINE SHIT,Playboi Carti,https://genius.com/Playboi-carti-fine-shit-lyrics,https://api.genius.com/search?q=playboi%20carti%20fine%20shit
Playboi Carti & Skepta - TOXIC (Русский перевод),Genius Russian Translations (Русский перевод),https://genius.com/Genius-russian-translations-playboi-carti-and-skepta-toxic-lyrics,https://api.genius.com/search?q=playboi%20carti%20and%20skepta%20toxic
K POP,Playboi Carti,https://genius.com/Playboi-carti-k-pop-lyrics,https://api.genius.com/search?q=playboi%20carti%20k%20pop
POP OUT,Playboi Carti,https://genius.com/Playboi-carti-pop-out-lyrics,https://api.genius.com/search?q=playboi%20carti%20pop%20out
RADAR,Playboi Carti,https://genius.com/Playboi-carti-radar-lyrics,https://api.genius.com/search?q=playboi%20carti%20radar
Dark Thoughts,Lil Tecca,https://genius.com/Lil-tecca-dark-thoughts-lyrics,https://api.genius.com/search?q=lil%20tecca%20dark%20thoughts
Playboi Carti & Future - TRIM (Traducción al Español),Genius Traducciones al Español,https://genius.com/Genius-traducciones-al-espanol-playboi-carti-and-future-trim-traduccion-al-espanol-lyrics,https://api.genius.com/search?q=playboi%20carti%20and%20future%20trim
HBA,Playboi Carti,https://genius.com/Playboi-carti-hba-lyrics,https://api.genius.com/search?q=playboi%20carti%20hba
"Playboi Carti, Future & Travis Scott - CHARGE DEM HOES A FEE (Русский перевод)",Genius Russian Translations (Русский перевод),https://genius.com/Genius-russian-translations-playboi-carti-future-and-travis-scott-charge-dem-hoes-a-fee-lyrics,"https://api.genius.com/search?q=playboi%20carti,%20future%20and%20travis%20scott%20charge%20dem%20hoes%20a%20fee"
Playboi Carti & Travis Scott - WAKE UP F1LTHY (Русский перевод),Genius Russian Translations (Русский перевод),https://genius.com/Genius-russian-translations-playboi-carti-and-travis-scott-wake-up-f1lthy-lyrics,https://api.genius.com/search?q=playboi%20carti%20and%20travis%20scott%20wake%20up%20f1lthy
Juice,Cha$e D’Amico & Charlie Perry,https://genius.com/Cha-e-damico-and-charlie-perry-juice-lyrics,https://api.genius.com/search?q=playboi%20carti%20and%20lil%20uzi%20vert%20jumpin
I SEEEEEE YOU BABY BOI,Playboi Carti,https://genius.com/Playboi-carti-i-seeeeee-you-baby-boi-lyrics,https://api.genius.com/search?q=playboi%20carti%20i%20seeeeee%20you%20baby%20boi
CRANK,Playboi Carti,https://genius.com/Playboi-carti-crank-lyrics,https://api.genius.com/search?q=playboi%20carti%20crank
LIKE WEEZY,Playboi Carti,https://genius.com/Playboi-carti-like-weezy-lyrics,https://api.genius.com/search?q=playboi%20carti%20like%20weezy
Emergence,Sleep Token,https://genius.com/Sleep-token-emergence-lyrics,https://api.genius.com/search?q=sleep%20token%20emergence
Playboi Carti & Lil Uzi Vert - TWIN TRIM (Русский перевод),Genius Russian Translations (Русский перевод),https://genius.com/Genius-russian-translations-playboi-carti-and-lil-uzi-vert-twin-trim-lyrics,https://api.genius.com/search?q=playboi%20carti%20and%20lil%20uzi%20vert%20twin%20trim
OLYMPIAN,Playboi Carti,https://genius.com/Playboi-carti-olympian-lyrics,https://api.genius.com/search?q=playboi%20carti%20olympian
MUNYUN,Playboi Carti,https://genius.com/Playboi-carti-munyun-lyrics,https://api.genius.com/search?q=playboi%20carti%20munyun
"Playboi Carti, Young Thug & Ty Dolla $ign - WE NEED ALL DA VIBES (Русский перевод)",Genius Russian Translations (Русский перевод),https://genius.com/Genius-russian-translations-playboi-carti-young-thug-and-ty-dolla-sign-we-need-all-da-vibes-lyrics,"https://api.genius.com/search?q=playboi%20carti,%20young%20thug%20and%20ty%20dolla%20$ign%20we%20need%20all%20da%20vibes"
OPM BABI,Playboi Carti,https://genius.com/Playboi-carti-opm-babi-lyrics,https://api.genius.com/search?q=playboi%20carti%20opm%20babi
COCAINE NOSE,Playboi Carti,https://genius.com/Playboi-carti-cocaine-nose-lyrics,https://api.genius.com/search?q=playboi%20carti%20cocaine%20nose
DIS 1 GOT IT,Playboi Carti,https://genius.com/Playboi-carti-dis-1-got-it-lyrics,https://api.genius.com/search?q=playboi%20carti%20dis%201%20got%20it
OVERLY,Playboi Carti,https://genius.com/Playboi-carti-overly-lyrics,https://api.genius.com/search?q=playboi%20carti%20overly
SOUTH ATLANTA BABY,Playboi Carti,https://genius.com/Playboi-carti-south-atlanta-baby-lyrics,https://api.genius.com/search?q=playboi%20carti%20south%20atlanta%20baby
Walk on Water,A$AP Mob,https://genius.com/A-ap-mob-walk-on-water-lyrics,https://api.genius.com/search?q=playboi%20carti%20walk
Just In Case,Morgan Wallen,https://genius.com/Morgan-wallen-just-in-case-lyrics,https://api.genius.com/search?q=morgan%20wallen%20just%20in%20case
I’m A Little Crazy,Morgan Wallen,https://genius.com/Morgan-wallen-im-a-little-crazy-lyrics,https://api.genius.com/search?q=morgan%20wallen%20i'm%20a%20little%20crazy
Jack Harlow & Doja Cat - Just Us (Traducción al Español),Genius Traducciones al Español,https://genius.com/Genius-traducciones-al-espanol-jack-harlow-and-doja-cat-just-us-traduccion-al-espanol-lyrics,https://api.genius.com/search?q=jack%20harlow%20and%20doja%20cat%20just%20us
"Selena Gomez, benny blanco & The Marías - Ojos Tristes (Türkçe Çeviri)",Genius Türkçe Çeviriler,https://genius.com/Genius-turkce-ceviriler-selena-gomez-benny-blanco-and-the-marias-ojos-tristes-turkce-ceviri-lyrics,"https://api.genius.com/search?q=selena%20gomez,%20benny%20blanco%20and%20the%20marias%20ojos%20tristes"
MONA LISA,j-hope,https://genius.com/J-hope-mona-lisa-lyrics,https://api.genius.com/search?q=j-hope%20mona%20lisa
This Town’s Been Too Good To Us,Dylan Scott,https://genius.com/Dylan-scott-this-towns-been-too-good-to-us-lyrics,https://api.genius.com/search?q=dylan%20scott%20this%20town's%20been%20too%20good%20to%20us
Selena Gomez & benny blanco - How Does It Feel To Be Forgotten (Türkçe Çeviri),Genius Türkçe Çeviriler,https://genius.com/Genius-turkce-ceviriler-selena-gomez-and-benny-blanco-how-does-it-feel-to-be-forgotten-turkce-ceviri-lyrics,https://api.genius.com/search?q=selena%20gomez%20and%20benny%20blanco%20how%20does%20it%20feel%20to%20be%20forgotten
Somethin’ ’Bout A Woman,Thomas Rhett,https://genius.com/Thomas-rhett-somethin-bout-a-woman-lyrics,https://api.genius.com/search?q=thomas%20rhett%20somethin'%20'bout%20a%20woman
Friends Like That,John Morgan (Country),https://genius.com/John-morgan-country-friends-like-that-lyrics,https://api.genius.com/search?q=john%20morgan%20friends%20like%20that
Selena Gomez & benny blanco - Sunset Blvd (Türkçe Çeviri),Genius Türkçe Çeviriler,https://genius.com/Genius-turkce-ceviriler-selena-gomez-and-benny-blanco-sunset-blvd-turkce-ceviri-lyrics,https://api.genius.com/search?q=selena%20gomez%20and%20benny%20blanco%20sunset%20blvd
twilight zone,Ariana Grande,https://genius.com/Ariana-grande-twilight-zone-lyrics,https://api.genius.com/search?q=ariana%20grande%20twilight%20zone
dandelion,Ariana Grande,https://genius.com/Ariana-grande-dandelion-lyrics,https://api.genius.com/search?q=ariana%20grande%20dandelion
intro (end of the world),Ariana Grande,https://genius.com/Ariana-grande-intro-end-of-the-world-lyrics,https://api.genius.com/search?q=ariana%20grande%20intro
past life,Ariana Grande,https://genius.com/Ariana-grande-past-life-lyrics,https://api.genius.com/search?q=ariana%20grande%20past%20life
warm,Ariana Grande,https://genius.com/Ariana-grande-warm-lyrics,https://api.genius.com/search?q=ariana%20grande%20warm
Hampstead,Ariana Grande,https://genius.com/Ariana-grande-hampstead-lyrics,https://api.genius.com/search?q=ariana%20grande%20hampstead
Vanish Mode,Lil Durk,https://genius.com/Lil-durk-vanish-mode-lyrics,https://api.genius.com/search?q=lil%20durk%20vanish%20mode
They Want To Be You,Lil Durk,https://genius.com/Lil-durk-they-want-to-be-you-lyrics,https://api.genius.com/search?q=lil%20durk%20they%20want%20to%20be%20you
Love Me Not,Ravyn Lenae,https://genius.com/Ravyn-lenae-love-me-not-lyrics,https://api.genius.com/search?q=ravyn%20lenae%20love%20me%20not
1000 Times,Lil Durk,https://genius.com/Lil-durk-1000-times-lyrics,https://api.genius.com/search?q=lil%20durk%201000%20times
Can’t Hide It,Lil Durk,https://genius.com/Lil-durk-cant-hide-it-lyrics,https://api.genius.com/search?q=lil%20durk%20can't%20hide%20it
Feel It,d4vd,https://genius.com/D4vd-feel-it-lyrics,https://api.genius.com/search?q=d4vd%20feel%20it
back to friends,sombr,https://genius.com/Sombr-back-to-friends-lyrics,https://api.genius.com/search?q=sombr%20back%20to%20friends
Hometown Home,LOCASH,https://genius.com/Locash-hometown-home-lyrics,https://api.genius.com/search?q=locash%20hometown%20home
Neton Vega & Peso Pluma - Morena (English Translation),Genius English Translations,https://genius.com/Genius-english-translations-neton-vega-and-peso-pluma-morena-english-translation-lyrics,https://api.genius.com/search?q=neton%20vega%20and%20peso%20pluma%20morena
Shaking When I Pray,Lil Durk,https://genius.com/Lil-durk-shaking-when-i-pray-lyrics,https://api.genius.com/search?q=lil%20durk%20shaking%20when%20i%20pray
Fix What You Didn’t Break,Nate Smith,https://genius.com/Nate-smith-fix-what-you-didnt-break-lyrics,https://api.genius.com/search?q=nate%20smith%20fix%20what%20you%20didn't%20break
Keep On Sippin’,Lil Durk,https://genius.com/Lil-durk-keep-on-sippin-lyrics,https://api.genius.com/search?q=lil%20durk%20keep%20on%20sippin'
All The Way,BigXthaPlug,https://genius.com/Bigxthaplug-and-bailey-zimmerman-all-the-way-lyrics,https://api.genius.com/search?q=bigxthaplug%20all%20the%20way
Azizam,Ed Sheeran,https://genius.com/Ed-sheeran-azizam-lyrics,https://api.genius.com/search?q=ed%20sheeran%20azizam
Caramel,Sleep Token,https://genius.com/Sleep-token-caramel-lyrics,https://api.genius.com/search?q=sleep%20token%20caramel
End of the World,Miley Cyrus,https://genius.com/Miley-cyrus-end-of-the-world-lyrics,https://api.genius.com/search?q=miley%20cyrus%20end%20of%20the%20world
Chest Pain (I Love),Malcolm Todd,https://genius.com/Malcolm-todd-chest-pain-i-love-lyrics,https://api.genius.com/search?q=malcolm%20todd%20chest%20pain
Back To Me,The Marías,https://genius.com/The-marias-back-to-me-lyrics,https://api.genius.com/search?q=the%20marias%20back%20to%20me
undressed,sombr,https://genius.com/Sombr-undressed-lyrics,https://api.genius.com/search?q=sombr%20undressed
Fortnight,Taylor Swift,https://genius.com/Taylor-swift-fortnight-lyrics,https://api.genius.com/search?q=taylor%20swift%20fortnight
Blue Strips,Jessie Murph,https://genius.com/Jessie-murph-blue-strips-lyrics,https://api.genius.com/search?q=jessie%20murph%20blue%20strips
"Henry, come on",Lana Del Rey,https://genius.com/Lana-del-rey-henry-come-on-lyrics,"https://api.genius.com/search?q=lana%20del%20rey%20henry,%20come%20on"
Hands Of Time,Eric Church,https://genius.com/Eric-church-hands-of-time-lyrics,https://api.genius.com/search?q=eric%20church%20hands%20of%20time
Not At This Party,Dasha,https://genius.com/Dasha-not-at-this-party-lyrics,https://api.genius.com/search?q=dasha%20not%20at%20this%20party
Whiskey Drink,Jason Aldean,https://genius.com/Jason-aldean-whiskey-drink-lyrics,https://api.genius.com/search?q=jason%20aldean%20whiskey%20drink
Cuntry Bitch,Alektra,https://genius.com/Alektra-cuntry-bitch-lyrics,https://api.genius.com/search?q=morgan%20wallen%20i%20ain't%20coming%20back
Happen to Me,Russell Dickerson,https://genius.com/Russell-dickerson-happen-to-me-lyrics,https://api.genius.com/search?q=russell%20dickerson%20happen%20to%20me
YOUR WAY’S BETTER,Forrest Frank,https://genius.com/Forrest-frank-your-ways-better-lyrics,https://api.genius.com/search?q=forrest%20frank%20your%20way's%20better
Steve’s Lava Chicken,Jack Black,https://genius.com/Jack-black-steves-lava-chicken-lyrics,https://api.genius.com/search?q=jack%20black%20steve's%20lava%20chicken
Headphones On,Addison Rae,https://genius.com/Addison-rae-headphones-on-lyrics,https://api.genius.com/search?q=addison%20rae%20headphones%20on
Forever To Me,Cole Swindell,https://genius.com/Cole-swindell-forever-to-me-lyrics,https://api.genius.com/search?q=cole%20swindell%20forever%20to%20me
WHIM WHAMIEE,PLUTO,https://genius.com/Pluto-and-ykniece-whim-whamiee-lyrics,https://api.genius.com/search?q=pluto%20and%20ykniece%20whim%20whamiee
party 4 u,Charli xcx,https://genius.com/Charli-xcx-party-4-u-lyrics,https://api.genius.com/search?q=charli%20xcx%20party%204%20u
ACTIN UP,Tommy Richman,https://genius.com/Tommy-richman-actin-up-lyrics,https://api.genius.com/search?q=tommy%20richman%20actin%20up
House Again,Hudson Westbrook,https://genius.com/Hudson-westbrook-house-again-lyrics,https://api.genius.com/search?q=hudson%20westbrook%20house%20again
What Was That,Lorde,https://genius.com/Lorde-what-was-that-lyrics,https://api.genius.com/search?q=lorde%20what%20was%20that
Money On Money,Young Thug,https://genius.com/Young-thug-money-on-money-lyrics,https://api.genius.com/search?q=young%20thug%20money%20on%20money
Mystical Magical,Benson Boone,https://genius.com/Benson-boone-mystical-magical-lyrics,https://api.genius.com/search?q=benson%20boone%20mystical%20magical
Damocles,Sleep Token,https://genius.com/Sleep-token-damocles-lyrics,https://api.genius.com/search?q=sleep%20token%20damocles
After All The Bars Are Closed,Thomas Rhett,https://genius.com/Thomas-rhett-after-all-the-bars-are-closed-lyrics,https://api.genius.com/search?q=thomas%20rhett%20after%20all%20the%20bars%20are%20closed
Amen,Shaboozey,https://genius.com/Shaboozey-and-jelly-roll-amen-lyrics,https://api.genius.com/search?q=shaboozey%20and%20jelly%20roll%20amen
My World,Chuckyy,https://genius.com/Chuckyy-my-world-lyrics,https://api.genius.com/search?q=chuckyy%20my%20world
"3,2,1",Tucker Wetmore,https://genius.com/Tucker-wetmore-321-lyrics,"https://api.genius.com/search?q=tucker%20wetmore%203,2,1"
Ribs,Lorde,https://genius.com/Lorde-ribs-lyrics,https://api.genius.com/search?q=lorde%20ribs
Burning Blue,Mariah the Scientist,https://genius.com/Mariah-the-scientist-burning-blue-lyrics,https://api.genius.com/search?q=mariah%20the%20scientist%20burning%20blue
Backup Plan,Bailey Zimmerman,https://genius.com/Bailey-zimmerman-and-luke-combs-backup-plan-lyrics,https://api.genius.com/search?q=bailey%20zimmerman%20and%20luke%20combs%20backup%20plan
Maroon 5 & LISA - Priceless (Traducción al Español),Genius Traducciones al Español,https://genius.com/Genius-traducciones-al-espanol-maroon-5-and-lisa-priceless-traduccion-al-espanol-lyrics,https://api.genius.com/search?q=maroon%205%20and%20lisa%20priceless
Thought It Was Love,Ty Myers,https://genius.com/Ty-myers-thought-it-was-love-lyrics,https://api.genius.com/search?q=ty%20myers%20thought%20it%20was%20love
Old Phone,Ed Sheeran,https://genius.com/Ed-sheeran-old-phone-lyrics,https://api.genius.com/search?q=ed%20sheeran%20old%20phone
Gnarly,KATSEYE,https://genius.com/Katseye-gnarly-lyrics,https://api.genius.com/search?q=katseye%20gnarly
Me Prometí,Ivan Cornejo,https://genius.com/Ivan-cornejo-me-prometi-lyrics,https://api.genius.com/search?q=ivan%20cornejo%20me%20prometi
Superman,Morgan Wallen,https://genius.com/Morgan-wallen-superman-lyrics,https://api.genius.com/search?q=morgan%20wallen%20superman
Dangerous,Sleep Token,https://genius.com/Sleep-token-dangerous-lyrics,https://api.genius.com/search?q=sleep%20token%20dangerous
Even In Arcadia,Sleep Token,https://genius.com/Sleep-token-even-in-arcadia-lyrics,https://api.genius.com/search?q=sleep%20token%20even%20in%20arcadia
Look To Windward,Sleep Token,https://genius.com/Sleep-token-look-to-windward-lyrics,https://api.genius.com/search?q=sleep%20token%20look%20to%20windward
Past Self,Sleep Token,https://genius.com/Sleep-token-past-self-lyrics,https://api.genius.com/search?q=sleep%20token%20past%20self
Marlboro Rojo,Fuerza Regida,https://genius.com/Fuerza-regida-marlboro-rojo-lyrics,https://api.genius.com/search?q=fuerza%20regida%20marlboro%20rojo
Gethsemane,Sleep Token,https://genius.com/Sleep-token-gethsemane-lyrics,https://api.genius.com/search?q=sleep%20token%20gethsemane
Provider,Sleep Token,https://genius.com/Sleep-token-provider-lyrics,https://api.genius.com/search?q=sleep%20token%20provider
You Had To Be There,Megan Moroney,https://genius.com/Megan-moroney-and-kenny-chesney-you-had-to-be-there-lyrics,https://api.genius.com/search?q=megan%20moroney%20and%20kenny%20chesney%20you%20had%20to%20be%20there
wifiskeleton & i wanna be a jack-o-lantern - Nope your too late i already died (Русский перевод),Genius Russian Translations (Русский перевод),https://genius.com/Genius-russian-translations-wifiskeleton-and-i-wanna-be-a-jack-o-lantern-nope-your-too-late-i-already-died-lyrics,https://api.genius.com/search?q=wifiskeleton%20and%20i%20wanna%20be%20a%20jack-o-lantern%20nope%20your%20too%20late%20i%20already%20died
Infinite Baths,Sleep Token,https://genius.com/Sleep-token-infinite-baths-lyrics,https://api.genius.com/search?q=sleep%20token%20infinite%20baths
What I Want,Morgan Wallen,https://genius.com/Morgan-wallen-and-tate-mcrae-what-i-want-lyrics,https://api.genius.com/search?q=morgan%20wallen%20what%20i%20want
I Got Better,Morgan Wallen,https://genius.com/Morgan-wallen-i-got-better-lyrics,https://api.genius.com/search?q=morgan%20wallen%20i%20got%20better
20 Cigarettes,Morgan Wallen,https://genius.com/Morgan-wallen-20-cigarettes-lyrics,https://api.genius.com/search?q=morgan%20wallen%2020%20cigarettes
Kick Myself,Morgan Wallen,https://genius.com/Morgan-wallen-kick-myself-lyrics,https://api.genius.com/search?q=morgan%20wallen%20kick%20myself
Eyes Are Closed,Morgan Wallen,https://genius.com/Morgan-wallen-eyes-are-closed-lyrics,https://api.genius.com/search?q=morgan%20wallen%20eyes%20are%20closed
Falling Apart,Morgan Wallen,https://genius.com/Morgan-wallen-falling-apart-lyrics,https://api.genius.com/search?q=morgan%20wallen%20falling%20apart
"Skoal, Chevy, and Browning",Morgan Wallen,https://genius.com/Morgan-wallen-skoal-chevy-and-browning-lyrics,"https://api.genius.com/search?q=morgan%20wallen%20skoal,%20chevy,%20and%20browning"
TN,Morgan Wallen,https://genius.com/Morgan-wallen-tn-lyrics,https://api.genius.com/search?q=morgan%20wallen%20tn
Where’d That Girl Go,Morgan Wallen,https://genius.com/Morgan-wallen-whered-that-girl-go-lyrics,https://api.genius.com/search?q=morgan%20wallen%20where'd%20that%20girl%20go
Kiss Her In Front Of You,Morgan Wallen,https://genius.com/Morgan-wallen-kiss-her-in-front-of-you-lyrics,https://api.genius.com/search?q=morgan%20wallen%20kiss%20her%20in%20front%20of%20you
If You Were Mine,Morgan Wallen,https://genius.com/Morgan-wallen-if-you-were-mine-lyrics,https://api.genius.com/search?q=morgan%20wallen%20if%20you%20were%20mine
Missing,Morgan Wallen,https://genius.com/Morgan-wallen-missing-lyrics,https://api.genius.com/search?q=morgan%20wallen%20missing
Genesis,Morgan Wallen,https://genius.com/Morgan-wallen-genesis-lyrics,https://api.genius.com/search?q=morgan%20wallen%20genesis
Don’t We,Morgan Wallen,https://genius.com/Morgan-wallen-dont-we-lyrics,https://api.genius.com/search?q=morgan%20wallen%20don't%20we
Dark Til Daylight,Morgan Wallen,https://genius.com/Morgan-wallen-dark-til-daylight-lyrics,https://api.genius.com/search?q=morgan%20wallen%20dark%20til%20daylight
Interlude,Morgan Wallen,https://genius.com/Morgan-wallen-interlude-lyrics,https://api.genius.com/search?q=morgan%20wallen%20interlude
Number 3 and Number 7,Morgan Wallen,https://genius.com/Morgan-wallen-number-3-and-number-7-lyrics,https://api.genius.com/search?q=morgan%20wallen%20number%203%20and%20number%207
Revelation,Morgan Wallen,https://genius.com/Morgan-wallen-revelation-lyrics,https://api.genius.com/search?q=morgan%20wallen%20revelation
Jack and Jill,Morgan Wallen,https://genius.com/Morgan-wallen-jack-and-jill-lyrics,https://api.genius.com/search?q=morgan%20wallen%20jack%20and%20jill
Come Back As A Redneck,Morgan Wallen,https://genius.com/Morgan-wallen-come-back-as-a-redneck-lyrics,https://api.genius.com/search?q=morgan%20wallen%20come%20back%20as%20a%20redneck
Miami,Morgan Wallen,https://genius.com/Morgan-wallen-miami-lyrics,https://api.genius.com/search?q=morgan%20wallen%20miami
The Dealer,Morgan Wallen,https://genius.com/Morgan-wallen-the-dealer-lyrics,https://api.genius.com/search?q=morgan%20wallen%20the%20dealer
Leavin’s The Least I Could Do,Morgan Wallen,https://genius.com/Morgan-wallen-leavins-the-least-i-could-do-lyrics,https://api.genius.com/search?q=morgan%20wallen%20leavin's%20the%20least%20i%20could%20do
Drinking Til It Does,Morgan Wallen,https://genius.com/Morgan-wallen-drinking-til-it-does-lyrics,https://api.genius.com/search?q=morgan%20wallen%20drinking%20til%20it%20does
Nothin’ Left,Morgan Wallen,https://genius.com/Morgan-wallen-nothin-left-lyrics,https://api.genius.com/search?q=morgan%20wallen%20nothin'%20left
LA Night,Morgan Wallen,https://genius.com/Morgan-wallen-la-night-lyrics,https://api.genius.com/search?q=morgan%20wallen%20la%20night
Whiskey In Reverse,Morgan Wallen,https://genius.com/Morgan-wallen-whiskey-in-reverse-lyrics,https://api.genius.com/search?q=morgan%20wallen%20whiskey%20in%20reverse
Working Man’s Song,Morgan Wallen,https://genius.com/Morgan-wallen-working-mans-song-lyrics,https://api.genius.com/search?q=morgan%20wallen%20working%20man's%20song
Crazy Eyes,Morgan Wallen,https://genius.com/Morgan-wallen-crazy-eyes-lyrics,https://api.genius.com/search?q=morgan%20wallen%20crazy%20eyes
Jin - Don’t Say You Love Me (Русский перевод),Genius Russian Translations (Русский перевод),https://genius.com/Genius-russian-translations-jin-dont-say-you-love-me-lyrics,https://api.genius.com/search?q=jin%20don't%20say%20you%20love%20me
"Moliy, Silent Addy, Skillibeng & Shenseea - Shake It To The Max (FLY) [Remix] (Traduzione Italiana)",Genius Traduzioni Italiane,https://genius.com/Genius-traduzioni-italiane-moliy-silent-addy-skillibeng-and-shenseea-shake-it-to-the-max-fly-remix-traduzione-italiana-lyrics,"https://api.genius.com/search?q=moliy,%20silent%20addy,%20skillibeng%20and%20shenseea%20shake%20it%20to%20the%20max"
Bloodline,Alex Warren,https://genius.com/Alex-warren-and-jelly-roll-bloodline-lyrics,https://api.genius.com/search?q=alex%20warren%20with%20jelly%20roll%20bloodline
cliché,mgk,https://genius.com/Mgk-cliche-lyrics,https://api.genius.com/search?q=mgk%20cliche
LATINA FOREVA,KAROL G,https://genius.com/Karol-g-latina-foreva-lyrics,https://api.genius.com/search?q=karol%20g%20latina%20foreva
Somewhere Over Laredo,Lainey Wilson,https://genius.com/Lainey-wilson-somewhere-over-laredo-lyrics,https://api.genius.com/search?q=lainey%20wilson%20somewhere%20over%20laredo
Just Keep Watching,Tate McRae,https://genius.com/Tate-mcrae-just-keep-watching-lyrics,https://api.genius.com/search?q=tate%20mcrae%20just%20keep%20watching
OWA OWA,Lil Tecca,https://genius.com/Lil-tecca-owa-owa-lyrics,https://api.genius.com/search?q=lil%20tecca%20owa%20owa
Fuerza Regida - TU SANCHO (English Translation),Genius English Translations,https://genius.com/Genius-english-translations-fuerza-regida-tu-sancho-english-translation-lyrics,https://api.genius.com/search?q=fuerza%20regida%20tu%20sancho
Easy Lover,Miley Cyrus,https://genius.com/Miley-cyrus-easy-lover-lyrics,https://api.genius.com/search?q=miley%20cyrus%20easy%20lover
Fame is a Gun,Addison Rae,https://genius.com/Addison-rae-fame-is-a-gun-lyrics,https://api.genius.com/search?q=addison%20rae%20fame%20is%20a%20gun
Better Me For You (Brown Eyes),Max McNown,https://genius.com/Max-mcnown-better-me-for-you-brown-eyes-lyrics,https://api.genius.com/search?q=max%20mcnown%20better%20me%20for%20you
Nice To Meet You,Myles Smith,https://genius.com/Myles-smith-nice-to-meet-you-lyrics,https://api.genius.com/search?q=myles%20smith%20nice%20to%20meet%20you
Manchild,Sabrina Carpenter,https://genius.com/Sabrina-carpenter-manchild-lyrics,https://api.genius.com/search?q=sabrina%20carpenter%20manchild
Hip-Hop,Lil Wayne,https://genius.com/Lil-wayne-and-bigxthaplug-hip-hop-lyrics,https://api.genius.com/search?q=lil%20wayne%20and%20bigxthaplug%20hip-hop
Typa,GloRilla,https://genius.com/Glorilla-typa-lyrics,https://api.genius.com/search?q=glorilla%20typa
Sharks,Lil Wayne,https://genius.com/Lil-wayne-jelly-roll-and-big-sean-sharks-lyrics,"https://api.genius.com/search?q=lil%20wayne,%20jelly%20roll%20and%20big%20sean%20sharks"
Touch Me Like a Gangster,Jessie Murph,https://genius.com/Jessie-murph-touch-me-like-a-gangster-lyrics,https://api.genius.com/search?q=jessie%20murph%20touch%20me%20like%20a%20gangster
Banned From NO (Remix),Lil Wayne,https://genius.com/Lil-wayne-and-nicki-minaj-banned-from-no-remix-lyrics,https://api.genius.com/search?q=lil%20wayne%20banned%20from%20no
Welcome to Tha Carter,Lil Wayne,https://genius.com/Lil-wayne-welcome-to-tha-carter-lyrics,https://api.genius.com/search?q=lil%20wayne%20welcome%20to%20tha%20carter
Bells,Lil Wayne,https://genius.com/Lil-wayne-bells-lyrics,https://api.genius.com/search?q=lil%20wayne%20bells
Sapphire,Ed Sheeran,https://genius.com/Ed-sheeran-sapphire-lyrics,https://api.genius.com/search?q=ed%20sheeran%20sapphire
Cotton Candy,Lil Wayne,https://genius.com/Lil-wayne-and-2-chainz-cotton-candy-lyrics,https://api.genius.com/search?q=lil%20wayne%20and%202%20chainz%20cotton%20candy
Type Dangerous,Mariah Carey,https://genius.com/Mariah-carey-type-dangerous-lyrics,https://api.genius.com/search?q=mariah%20carey%20type%20dangerous
King Carter,Lil Wayne,https://genius.com/Lil-wayne-king-carter-lyrics,https://api.genius.com/search?q=lil%20wayne%20king%20carter
j-hope & GloRilla - Killin’ It Girl (Русский перевод),Genius Russian Translations (Русский перевод),https://genius.com/Genius-russian-translations-j-hope-and-glorilla-killin-it-girl-lyrics,https://api.genius.com/search?q=j-hope%20and%20glorilla%20killin'%20it%20girl
ATEEZ - Lemon Drop (English Translation),Genius English Translations,https://genius.com/Genius-english-translations-ateez-lemon-drop-english-translation-lyrics,https://api.genius.com/search?q=ateez%20lemon%20drop
won’t stop,Gunna,https://genius.com/Gunna-wont-stop-lyrics,https://api.genius.com/search?q=gunna%20won't%20stop
Folded,Kehlani,https://genius.com/Kehlani-folded-lyrics,https://api.genius.com/search?q=kehlani%20folded
Half The Plot,Lil Tecca,https://genius.com/Lil-tecca-half-the-plot-lyrics,https://api.genius.com/search?q=lil%20tecca%20half%20the%20plot
Holy Blindfold,Chris Brown,https://genius.com/Chris-brown-holy-blindfold-lyrics,https://api.genius.com/search?q=chris%20brown%20holy%20blindfold
Sparks,Coldplay,https://genius.com/Coldplay-sparks-lyrics,https://api.genius.com/search?q=coldplay%20sparks
Single Again,Josh Ross,https://genius.com/Josh-ross-single-again-lyrics,https://api.genius.com/search?q=josh%20ross%20single%20again
Outside,Cardi B,https://genius.com/Cardi-b-outside-lyrics,https://api.genius.com/search?q=cardi%20b%20outside
6 Months Later,Megan Moroney,https://genius.com/Megan-moroney-6-months-later-lyrics,https://api.genius.com/search?q=megan%20moroney%206%20months%20later
Offset & JID - Bodies (Tradução em Português),Genius Brasil Traduções,https://genius.com/Genius-brasil-traducoes-offset-and-jid-bodies-traducao-em-portugues-lyrics,https://api.genius.com/search?q=offset%20and%20jid%20bodies
Mr Electric Blue,Benson Boone,https://genius.com/Benson-boone-mr-electric-blue-lyrics,https://api.genius.com/search?q=benson%20boone%20mr%20electric%20blue
Papasito,KAROL G,https://genius.com/Karol-g-papasito-lyrics,https://api.genius.com/search?q=karol%20g%20papasito
Retrospectiva Spotify 2025,Luísa Nikki,https://genius.com/Luisa-nikki-retrospectiva-spotify-2025-annotated,"https://api.genius.com/search?q=saja%20boys:%20andrew%20choi,%20neckwav,%20danny%20chung,%20kevin%20woo%20and%20samuil%20lee%20your%20idol"
Bottle Rockets,Scotty McCreery,https://genius.com/Scotty-mccreery-bottle-rockets-lyrics,https://api.genius.com/search?q=scotty%20mccreery%20and%20hootie%20and%20the%20blowfish%20bottle%20rockets
Nummer-eins-Hits in Österreich 2025,Genius Österreich,https://genius.com/Genius-osterreich-nummer-eins-hits-in-osterreich-2025-annotated,"https://api.genius.com/search?q=huntr/x:%20ejae,%20audrey%20nuna%20and%20rei%20ami%20golden"
This Heart,Corey Kent,https://genius.com/Corey-kent-this-heart-lyrics,https://api.genius.com/search?q=corey%20kent%20this%20heart
Gabriela,KATSEYE,https://genius.com/Katseye-gabriela-lyrics,https://api.genius.com/search?q=katseye%20gabriela
KAROL G & Feid - Verano Rosa (English Translation),Genius English Translations,https://genius.com/Genius-english-translations-karol-g-and-feid-verano-rosa-english-translation-lyrics,https://api.genius.com/search?q=karol%20g%20and%20feid%20verano%20rosa
"HUNTR/X, EJAE, AUDREY NUNA, REI AMI & KPop Demon Hunters Cast - How It’s Done (Русский перевод)",Genius Russian Translations (Русский перевод),https://genius.com/Genius-russian-translations-huntr-x-ejae-audrey-nuna-rei-ami-and-kpop-demon-hunters-cast-how-its-done-lyrics,"https://api.genius.com/search?q=huntr/x:%20ejae,%20audrey%20nuna%20and%20rei%20ami%20how%20it's%20done"
Retrospectiva Spotify 2025,Luísa Nikki,https://genius.com/Luisa-nikki-retrospectiva-spotify-2025-annotated,"https://api.genius.com/search?q=saja%20boys:%20andrew%20choi,%20neckwav,%20danny%20chung,%20kevin%20woo%20and%20samuil%20lee%20soda%20pop"
Retrospectiva Spotify 2025,Luísa Nikki,https://genius.com/Luisa-nikki-retrospectiva-spotify-2025-annotated,"https://api.genius.com/search?q=huntr/x:%20ejae,%20audrey%20nuna%20and%20rei%20ami%20what%20it%20sounds%20like"
Retrospectiva Spotify 2025,Luísa Nikki,https://genius.com/Luisa-nikki-retrospectiva-spotify-2025-annotated,https://api.genius.com/search?q=rumi%20and%20jinu:%20ejae%20and%20andrew%20choi%20free
Alex Warren & ROSÉ - On My Mind (Traducción al Español),Genius Traducciones al Español,https://genius.com/Genius-traducciones-al-espanol-alex-warren-and-rose-on-my-mind-traduccion-al-espanol-lyrics,https://api.genius.com/search?q=alex%20warren%20and%20rose%20on%20my%20mind
Retrospectiva Spotify 2025,Luísa Nikki,https://genius.com/Luisa-nikki-retrospectiva-spotify-2025-annotated,"https://api.genius.com/search?q=huntr/x:%20ejae,%20audrey%20nuna%20and%20rei%20ami%20takedown"
Home,BigXthaPlug,https://genius.com/Bigxthaplug-and-shaboozey-home-lyrics,https://api.genius.com/search?q=bigxthaplug%20home
FWU,Don Toliver,https://genius.com/Don-toliver-fwu-lyrics,https://api.genius.com/search?q=don%20toliver%20fwu
WENT WEST,BabyChiefDoit,https://genius.com/Babychiefdoit-went-west-lyrics,https://api.genius.com/search?q=babychiefdoit%20went%20west
Went Legit,G Herbo,https://genius.com/G-herbo-went-legit-lyrics,https://api.genius.com/search?q=g%20herbo%20went%20legit
Bar None,Jordan Davis,https://genius.com/Jordan-davis-bar-none-lyrics,https://api.genius.com/search?q=jordan%20davis%20bar%20none
What Did I Miss?,Drake,https://genius.com/Drake-what-did-i-miss-lyrics,https://api.genius.com/search?q=drake%20what%20did%20i%20miss?
"Courtesy of the Red, White, and Blue (The Angry American)",Toby Keith,https://genius.com/Toby-keith-courtesy-of-the-red-white-and-blue-the-angry-american-lyrics,"https://api.genius.com/search?q=toby%20keith%20courtesy%20of%20the%20red,%20white%20and%20blue"
River Washed Hair,Zach Bryan,https://genius.com/Zach-bryan-river-washed-hair-lyrics,https://api.genius.com/search?q=zach%20bryan%20river%20washed%20hair
Retrospectiva Spotify 2025,Luísa Nikki,https://genius.com/Luisa-nikki-retrospectiva-spotify-2025-annotated,"https://api.genius.com/search?q=jeongyeon,%20jihyo%20and%20chaeyoung%20of%20twice%20takedown"
Illegal,PinkPantheress,https://genius.com/Pinkpantheress-illegal-lyrics,https://api.genius.com/search?q=pinkpantheress%20illegal
Country House,Sam Hunt,https://genius.com/Sam-hunt-country-house-lyrics,https://api.genius.com/search?q=sam%20hunt%20country%20house
Disco Lines & Tinashe - No Broke Boys (Deutsche Übersetzung),Genius Deutsche Übersetzungen,https://genius.com/Genius-deutsche-ubersetzungen-disco-lines-and-tinashe-no-broke-boys-deutsche-ubersetzung-lyrics,https://api.genius.com/search?q=disco%20lines%20and%20tinashe%20no%20broke%20boys
DAISIES,Justin Bieber,https://genius.com/Justin-bieber-daisies-lyrics,https://api.genius.com/search?q=justin%20bieber%20daisies
YUKON,Justin Bieber,https://genius.com/Justin-bieber-yukon-lyrics,https://api.genius.com/search?q=justin%20bieber%20yukon
GO BABY,Justin Bieber,https://genius.com/Justin-bieber-go-baby-lyrics,https://api.genius.com/search?q=justin%20bieber%20go%20baby
ALL I CAN TAKE,Justin Bieber,https://genius.com/Justin-bieber-all-i-can-take-lyrics,https://api.genius.com/search?q=justin%20bieber%20all%20i%20can%20take
BLACKPINK - Jump (الترجمة العربية),Genius Arabic Translations (الترجمات العربية),https://genius.com/Genius-arabic-translations-blackpink-jump-lyrics,https://api.genius.com/search?q=blackpink%20jump
Justin Bieber & Gunna - WAY IT IS (Tradução em Português),Genius Brasil Traduções,https://genius.com/Genius-brasil-traducoes-justin-bieber-and-gunna-way-it-is-traducao-em-portugues-lyrics,https://api.genius.com/search?q=justin%20bieber%20and%20gunna%20way%20it%20is
THINGS YOU DO,Justin Bieber,https://genius.com/Justin-bieber-things-you-do-lyrics,https://api.genius.com/search?q=justin%20bieber%20things%20you%20do
WALKING AWAY,Justin Bieber,https://genius.com/Justin-bieber-walking-away-lyrics,https://api.genius.com/search?q=justin%20bieber%20walking%20away
Ox Law,4Negative,https://genius.com/4negative-ox-law-lyrics,https://api.genius.com/search?q=clipse%20chains%20and%20whips
BUTTERFLIES,Justin Bieber,https://genius.com/Justin-bieber-butterflies-lyrics,https://api.genius.com/search?q=justin%20bieber%20butterflies
KICK OUT,Travis Scott,https://genius.com/Travis-scott-kick-out-lyrics,https://api.genius.com/search?q=travis%20scott%20kick%20out
Travis Scott & Don Toliver - CHAMPAIN & VACAY (Русский перевод),Genius Russian Translations (Русский перевод),https://genius.com/Genius-russian-translations-travis-scott-and-don-toliver-champain-and-vacay-lyrics,https://api.genius.com/search?q=travis%20scott%20and%20don%20toliver%20champain%20and%20vacay
DUMBO,Travis Scott,https://genius.com/Travis-scott-dumbo-lyrics,https://api.genius.com/search?q=travis%20scott%20dumbo
Justin Bieber & Dijon - DEVOTION (Tradução em Português),Genius Brasil Traduções,https://genius.com/Genius-brasil-traducoes-justin-bieber-and-dijon-devotion-traducao-em-portugues-lyrics,https://api.genius.com/search?q=justin%20bieber%20and%20dijon%20devotion
Justin Bieber & Sexyy Red - SWEET SPOT (Tradução em Português),Genius Brasil Traduções,https://genius.com/Genius-brasil-traducoes-justin-bieber-and-sexyy-red-sweet-spot-traducao-em-portugues-lyrics,https://api.genius.com/search?q=justin%20bieber%20and%20sexyy%20red%20sweet%20spot
FIRST PLACE,Justin Bieber,https://genius.com/Justin-bieber-first-place-lyrics,https://api.genius.com/search?q=justin%20bieber%20first%20place
So Be It,Clipse,https://genius.com/Clipse-so-be-it-lyrics,https://api.genius.com/search?q=clipse%20so%20be%20it
P.O.V.,Clipse,https://genius.com/Clipse-and-tyler-the-creator-pov-lyrics,https://api.genius.com/search?q=clipse%20p.o.v.
In Your Fantasy,ATEEZ,https://genius.com/Ateez-in-your-fantasy-lyrics,https://api.genius.com/search?q=ateez%20in%20your%20fantasy
"Justin Bieber, Cash Cobain & Eddie Benjamin - SWAG (Tradução em Português)",Genius Brasil Traduções,https://genius.com/Genius-brasil-traducoes-justin-bieber-cash-cobain-and-eddie-benjamin-swag-traducao-em-portugues-lyrics,"https://api.genius.com/search?q=justin%20bieber,%20cash%20cobain%20and%20eddie%20benjamin%20swag"
"Travis Scott, Sheck Wes & Don Toliver - 2000 EXCURSION (Türkçe Çeviri)",Genius Türkçe Çeviriler,https://genius.com/Genius-turkce-ceviriler-travis-scott-sheck-wes-and-don-toliver-2000-excursion-turkce-ceviri-lyrics,"https://api.genius.com/search?q=travis%20scott,%20sheck%20wes%20and%20don%20toliver%202000%20excursion"
"Travis Scott, Playboi Carti & Future - WHERE WAS YOU (Tradução em Português)",Genius Brasil Traduções,https://genius.com/Genius-brasil-traducoes-travis-scott-playboi-carti-and-future-where-was-you-traducao-em-portugues-lyrics,"https://api.genius.com/search?q=travis%20scott,%20playboi%20carti%20and%20future%20where%20was%20you"
Ace Trumpets,Clipse,https://genius.com/Clipse-ace-trumpets-lyrics,https://api.genius.com/search?q=clipse%20ace%20trumpets
TOO LONG,Justin Bieber,https://genius.com/Justin-bieber-too-long-lyrics,https://api.genius.com/search?q=justin%20bieber%20too%20long
GLORY VOICE MEMO,Justin Bieber,https://genius.com/Justin-bieber-glory-voice-memo-lyrics,https://api.genius.com/search?q=justin%20bieber%20glory%20voice%20memo
Justin Bieber & Lil B - DADZ LOVE (Tradução em Português),Genius Brasil Traduções,https://genius.com/Genius-brasil-traducoes-justin-bieber-and-lil-b-dadz-love-traducao-em-portugues-lyrics,https://api.genius.com/search?q=justin%20bieber%20and%20lil%20b%20dadz%20love
405,Justin Bieber,https://genius.com/Justin-bieber-405-lyrics,https://api.genius.com/search?q=justin%20bieber%20405
The Birds Don’t Sing,Clipse,https://genius.com/Clipse-john-legend-and-voices-of-fire-the-birds-dont-sing-lyrics,https://api.genius.com/search?q=clipse%20the%20birds%20don't%20sing
Travis Scott & GloRilla - SHYNE (Український переклад),Genius Ukrainian Translations (Українські переклади),https://genius.com/Genius-ukrainian-translations-travis-scott-and-glorilla-shyne-lyrics,https://api.genius.com/search?q=travis%20scott%20and%20glorilla%20shyne
M.T.B.T.T.F.,Clipse,https://genius.com/Clipse-mtbttf-lyrics,https://api.genius.com/search?q=clipse%20m.t.b.t.t.f.
Eternity,Alex Warren,https://genius.com/Alex-warren-eternity-lyrics,https://api.genius.com/search?q=alex%20warren%20eternity
Big Poe,"Tyler, The Creator",https://genius.com/Tyler-the-creator-and-pharrell-williams-big-poe-lyrics,"https://api.genius.com/search?q=tyler,%20the%20creator%20big%20poe"
Sugar On My Tongue,"Tyler, The Creator",https://genius.com/Tyler-the-creator-sugar-on-my-tongue-lyrics,"https://api.genius.com/search?q=tyler,%20the%20creator%20sugar%20on%20my%20tongue"
Ring Ring Ring,"Tyler, The Creator",https://genius.com/Tyler-the-creator-ring-ring-ring-lyrics,"https://api.genius.com/search?q=tyler,%20the%20creator%20ring%20ring%20ring"
Crazy Train,Ozzy Osbourne,https://genius.com/Ozzy-osbourne-crazy-train-lyrics,https://api.genius.com/search?q=ozzy%20osbourne%20crazy%20train
Sucka Free,"Tyler, The Creator",https://genius.com/Tyler-the-creator-sucka-free-lyrics,"https://api.genius.com/search?q=tyler,%20the%20creator%20sucka%20free"
"Mama, I’m Coming Home",Ozzy Osbourne,https://genius.com/Ozzy-osbourne-mama-im-coming-home-lyrics,"https://api.genius.com/search?q=ozzy%20osbourne%20mama,%20i'm%20coming%20home"
Stop Playing With Me,"Tyler, The Creator",https://genius.com/Tyler-the-creator-stop-playing-with-me-lyrics,"https://api.genius.com/search?q=tyler,%20the%20creator%20stop%20playing%20with%20me"
Mommanem,"Tyler, The Creator",https://genius.com/Tyler-the-creator-mommanem-lyrics,"https://api.genius.com/search?q=tyler,%20the%20creator%20mommanem"
I’ll Take Care of You,"Tyler, The Creator",https://genius.com/Tyler-the-creator-ill-take-care-of-you-lyrics,"https://api.genius.com/search?q=tyler,%20the%20creator%20i'll%20take%20care%20of%20you"
Don’t Tap That Glass / Tweakin’,"Tyler, The Creator",https://genius.com/Tyler-the-creator-dont-tap-that-glass-tweakin-lyrics,"https://api.genius.com/search?q=tyler,%20the%20creator%20don't%20tap%20that%20glass%20/%20tweakin'"
Don’t You Worry Baby,"Tyler, The Creator",https://genius.com/Tyler-the-creator-dont-you-worry-baby-lyrics,"https://api.genius.com/search?q=tyler,%20the%20creator%20don't%20you%20worry%20baby"
Madeline,Zach Bryan,https://genius.com/Zach-bryan-madeline-lyrics,https://api.genius.com/search?q=zach%20bryan%20madeline
Tell Me What It Is,"Tyler, The Creator",https://genius.com/Tyler-the-creator-tell-me-what-it-is-lyrics,"https://api.genius.com/search?q=tyler,%20the%20creator%20tell%20me%20what%20it%20is"
1965,Jessie Murph,https://genius.com/Jessie-murph-1965-lyrics,https://api.genius.com/search?q=jessie%20murph%201965
Strategy,TWICE,https://genius.com/Twice-strategy-lyrics,https://api.genius.com/search?q=twice%20strategy
Frecuencia,Los Dareyes De La Sierra,https://genius.com/Los-dareyes-de-la-sierra-frecuencia-lyrics,https://api.genius.com/search?q=dareyes%20de%20la%20sierra%20frecuencia
Drake & Central Cee - Which One (Tradução em Português),Genius Brasil Traduções,https://genius.com/Genius-brasil-traducoes-drake-and-central-cee-which-one-traducao-em-portugues-lyrics,https://api.genius.com/search?q=drake%20and%20central%20cee%20which%20one
Back in the Saddle,Luke Combs,https://genius.com/Luke-combs-back-in-the-saddle-lyrics,https://api.genius.com/search?q=luke%20combs%20back%20in%20the%20saddle
It Depends,Chris Brown,https://genius.com/Chris-brown-it-depends-lyrics,https://api.genius.com/search?q=chris%20brown%20it%20depends
Park,Tyler Hubbard,https://genius.com/Tyler-hubbard-park-lyrics,https://api.genius.com/search?q=tyler%20hubbard%20park
The Subway,Chappell Roan,https://genius.com/Chappell-roan-the-subway-lyrics,https://api.genius.com/search?q=chappell%20roan%20the%20subway
Napoleon,$uicideboy$,https://genius.com/Uicideboy-napoleon-lyrics,https://api.genius.com/search?q=$uicideboy$%20napoleon
Mariah the Scientist & Kali Uchis - Is It a Crime (Traducción al Español),Genius Traducciones al Español,https://genius.com/Genius-traducciones-al-espanol-mariah-the-scientist-and-kali-uchis-is-it-a-crime-traduccion-al-espanol-lyrics,https://api.genius.com/search?q=mariah%20the%20scientist%20and%20kali%20uchis%20is%20it%20a%20crime
Don’t Mind If I Do,Riley Green,https://genius.com/Riley-green-dont-mind-if-i-do-lyrics,https://api.genius.com/search?q=riley%20green%20don't%20mind%20if%20i%20do
August 2025 Singles Release Calendar,Christian Genius,https://genius.com/Christian-genius-august-2025-singles-release-calendar-annotated,https://api.genius.com/search?q=forrest%20frank%20and%20the%20figs%20lemonade
So Far So Fake,Pierce the Veil,https://genius.com/Pierce-the-veil-so-far-so-fake-lyrics,https://api.genius.com/search?q=pierce%20the%20veil%20so%20far%20so%20fake
,,,https://api.genius.com/search?q=$uicideboy$%20count%20your%20blessings
"Oh, What a Wretched Man I Am!",$uicideboy$,https://genius.com/Uicideboy-oh-what-a-wretched-man-i-am-lyrics,"https://api.genius.com/search?q=$uicideboy$%20oh,%20what%20a%20wretched%20man%20i%20am!"
12 to 12,sombr,https://genius.com/Sombr-12-to-12-lyrics,https://api.genius.com/search?q=sombr%2012%20to%2012
A Lot More Free,Max McNown,https://genius.com/Max-mcnown-a-lot-more-free-lyrics,https://api.genius.com/search?q=max%20mcnown%20a%20lot%20more%20free
Country Song Came On,Luke Bryan,https://genius.com/Luke-bryan-country-song-came-on-lyrics,https://api.genius.com/search?q=luke%20bryan%20country%20song%20came%20on
Somebody,Latto,https://genius.com/Latto-somebody-lyrics,https://api.genius.com/search?q=latto%20somebody
2018 haywoodindahood Listening Log,Gerald Haywood,https://genius.com/Gerald-haywood-2018-haywoodindahood-listening-log-annotated,https://api.genius.com/search?q=$uicideboy$%20x%20bones%20now%20and%20at%20the%20hour%20of%20our%20death..
just say dat,Gunna,https://genius.com/Gunna-just-say-dat-lyrics,https://api.genius.com/search?q=gunna%20just%20say%20dat
Hell At Night,BigXthaPlug,https://genius.com/Bigxthaplug-and-ella-langley-hell-at-night-lyrics,https://api.genius.com/search?q=bigxthaplug%20hell%20at%20night
forever be mine,Gunna,https://genius.com/Gunna-forever-be-mine-lyrics,https://api.genius.com/search?q=gunna%20forever%20be%20mine
sakpase,Gunna,https://genius.com/Gunna-sakpase-lyrics,https://api.genius.com/search?q=gunna%20sakpase
at my purest,Gunna,https://genius.com/Gunna-at-my-purest-lyrics,https://api.genius.com/search?q=gunna%20at%20my%20purest
let that sink in,Gunna,https://genius.com/Gunna-let-that-sink-in-lyrics,https://api.genius.com/search?q=gunna%20let%20that%20sink%20in
Bowery,Zach Bryan,https://genius.com/Zach-bryan-bowery-lyrics,https://api.genius.com/search?q=zach%20bryan%20bowery
Bailey Zimmerman & The Kid LAROI - Lost (Traduzione Italiana),Genius Traduzioni Italiane,https://genius.com/Genius-traduzioni-italiane-bailey-zimmerman-and-the-kid-laroi-lost-traduzione-italiana-lyrics,https://api.genius.com/search?q=bailey%20zimmerman%20and%20the%20kid%20laroi%20lost
gp,Gunna,https://genius.com/Gunna-gp-lyrics,https://api.genius.com/search?q=gunna%20gp
wgft,Gunna,https://genius.com/Gunna-wgft-lyrics,https://api.genius.com/search?q=gunna%20wgft
many nights,Gunna,https://genius.com/Gunna-many-nights-lyrics,https://api.genius.com/search?q=gunna%20many%20nights
Imaginary Playerz,Cardi B,https://genius.com/Cardi-b-imaginary-playerz-lyrics,https://api.genius.com/search?q=cardi%20b%20imaginary%20playerz
Last One To Know,Gavin Adcock,https://genius.com/Gavin-adcock-last-one-to-know-lyrics,https://api.genius.com/search?q=gavin%20adcock%20last%20one%20to%20know
Heart of Stone,Jelly Roll,https://genius.com/Jelly-roll-heart-of-stone-lyrics,https://api.genius.com/search?q=jelly%20roll%20heart%20of%20stone
Let Down,Radiohead,https://genius.com/Radiohead-let-down-lyrics,https://api.genius.com/search?q=radiohead%20let%20down
What Kinda Man,Parker McCollum,https://genius.com/Parker-mccollum-what-kinda-man-lyrics,https://api.genius.com/search?q=parker%20mccollum%20what%20kinda%20man
Jealous Type,Doja Cat,https://genius.com/Doja-cat-jealous-type-lyrics,https://api.genius.com/search?q=doja%20cat%20jealous%20type
CEREMONY,Stray Kids,https://genius.com/Stray-kids-ceremony-lyrics,https://api.genius.com/search?q=stray%20kids%20ceremony
Box Me Up,BigXthaPlug,https://genius.com/Bigxthaplug-and-jelly-roll-box-me-up-lyrics,https://api.genius.com/search?q=bigxthaplug%20box%20me%20up
Different Species,Offset,https://genius.com/Offset-and-gunna-different-species-lyrics,https://api.genius.com/search?q=offset%20and%20gunna%20different%20species
Man I Need,Olivia Dean,https://genius.com/Olivia-dean-man-i-need-lyrics,https://api.genius.com/search?q=olivia%20dean%20man%20i%20need
Sacrifice,Mariah the Scientist,https://genius.com/Mariah-the-scientist-sacrifice-lyrics,https://api.genius.com/search?q=mariah%20the%20scientist%20sacrifice
Lover Girl,Laufey,https://genius.com/Laufey-lover-girl-lyrics,https://api.genius.com/search?q=laufey%20lover%20girl
May 2021 Singles Release Calendar,Genius,https://genius.com/Genius-may-2021-singles-release-calendar-annotated,https://api.genius.com/search?q=marshmello%20x%20jelly%20roll%20holy%20water
Tears,Sabrina Carpenter,https://genius.com/Sabrina-carpenter-tears-lyrics,https://api.genius.com/search?q=sabrina%20carpenter%20tears
Nobody’s Son,Sabrina Carpenter,https://genius.com/Sabrina-carpenter-nobodys-son-lyrics,https://api.genius.com/search?q=sabrina%20carpenter%20nobody's%20son
My Man on Willpower,Sabrina Carpenter,https://genius.com/Sabrina-carpenter-my-man-on-willpower-lyrics,https://api.genius.com/search?q=sabrina%20carpenter%20my%20man%20on%20willpower
When Did You Get Hot?,Sabrina Carpenter,https://genius.com/Sabrina-carpenter-when-did-you-get-hot-lyrics,https://api.genius.com/search?q=sabrina%20carpenter%20when%20did%20you%20get%20hot?
Sugar Talking,Sabrina Carpenter,https://genius.com/Sabrina-carpenter-sugar-talking-lyrics,https://api.genius.com/search?q=sabrina%20carpenter%20sugar%20talking
Go Go Juice,Sabrina Carpenter,https://genius.com/Sabrina-carpenter-go-go-juice-lyrics,https://api.genius.com/search?q=sabrina%20carpenter%20go%20go%20juice
House Tour,Sabrina Carpenter,https://genius.com/Sabrina-carpenter-house-tour-lyrics,https://api.genius.com/search?q=sabrina%20carpenter%20house%20tour
Never Getting Laid,Sabrina Carpenter,https://genius.com/Sabrina-carpenter-never-getting-laid-lyrics,https://api.genius.com/search?q=sabrina%20carpenter%20never%20getting%20laid
We Almost Broke Up Again Last Night,Sabrina Carpenter,https://genius.com/Sabrina-carpenter-we-almost-broke-up-again-last-night-lyrics,https://api.genius.com/search?q=sabrina%20carpenter%20we%20almost%20broke%20up%20again%20last%20night
Goodbye,Sabrina Carpenter,https://genius.com/Sabrina-carpenter-goodbye-lyrics,https://api.genius.com/search?q=sabrina%20carpenter%20goodbye
Don’t Worry I’ll Make You Worry,Sabrina Carpenter,https://genius.com/Sabrina-carpenter-dont-worry-ill-make-you-worry-lyrics,https://api.genius.com/search?q=sabrina%20carpenter%20don't%20worry%20i'll%20make%20you%20worry
Good Times & Tan Lines,Zach Top,https://genius.com/Zach-top-good-times-and-tan-lines-lyrics,https://api.genius.com/search?q=zach%20top%20good%20times%20and%20tan%20lines
She Ready,Key Glock,https://genius.com/Key-glock-she-ready-lyrics,https://api.genius.com/search?q=key%20glock%20she%20ready
South of Sanity,Zach Top,https://genius.com/Zach-top-south-of-sanity-lyrics,https://api.genius.com/search?q=zach%20top%20south%20of%20sanity
The Dead Dance,Lady Gaga,https://genius.com/Lady-gaga-the-dead-dance-lyrics,https://api.genius.com/search?q=lady%20gaga%20the%20dead%20dance
SPEED DEMON,Justin Bieber,https://genius.com/Justin-bieber-speed-demon-lyrics,https://api.genius.com/search?q=justin%20bieber%20speed%20demon
Sienna,The Marías,https://genius.com/The-marias-sienna-lyrics,https://api.genius.com/search?q=the%20marias%20sienna
Tiramisu,Don Toliver,https://genius.com/Don-toliver-tiramisu-lyrics,https://api.genius.com/search?q=don%20toliver%20tiramisu
LOVE SONG,Justin Bieber,https://genius.com/Justin-bieber-love-song-lyrics,https://api.genius.com/search?q=justin%20bieber%20love%20song
"Drake, Julia Wolf & Yeat - DOG HOUSE (Tradução em Português)",Genius Brasil Traduções,https://genius.com/Genius-brasil-traducoes-drake-julia-wolf-and-yeat-dog-house-traducao-em-portugues-lyrics,"https://api.genius.com/search?q=drake,%20julia%20wolf%20and%20yeat%20dog%20house"
Camera,Ed Sheeran,https://genius.com/Ed-sheeran-camera-lyrics,https://api.genius.com/search?q=ed%20sheeran%20camera
CHARLIE,Tom MacDonald,https://genius.com/Tom-macdonald-charlie-lyrics,https://api.genius.com/search?q=tom%20macdonald%20charlie
City Walls,Twenty One Pilots,https://genius.com/Twenty-one-pilots-city-walls-lyrics,https://api.genius.com/search?q=twenty%20one%20pilots%20city%20walls
Breakin’ Dishes,Rihanna,https://genius.com/Rihanna-breakin-dishes-lyrics,https://api.genius.com/search?q=rihanna%20breakin'%20dishes
How Far Does a Goodbye Go,Jason Aldean,https://genius.com/Jason-aldean-how-far-does-a-goodbye-go-lyrics,https://api.genius.com/search?q=jason%20aldean%20how%20far%20does%20a%20goodbye%20go
Shot Callin,YoungBoy Never Broke Again,https://genius.com/Youngboy-never-broke-again-shot-callin-lyrics,https://api.genius.com/search?q=youngboy%20never%20broke%20again%20shot%20callin
Safe,Cardi B,https://genius.com/Cardi-b-safe-lyrics,https://api.genius.com/search?q=cardi%20b%20safe
Magnet,Cardi B,https://genius.com/Cardi-b-magnet-lyrics,https://api.genius.com/search?q=cardi%20b%20magnet
Romantic Homicide,d4vd,https://genius.com/D4vd-romantic-homicide-lyrics,https://api.genius.com/search?q=d4vd%20romantic%20homicide
AlexanderJamesM’s Top Albums of 2025,AlexanderJamesM,https://genius.com/Alexanderjamesm-alexanderjamesms-top-albums-of-2025-annotated,https://api.genius.com/search?q=cardi%20b%20pretty%20and%20petty
Pick It Up,Cardi B,https://genius.com/Cardi-b-pick-it-up-lyrics,https://api.genius.com/search?q=cardi%20b%20pick%20it%20up
Hello,Cardi B,https://genius.com/Cardi-b-hello-lyrics,https://api.genius.com/search?q=cardi%20b%20hello
Dead,Cardi B,https://genius.com/Cardi-b-dead-lyrics,https://api.genius.com/search?q=cardi%20b%20dead
Bodega Baddie,Cardi B,https://genius.com/Cardi-b-bodega-baddie-lyrics,https://api.genius.com/search?q=cardi%20b%20bodega%20baddie
What’s Goin On,Cardi B,https://genius.com/Cardi-b-whats-goin-on-lyrics,https://api.genius.com/search?q=cardi%20b%20what's%20goin%20on
ErrTime,Cardi B,https://genius.com/Cardi-b-errtime-lyrics,https://api.genius.com/search?q=cardi%20b%20errtime
Man Of Your Word,Cardi B,https://genius.com/Cardi-b-man-of-your-word-lyrics,https://api.genius.com/search?q=cardi%20b%20man%20of%20your%20word
Salute,Cardi B,https://genius.com/Cardi-b-salute-lyrics,https://api.genius.com/search?q=cardi%20b%20salute
Shower Tears,Cardi B,https://genius.com/Cardi-b-shower-tears-lyrics,https://api.genius.com/search?q=cardi%20b%20shower%20tears
Better Than You,Cardi B,https://genius.com/Cardi-b-better-than-you-lyrics,https://api.genius.com/search?q=cardi%20b%20better%20than%20you
Principal,Cardi B,https://genius.com/Cardi-b-principal-lyrics,https://api.genius.com/search?q=cardi%20b%20principal
Darlin’,Chase Matthew,https://genius.com/Chase-matthew-darlin-lyrics,https://api.genius.com/search?q=chase%20matthew%20darlin'
TIT FOR TAT,Tate McRae,https://genius.com/Tate-mcrae-tit-for-tat-lyrics,https://api.genius.com/search?q=tate%20mcrae%20tit%20for%20tat
Tame Impala & JENNIE - Dracula (with JENNIE) (Русский перевод),Genius Russian Translations (Русский перевод),https://genius.com/Genius-russian-translations-tame-impala-and-jennie-dracula-with-jennie-lyrics,https://api.genius.com/search?q=tame%20impala%20and%20jennie%20dracula
Gorgeous,Doja Cat,https://genius.com/Doja-cat-gorgeous-lyrics,https://api.genius.com/search?q=doja%20cat%20gorgeous
Ninja,Young Thug,https://genius.com/Young-thug-ninja-lyrics,https://api.genius.com/search?q=young%20thug%20ninja
The Fall,Cody Johnson,https://genius.com/Cody-johnson-the-fall-lyrics,https://api.genius.com/search?q=cody%20johnson%20the%20fall
WHERE IS MY HUSBAND!,RAYE,https://genius.com/Raye-where-is-my-husband-lyrics,https://api.genius.com/search?q=raye%20where%20is%20my%20husband!
Nice To Each Other,Olivia Dean,https://genius.com/Olivia-dean-nice-to-each-other-lyrics,https://api.genius.com/search?q=olivia%20dean%20nice%20to%20each%20other
So Easy (To Fall In Love),Olivia Dean,https://genius.com/Olivia-dean-so-easy-to-fall-in-love-lyrics,https://api.genius.com/search?q=olivia%20dean%20so%20easy
Take Me Thru Dere,Metro Boomin,https://genius.com/Metro-boomin-quavo-breskii-ykniece-and-dj-spinz-take-me-thru-dere-lyrics,"https://api.genius.com/search?q=metro%20boomin,%20quavo,%20breskii%20and%20ykniece%20take%20me%20thru%20dere"
What An Awesome God,Phil Wickham,https://genius.com/Phil-wickham-what-an-awesome-god-lyrics,https://api.genius.com/search?q=phil%20wickham%20what%20an%20awesome%20god
The Fate of Ophelia,Taylor Swift,https://genius.com/Taylor-swift-the-fate-of-ophelia-lyrics,https://api.genius.com/search?q=taylor%20swift%20the%20fate%20of%20ophelia
Opalite,Taylor Swift,https://genius.com/Taylor-swift-opalite-lyrics,https://api.genius.com/search?q=taylor%20swift%20opalite
Elizabeth Taylor,Taylor Swift,https://genius.com/Taylor-swift-elizabeth-taylor-lyrics,https://api.genius.com/search?q=taylor%20swift%20elizabeth%20taylor
Father Figure,Taylor Swift,https://genius.com/Taylor-swift-father-figure-lyrics,https://api.genius.com/search?q=taylor%20swift%20father%20figure
Wood,Taylor Swift,https://genius.com/Taylor-swift-wood-lyrics,https://api.genius.com/search?q=taylor%20swift%20wood
Wi$h Li$t,Taylor Swift,https://genius.com/Taylor-swift-wi-h-li-t-lyrics,https://api.genius.com/search?q=taylor%20swift%20wi$h%20li$t
Actually Romantic,Taylor Swift,https://genius.com/Taylor-swift-actually-romantic-lyrics,https://api.genius.com/search?q=taylor%20swift%20actually%20romantic
The Life of a Showgirl,Taylor Swift,https://genius.com/Taylor-swift-the-life-of-a-showgirl-lyrics,https://api.genius.com/search?q=taylor%20swift%20the%20life%20of%20a%20showgirl
Eldest Daughter,Taylor Swift,https://genius.com/Taylor-swift-eldest-daughter-lyrics,https://api.genius.com/search?q=taylor%20swift%20eldest%20daughter
CANCELLED!,Taylor Swift,https://genius.com/Taylor-swift-cancelled-lyrics,https://api.genius.com/search?q=taylor%20swift%20cancelled!
Ruin The Friendship,Taylor Swift,https://genius.com/Taylor-swift-ruin-the-friendship-lyrics,https://api.genius.com/search?q=taylor%20swift%20ruin%20the%20friendship
Honey,Taylor Swift,https://genius.com/Taylor-swift-honey-lyrics,https://api.genius.com/search?q=taylor%20swift%20honey
Wish,Diplo,https://genius.com/Diplo-wish-lyrics,https://api.genius.com/search?q=diplo%20wish
What You Is,YoungBoy Never Broke Again,https://genius.com/Youngboy-never-broke-again-and-mellow-rackz-what-you-is-lyrics,https://api.genius.com/search?q=youngboy%20never%20broke%20again%20and%20mellow%20rackz%20what%20you%20is
Part of Me,A Boogie wit da Hoodie,https://genius.com/A-boogie-wit-da-hoodie-part-of-me-lyrics,https://api.genius.com/search?q=a%20boogie%20wit%20da%20hoodie%20part%20of%20me
Leavin,Rod Wave,https://genius.com/Rod-wave-leavin-lyrics,https://api.genius.com/search?q=rod%20wave%20leavin
Maui Wowie,Kid Cudi,https://genius.com/Kid-cudi-maui-wowie-lyrics,https://api.genius.com/search?q=kid%20cudi%20maui%20wowie
JISOO & ZAYN - EYES CLOSED (Traducción al Español),Genius Traducciones al Español,https://genius.com/Genius-traducciones-al-espanol-jisoo-and-zayn-eyes-closed-traduccion-al-espanol-lyrics,https://api.genius.com/search?q=jisoo%20and%20zayn%20eyes%20closed
PIXELATED KISSES,Joji,https://genius.com/Joji-pixelated-kisses-lyrics,https://api.genius.com/search?q=joji%20pixelated%20kisses
Days Like These,Luke Combs,https://genius.com/Luke-combs-days-like-these-lyrics,https://api.genius.com/search?q=luke%20combs%20days%20like%20these
Choosin’ Texas,Ella Langley,https://genius.com/Ella-langley-choosin-texas-lyrics,https://api.genius.com/search?q=ella%20langley%20choosin'%20texas
Graveyard Whistling (Abbey Road Sessions),Morgan Wallen,https://genius.com/Morgan-wallen-graveyard-whistling-abbey-road-sessions-lyrics,https://api.genius.com/search?q=morgan%20wallen%20graveyard%20whistling
My Old Ways,Tame Impala,https://genius.com/Tame-impala-my-old-ways-lyrics,https://api.genius.com/search?q=tame%20impala%20my%20old%20ways
Loser,Tame Impala,https://genius.com/Tame-impala-loser-lyrics,https://api.genius.com/search?q=tame%20impala%20loser
Dusty Bibles,Josiah Queen,https://genius.com/Josiah-queen-dusty-bibles-lyrics,https://api.genius.com/search?q=josiah%20queen%20dusty%20bibles
Heavens To Betsy (Live at the Ryman),Jackson Dean,https://genius.com/Jackson-dean-heavens-to-betsy-live-at-the-ryman-lyrics,https://api.genius.com/search?q=jackson%20dean%20heavens%20to%20betsy
3am,Loe Shimmy,https://genius.com/Loe-shimmy-and-don-toliver-3am-lyrics,https://api.genius.com/search?q=loe%20shimmy%20and%20don%20toliver%203am
Thriller,Michael Jackson,https://genius.com/Michael-jackson-thriller-lyrics,https://api.genius.com/search?q=michael%20jackson%20thriller
LOVER GIRL,Megan Thee Stallion,https://genius.com/Megan-thee-stallion-lover-girl-lyrics,https://api.genius.com/search?q=megan%20thee%20stallion%20lover%20girl
This Is Halloween,The Citizens Of Halloween,https://genius.com/The-citizens-of-halloween-this-is-halloween-lyrics,https://api.genius.com/search?q=the%20citizens%20of%20halloween%20this%20is%20halloween
LE SSERAFIM & j-hope - SPAGHETTI (Русский перевод),Genius Russian Translations (Русский перевод),https://genius.com/Genius-russian-translations-le-sserafim-and-j-hope-spaghetti-lyrics,https://api.genius.com/search?q=le%20sserafim%20and%20j-hope%20spaghetti
Beautiful Things,Megan Moroney,https://genius.com/Megan-moroney-beautiful-things-lyrics,https://api.genius.com/search?q=megan%20moroney%20beautiful%20things
I’m Not There For You,Jessie Murph,https://genius.com/Jessie-murph-im-not-there-for-you-lyrics,https://api.genius.com/search?q=jessie%20murph%20i'm%20not%20there%20for%20you
A Couple Minutes,Olivia Dean,https://genius.com/Olivia-dean-a-couple-minutes-lyrics,https://api.genius.com/search?q=olivia%20dean%20a%20couple%20minutes
Amor,Emmanuel Cortes,https://genius.com/Emmanuel-cortes-amor-lyrics,https://api.genius.com/search?q=emmanuel%20cortes%20amor
Favorite Country Song,HARDY,https://genius.com/Hardy-favorite-country-song-lyrics,https://api.genius.com/search?q=hardy%20favorite%20country%20song
Halloween Playlist Part II: A to Z,WhatRoughBeast,https://genius.com/Whatroughbeast-halloween-playlist-part-ii-a-to-z-annotated,"https://api.genius.com/search?q=bobby%20""boris""%20pickett%20and%20the%20crypt-kickers%20monster%20mash"
Ghostbusters,Ray Parker Jr.,https://genius.com/Ray-parker-jr-ghostbusters-lyrics,https://api.genius.com/search?q=ray%20parker%20jr.%20ghostbusters
Somebody’s Watching Me,Rockwell,https://genius.com/Rockwell-somebodys-watching-me-lyrics,https://api.genius.com/search?q=rockwell%20somebody's%20watching%20me
COMË N GO,Yeat,https://genius.com/Yeat-come-n-go-lyrics,https://api.genius.com/search?q=yeat%20come%20n%20go
Travelin’ Soldier,Cody Johnson,https://genius.com/Cody-johnson-travelin-soldier-lyrics,https://api.genius.com/search?q=cody%20johnson%20travelin'%20soldier
Out the Window,Kehlani,https://genius.com/Kehlani-out-the-window-lyrics,https://api.genius.com/search?q=kehlani%20out%20the%20window
Past Won’t Leave My Bed,Joji,https://genius.com/Joji-past-wont-leave-my-bed-lyrics,https://api.genius.com/search?q=joji%20past%20won't%20leave%20my%20bed
ROSALÍA & Yahritza Y Su Esencia - La Perla (Traduzione Italiana),Genius Traduzioni Italiane,https://genius.com/Genius-traduzioni-italiane-rosalia-and-yahritza-y-su-esencia-la-perla-traduzione-italiana-lyrics,https://api.genius.com/search?q=rosalia%20and%20yahritza%20y%20su%20esencia%20la%20perla
FEAR,NF,https://genius.com/Nf-fear-lyrics,https://api.genius.com/search?q=nf%20fear
Summer Walker & Mariah the Scientist - Robbed You (Traducción al Español),Genius Traducciones al Español,https://genius.com/Genius-traducciones-al-espanol-summer-walker-and-mariah-the-scientist-robbed-you-traduccion-al-espanol-lyrics,https://api.genius.com/search?q=summer%20walker%20and%20mariah%20the%20scientist%20robbed%20you
"Summer Walker, Latto & Doja Cat - Go Girl (Traducción al Español)",Genius Traducciones al Español,https://genius.com/Genius-traducciones-al-espanol-summer-walker-latto-and-doja-cat-go-girl-traduccion-al-espanol-lyrics,"https://api.genius.com/search?q=summer%20walker,%20latto%20and%20doja%20cat%20go%20girl"
NF & mgk - WHO I WAS (Traducción al Español),Genius Traducciones al Español,https://genius.com/Genius-traducciones-al-espanol-nf-and-mgk-who-i-was-traduccion-al-espanol-lyrics,https://api.genius.com/search?q=nf%20and%20mgk%20who%20i%20was
Summer Walker & Chris Brown - Baby (Traducción al Español),Genius Traducciones al Español,https://genius.com/Genius-traducciones-al-espanol-summer-walker-and-chris-brown-baby-traduccion-al-espanol-lyrics,https://api.genius.com/search?q=summer%20walker%20and%20chris%20brown%20baby
No Love,Summer Walker,https://genius.com/Summer-walker-and-sza-no-love-lyrics,https://api.genius.com/search?q=summer%20walker%20no
March 2021 Singles Release Calendar,Genius,https://genius.com/Genius-march-2021-singles-release-calendar-annotated,https://api.genius.com/search?q=nf%20with%20james%20arthur%20sorry
FMT,Summer Walker,https://genius.com/Summer-walker-fmt-lyrics,https://api.genius.com/search?q=summer%20walker%20fmt
Summer Walker & Anderson .Paak - 1-800 Heartbreak (Traducción al Español),Genius Traducciones al Español,https://genius.com/Genius-traducciones-al-espanol-summer-walker-and-anderson-paak-1-800-heartbreak-traduccion-al-espanol-lyrics,https://api.genius.com/search?q=summer%20walker%20and%20anderson%20.paak%201-800%20heartbreak
GIVE ME A REASON,NF,https://genius.com/Nf-give-me-a-reason-lyrics,https://api.genius.com/search?q=nf%20give%20me%20a%20reason
HOME,NF,https://genius.com/Nf-home-lyrics,https://api.genius.com/search?q=nf%20home
"Summer Walker, GloRilla, Sexxy Red & Monaleo - Baller (Traducción al Español)",Genius Traducciones al Español,https://genius.com/Genius-traducciones-al-espanol-summer-walker-glorilla-sexxy-red-and-monaleo-baller-traduccion-al-espanol-lyrics,"https://api.genius.com/search?q=summer%20walker,%20glorilla,%20sexyy%20red%20and%20monaleo%20baller"
Let Alone The One You Love,Olivia Dean,https://genius.com/Olivia-dean-let-alone-the-one-you-love-lyrics,https://api.genius.com/search?q=olivia%20dean%20let%20alone%20the%20one%20you%20love
Losin’ Streak,Blake Roman,https://genius.com/Blake-roman-sam-haft-and-andrew-underberg-losin-streak-lyrics,https://api.genius.com/search?q=blake%20roman%20losin'%20streak
NOBODY’S GIRL,Tate McRae,https://genius.com/Tate-mcrae-nobodys-girl-lyrics,https://api.genius.com/search?q=tate%20mcrae%20nobody's%20girl
Cynthia Erivo & Ariana Grande - For Good (Traduction française),Genius traductions françaises,https://genius.com/Genius-traductions-francaises-cynthia-erivo-and-ariana-grande-for-good-traduction-francaise-lyrics,https://api.genius.com/search?q=cynthia%20erivo%20and%20ariana%20grande%20for%20good
ANYTHING BUT LOVE,Tate McRae,https://genius.com/Tate-mcrae-anything-but-love-lyrics,https://api.genius.com/search?q=tate%20mcrae%20anything%20but%20love
No Good Deed,Cynthia Erivo,https://genius.com/Cynthia-erivo-no-good-deed-lyrics,https://api.genius.com/search?q=cynthia%20erivo%20no%20good%20deed
TRYING ON SHOES,Tate McRae,https://genius.com/Tate-mcrae-trying-on-shoes-lyrics,https://api.genius.com/search?q=tate%20mcrae%20trying%20on%20shoes
Do It,Stray Kids,https://genius.com/Stray-kids-do-it-lyrics,https://api.genius.com/search?q=stray%20kids%20do%20it
Cold,BigXthaPlug,https://genius.com/Bigxthaplug-and-post-malone-cold-lyrics,https://api.genius.com/search?q=bigxthaplug%20and%20post%20malone%20cold
HORSESHOE,Tate McRae,https://genius.com/Tate-mcrae-horseshoe-lyrics,https://api.genius.com/search?q=tate%20mcrae%20horseshoe
Cynthia Erivo & Jonathan Bailey - As Long as You’re Mine (Traduction française),Genius traductions françaises,https://genius.com/Genius-traductions-francaises-cynthia-erivo-and-jonathan-bailey-as-long-as-youre-mine-traduction-francaise-lyrics,https://api.genius.com/search?q=cynthia%20erivo%20and%20jonathan%20bailey%20as%20long%20as%20you're%20mine
The Girl in the Bubble,Ariana Grande,https://genius.com/Ariana-grande-the-girl-in-the-bubble-lyrics,https://api.genius.com/search?q=ariana%20grande%20the%20girl%20in%20the%20bubble
"Santa, Can’t You Hear Me",Kelly Clarkson,https://genius.com/Kelly-clarkson-and-ariana-grande-santa-cant-you-hear-me-lyrics,"https://api.genius.com/search?q=kelly%20clarkson%20and%20ariana%20grande%20santa,%20can't%20you%20hear%20me"
Santa Claus Is Coming to Town,The Jackson 5,https://genius.com/The-jackson-5-santa-claus-is-coming-to-town-lyrics,https://api.genius.com/search?q=jackson%205%20santa%20claus%20is%20comin'%20to%20town
Cowgirl,Parmalee,https://genius.com/Parmalee-cowgirl-lyrics,https://api.genius.com/search?q=parmalee%20cowgirl
Shake The Snow Globe,Gwen Stefani,https://genius.com/Gwen-stefani-shake-the-snow-globe-lyrics,https://api.genius.com/search?q=gwen%20stefani%20shake%20the%20snow%20globe
"David Guetta, Teddy Swims & Tones and I - Gone Gone Gone (Український переклад)",Genius Ukrainian Translations (Українські переклади),https://genius.com/Genius-ukrainian-translations-david-guetta-teddy-swims-and-tones-and-i-gone-gone-gone-lyrics,"https://api.genius.com/search?q=david%20guetta,%20teddy%20swims%20and%20tones%20and%20i%20gone%20gone%20gone"
,,,https://api.genius.com/search?q=perry%20como%20with%20mitchell%20ayers%20and%20his%20orchestra%20home%20for%20the%20holidays
Linus and Lucy,Vince Guaraldi Trio,https://genius.com/Vince-guaraldi-trio-linus-and-lucy-lyrics,https://api.genius.com/search?q=vince%20guaraldi%20trio%20linus%20and%20lucy
"Lil Baby, Playboi Carti & Skooly - Let’s Do It (Русский перевод)",Genius Russian Translations (Русский перевод),https://genius.com/Genius-russian-translations-lil-baby-playboi-carti-and-skooly-lets-do-it-lyrics,"https://api.genius.com/search?q=lil%20baby,%20playboi%20carti%20and%20skooly%20let's%20do%20it"
She & Him - I Thought I Saw Your Face Today (Türkçe Çeviri),Genius Türkçe Çeviriler,https://genius.com/Genius-turkce-ceviriler-she-and-him-i-thought-i-saw-your-face-today-turkce-ceviri-lyrics,https://api.genius.com/search?q=she%20and%20him%20i%20thought%20i%20saw%20your%20face%20today
FDO,Pooh Shiesty,https://genius.com/Pooh-shiesty-fdo-lyrics,https://api.genius.com/search?q=pooh%20shiesty%20fdo
21 Savage & Drake - MR RECOUP (Traduction française),Genius traductions françaises,https://genius.com/Genius-traductions-francaises-21-savage-and-drake-mr-recoup-traduction-francaise-lyrics,https://api.genius.com/search?q=21%20savage%20and%20drake%20mr%20recoup
HA,21 Savage,https://genius.com/21-savage-ha-lyrics,https://api.genius.com/search?q=21%20savage%20ha
1-2 Stepper,JEFF3,https://genius.com/Jeff3-1-2-stepper-lyrics,https://api.genius.com/search?q=kato%20turn%20the%20lights%20off
WHERE YOU FROM,21 Savage,https://genius.com/21-savage-where-you-from-lyrics,https://api.genius.com/search?q=21%20savage%20where%20you%20from
21 Savage & Young Nudy - STEPBROTHERS (Tradução em Português),Genius Brasil Traduções,https://genius.com/Genius-brasil-traducoes-21-savage-and-young-nudy-stepbrothers-traducao-em-portugues-lyrics,https://api.genius.com/search?q=21%20savage%20and%20young%20nudy%20stepbrothers
21 Savage & GloRilla - DOG $HIT (Tradução em Português),Genius Brasil Traduções,https://genius.com/Genius-brasil-traducoes-21-savage-and-glorilla-dog-shit-traducao-em-portugues-lyrics,https://api.genius.com/search?q=21%20savage%20and%20glorilla%20dog%20$hit
CHANEL,Tyla,https://genius.com/Tyla-chanel-lyrics,https://api.genius.com/search?q=tyla%20chanel
4 Raws (Remix),EsDeeKid,https://genius.com/Esdeekid-and-timothee-chalamet-4-raws-remix-lyrics,https://api.genius.com/search?q=esdeekid%204%20raws
I Saw Mommy Kissing Santa Claus,The Jackson 5,https://genius.com/The-jackson-5-i-saw-mommy-kissing-santa-claus-lyrics,https://api.genius.com/search?q=jackson%205%20i%20saw%20mommy%20kissing%20santa%20claus
,,,https://api.genius.com/search?q=john%20and%20yoko/the%20plastic%20ono%20band%20with%20the%20harlem%20community%20choir%20happy%20xmas
Mele Kalikimaka,Bing Crosby,https://genius.com/Bing-crosby-and-the-andrews-sisters-mele-kalikimaka-lyrics,https://api.genius.com/search?q=bing%20crosby%20and%20the%20andrews%20sisters%20mele%20kalikimaka
A Visit from Albertine (Chapter 2),Marcel Proust,https://genius.com/Marcel-proust-a-visit-from-albertine-chapter-2-annotated,https://api.genius.com/search?q=bing%20crosby%20with%20john%20scott%20trotter%20and%20his%20orchestra%20i'll%20be%20home%20for%20christmas
EsDeeKid & Rico Ace - Phantom (Русский перевод),Genius Russian Translations (Русский перевод),https://genius.com/Genius-russian-translations-esdeekid-and-rico-ace-phantom-lyrics,https://api.genius.com/search?q=esdeekid%20and%20rico%20ace%20phantom
The Christmas Song,Olivia Dean,https://genius.com/Olivia-dean-the-christmas-song-lyrics,https://api.genius.com/search?q=olivia%20dean%20the%20christmas%20song
It Feels Like Christmas,Fall Out Boy,https://genius.com/Fall-out-boy-it-feels-like-christmas-lyrics,https://api.genius.com/search?q=fall%20out%20boy%20it%20feels%20like%20christmas
Die on This Hill,SIENNA SPIRO,https://genius.com/Sienna-spiro-die-on-this-hill-lyrics,https://api.genius.com/search?q=sienna%20spiro%20die%20on%20this%20hill
End of Beginning,Djo,https://genius.com/Djo-end-of-beginning-lyrics,https://api.genius.com/search?q=djo%20end%20of%20beginning
What You Saying,Lil Uzi Vert,https://genius.com/Lil-uzi-vert-what-you-saying-lyrics,https://api.genius.com/search?q=lil%20uzi%20vert%20what%20you%20saying
Peso Pluma & Tito Double P - dopamina (Nederlandse Vertaling),Genius Nederlandse Vertalingen,https://genius.com/Genius-nederlandse-vertalingen-peso-pluma-and-tito-double-p-dopamina-nederlandse-vertaling-lyrics,https://api.genius.com/search?q=peso%20pluma%20and%20tito%20double%20p%20dopamina
Such A Funny Way,Sabrina Carpenter,https://genius.com/Sabrina-carpenter-such-a-funny-way-lyrics,https://api.genius.com/search?q=sabrina%20carpenter%20such%20a%20funny%20way
Stay Country or Die Tryin’,Blake Shelton,https://genius.com/Blake-shelton-stay-country-or-die-tryin-lyrics,https://api.genius.com/search?q=blake%20shelton%20stay%20country%20or%20die%20tryin'
Peso Pluma & Tito Double P - daño (English Translation),Genius English Translations,https://genius.com/Genius-english-translations-peso-pluma-and-tito-double-p-dano-english-translation-lyrics,https://api.genius.com/search?q=peso%20pluma%20and%20tito%20double%20p%20dano
Juandi’s Popular Transcriptions,juandi,https://genius.com/Juandi-juandis-popular-transcriptions-annotated,https://api.genius.com/search?q=peso%20pluma%20and%20tito%20double%20p%20ni%20pedo
Zoo,Shakira,https://genius.com/Shakira-zoo-lyrics,https://api.genius.com/search?q=shakira%20zoo
Peso Pluma & Tito Double P - bckpckbyz (English Translation),Genius English Translations,https://genius.com/Genius-english-translations-peso-pluma-and-tito-double-p-bckpckbyz-english-translation-lyrics,https://api.genius.com/search?q=peso%20pluma%20and%20tito%20double%20p%20bckpckbyz
It Won’t Be Long,George Birge,https://genius.com/George-birge-it-wont-be-long-lyrics,https://api.genius.com/search?q=george%20birge%20it%20won't%20be%20long
Brunette,Tucker Wetmore,https://genius.com/Tucker-wetmore-brunette-lyrics,https://api.genius.com/search?q=tucker%20wetmore%20brunette
Leviticus,$uicideboy$,https://genius.com/Uicideboy-leviticus-lyrics,https://api.genius.com/search?q=$uicideboy$%20leviticus
Who Knows,Daniel Caesar,https://genius.com/Daniel-caesar-who-knows-lyrics,https://api.genius.com/search?q=daniel%20caesar%20who%20knows
BOO,H3adband,https://genius.com/H3adband-boo-lyrics,https://api.genius.com/search?q=h3adband%20boo
bittersweet,Madison Beer,https://genius.com/Madison-beer-bittersweet-lyrics,https://api.genius.com/search?q=madison%20beer%20bittersweet
Baby Steps,Olivia Dean,https://genius.com/Olivia-dean-baby-steps-lyrics,https://api.genius.com/search?q=olivia%20dean%20baby%20steps
Purple Rain,Prince and the Revolution,https://genius.com/Prince-and-the-revolution-purple-rain-lyrics,https://api.genius.com/search?q=prince%20and%20the%20revolution%20purple%20rain
Internet Girl,KATSEYE,https://genius.com/Katseye-internet-girl-lyrics,https://api.genius.com/search?q=katseye%20internet%20girl
Landslide,Fleetwood Mac,https://genius.com/Fleetwood-mac-landslide-lyrics,https://api.genius.com/search?q=fleetwood%20mac%20landslide
Running Up That Hill (A Deal with God),Kate Bush,https://genius.com/Kate-bush-running-up-that-hill-a-deal-with-god-lyrics,https://api.genius.com/search?q=kate%20bush%20running%20up%20that%20hill
"Doechii & SZA - girl, get up. (Tradução em Português)",Genius Brasil Traduções,https://genius.com/Genius-brasil-traducoes-doechii-and-sza-girl-get-up-traducao-em-portugues-lyrics,"https://api.genius.com/search?q=doechii%20and%20sza%20girl,%20get%20up."
Lush Life,Zara Larsson,https://genius.com/Zara-larsson-lush-life-lyrics,https://api.genius.com/search?q=zara%20larsson%20lush%20life
You Stole The Show,SIENNA SPIRO,https://genius.com/Sienna-spiro-you-stole-the-show-lyrics,https://api.genius.com/search?q=sienna%20spiro%20you%20stole%20the%20show
DON’T KILL THE PARTY,Ty Dolla $ign,https://genius.com/Ty-dolla-sign-dont-kill-the-party-lyrics,https://api.genius.com/search?q=ty%20dolla%20$ign%20don't%20kill%20the%20party
I’ve Seen It,Olivia Dean,https://genius.com/Olivia-dean-ive-seen-it-lyrics,https://api.genius.com/search?q=olivia%20dean%20i've%20seen%20it
Stateside + Zara Larsson,PinkPantheress,https://genius.com/Pinkpantheress-and-zara-larsson-stateside-zara-larsson-lyrics,https://api.genius.com/search?q=pinkpantheress%20with%20zara%20larsson%20stateside
I Just Might,Bruno Mars,https://genius.com/Bruno-mars-i-just-might-lyrics,https://api.genius.com/search?q=bruno%20mars%20i%20just%20might
Plastic Cigarette,Zach Bryan,https://genius.com/Zach-bryan-plastic-cigarette-lyrics,https://api.genius.com/search?q=zach%20bryan%20plastic%20cigarette
Sleepless in a Hotel Room,Luke Combs,https://genius.com/Luke-combs-sleepless-in-a-hotel-room-lyrics,https://api.genius.com/search?q=luke%20combs%20sleepless%20in%20a%20hotel%20room
Say Why,Zach Bryan,https://genius.com/Zach-bryan-say-why-lyrics,https://api.genius.com/search?q=zach%20bryan%20say%20why
Bad News,Zach Bryan,https://genius.com/Zach-bryan-bad-news-lyrics,https://api.genius.com/search?q=zach%20bryan%20bad%20news
Appetite,Zach Bryan,https://genius.com/Zach-bryan-appetite-lyrics,https://api.genius.com/search?q=zach%20bryan%20appetite
Runny Eggs,Zach Bryan,https://genius.com/Zach-bryan-runny-eggs-lyrics,https://api.genius.com/search?q=zach%20bryan%20runny%20eggs
Skin,Zach Bryan,https://genius.com/Zach-bryan-skin-lyrics,https://api.genius.com/search?q=zach%20bryan%20skin
DeAnn’s Denim,Zach Bryan,https://genius.com/Zach-bryan-deanns-denim-lyrics,https://api.genius.com/search?q=zach%20bryan%20deann's%20denim
Drowning,Zach Bryan,https://genius.com/Zach-bryan-drowning-lyrics,https://api.genius.com/search?q=zach%20bryan%20drowning
Dry Deserts,Zach Bryan,https://genius.com/Zach-bryan-dry-deserts-lyrics,https://api.genius.com/search?q=zach%20bryan%20dry%20deserts
Santa Fe,Zach Bryan,https://genius.com/Zach-bryan-santa-fe-lyrics,https://api.genius.com/search?q=zach%20bryan%20santa%20fe
PUNK ROCKY,A$AP Rocky,https://genius.com/A-ap-rocky-punk-rocky-lyrics,https://api.genius.com/search?q=a$ap%20rocky%20punk%20rocky
With Heaven on Top,Zach Bryan,https://genius.com/Zach-bryan-with-heaven-on-top-lyrics,https://api.genius.com/search?q=zach%20bryan%20with%20heaven%20on%20top
South and Pine,Zach Bryan,https://genius.com/Zach-bryan-south-and-pine-lyrics,https://api.genius.com/search?q=zach%20bryan%20south%20and%20pine
Cannonball,Zach Bryan,https://genius.com/Zach-bryan-cannonball-lyrics,https://api.genius.com/search?q=zach%20bryan%20cannonball
Slicked Back,Zach Bryan,https://genius.com/Zach-bryan-slicked-back-lyrics,https://api.genius.com/search?q=zach%20bryan%20slicked%20back
Anyways,Zach Bryan,https://genius.com/Zach-bryan-anyways-lyrics,https://api.genius.com/search?q=zach%20bryan%20anyways
RATHER BE,The Kid LAROI,https://genius.com/The-kid-laroi-rather-be-lyrics,https://api.genius.com/search?q=the%20kid%20laroi%20rather%20be
If They Come Lookin’,Zach Bryan,https://genius.com/Zach-bryan-if-they-come-lookin-lyrics,https://api.genius.com/search?q=zach%20bryan%20if%20they%20come%20lookin'
Rivers and Creeks,Zach Bryan,https://genius.com/Zach-bryan-rivers-and-creeks-lyrics,https://api.genius.com/search?q=zach%20bryan%20rivers%20and%20creeks
You Can Still Come Home,Zach Bryan,https://genius.com/Zach-bryan-you-can-still-come-home-lyrics,https://api.genius.com/search?q=zach%20bryan%20you%20can%20still%20come%20home
Big Guy,Ice Spice,https://genius.com/Ice-spice-big-guy-lyrics,https://api.genius.com/search?q=ice%20spice%20big%20guy
STAY HERE 4 LIFE,A$AP Rocky,https://genius.com/A-ap-rocky-stay-here-4-life-lyrics,https://api.genius.com/search?q=a$ap%20rocky%20stay%20here%204%20life
HELICOPTER,A$AP Rocky,https://genius.com/A-ap-rocky-helicopter-lyrics,https://api.genius.com/search?q=a$ap%20rocky%20helicopter
STOLE YA FLOW,A$AP Rocky,https://genius.com/A-ap-rocky-stole-ya-flow-lyrics,https://api.genius.com/search?q=a$ap%20rocky%20stole%20ya%20flow
Trap Queen,Fetty Wap,https://genius.com/Fetty-wap-trap-queen-lyrics,https://api.genius.com/search?q=fetty%20wap%20trap%20queen
Wish I Didn’t,Megan Moroney,https://genius.com/Megan-moroney-wish-i-didnt-lyrics,https://api.genius.com/search?q=megan%20moroney%20wish%20i%20didn't
ORDER OF PROTECTION,A$AP Rocky,https://genius.com/A-ap-rocky-order-of-protection-lyrics,https://api.genius.com/search?q=a$ap%20rocky%20order%20of%20protection
PLAYA,A$AP Rocky,https://genius.com/A-ap-rocky-playa-lyrics,https://api.genius.com/search?q=a$ap%20rocky%20playa
STOP SNITCHING,A$AP Rocky,https://genius.com/A-ap-rocky-stop-snitching-lyrics,https://api.genius.com/search?q=a$ap%20rocky%20stop%20snitching
Bruce Wayne,YoungBoy Never Broke Again,https://genius.com/Youngboy-never-broke-again-bruce-wayne-lyrics,https://api.genius.com/search?q=youngboy%20never%20broke%20again%20bruce%20wayne
NO TRESPASSING,A$AP Rocky,https://genius.com/A-ap-rocky-no-trespassing-lyrics,https://api.genius.com/search?q=a$ap%20rocky%20no%20trespassing
DON’T BE DUMB / TRIP BABY,A$AP Rocky,https://genius.com/A-ap-rocky-dont-be-dumb-trip-baby-lyrics,https://api.genius.com/search?q=a$ap%20rocky%20don't%20be%20dumb%20/%20trip%20baby
Headtap,YoungBoy Never Broke Again,https://genius.com/Youngboy-never-broke-again-headtap-lyrics,https://api.genius.com/search?q=youngboy%20never%20broke%20again%20headtap
AIR FORCE (BLACK DEMARCO),A$AP Rocky,https://genius.com/A-ap-rocky-air-force-black-demarco-lyrics,https://api.genius.com/search?q=a$ap%20rocky%20air%20force
Midnight Sun,Zara Larsson,https://genius.com/Zara-larsson-midnight-sun-lyrics,https://api.genius.com/search?q=zara%20larsson%20midnight%20sun
Another Episode,YoungBoy Never Broke Again,https://genius.com/Youngboy-never-broke-again-another-episode-lyrics,https://api.genius.com/search?q=youngboy%20never%20broke%20again%20another%20episode
WHISKEY (RELEASE ME),A$AP Rocky,https://genius.com/A-ap-rocky-whiskey-release-me-lyrics,https://api.genius.com/search?q=a$ap%20rocky%20whiskey
Anti-Social,YoungBoy Never Broke Again,https://genius.com/Youngboy-never-broke-again-anti-social-lyrics,https://api.genius.com/search?q=youngboy%20never%20broke%20again%20anti-social
June 2025 Singles Release Calendar,Genius,https://genius.com/Genius-june-2025-singles-release-calendar-annotated,https://api.genius.com/search?q=pitbull%20x%20lil%20jon%20damn%20i%20love%20miami
Mrs. Trendsetter,Lil Baby,https://genius.com/Lil-baby-mrs-trendsetter-lyrics,https://api.genius.com/search?q=lil%20baby%20mrs.%20trendsetter
"Lover, You Should’ve Come Over",Jeff Buckley,https://genius.com/Jeff-buckley-lover-you-shouldve-come-over-lyrics,"https://api.genius.com/search?q=jeff%20buckley%20lover,%20you%20should've%20come%20over"
Aperture,Harry Styles,https://genius.com/Harry-styles-aperture-lyrics,https://api.genius.com/search?q=harry%20styles%20aperture
ATM,Don Toliver,https://genius.com/Don-toliver-atm-lyrics,https://api.genius.com/search?q=don%20toliver%20atm
Change My Mind,Riley Green,https://genius.com/Riley-green-change-my-mind-lyrics,https://api.genius.com/search?q=riley%20green%20change%20my%20mind
Ain’t A Bad Life,Thomas Rhett,https://genius.com/Thomas-rhett-aint-a-bad-life-lyrics,https://api.genius.com/search?q=thomas%20rhett%20ain't%20a%20bad%20life
POP DAT THANG,DaBaby,https://genius.com/Dababy-pop-dat-thang-lyrics,https://api.genius.com/search?q=dababy%20pop%20dat%20thang
LET ’EM KNOW,T.I.,https://genius.com/Ti-let-em-know-lyrics,https://api.genius.com/search?q=t.i.%20let%20'em%20know
Dave & Tems - Raindance (الترجمة العربية),Genius Arabic Translations (الترجمات العربية),https://genius.com/Genius-arabic-translations-dave-and-tems-raindance-lyrics,https://api.genius.com/search?q=dave%20and%20tems%20raindance
Time’s Ticking,Justin Moore,https://genius.com/Justin-moore-times-ticking-lyrics,https://api.genius.com/search?q=justin%20moore%20time's%20ticking
Mrs Magic,Strawberry Guy,https://genius.com/Strawberry-guy-mrs-magic-lyrics,https://api.genius.com/search?q=strawberry%20guy%20mrs%20magic
The Great Divide,Noah Kahan,https://genius.com/Noah-kahan-the-great-divide-lyrics,https://api.genius.com/search?q=noah%20kahan%20the%20great%20divide
Body,Don Toliver,https://genius.com/Don-toliver-body-lyrics,https://api.genius.com/search?q=don%20toliver%20body
E85,Don Toliver,https://genius.com/Don-toliver-e85-lyrics,https://api.genius.com/search?q=don%20toliver%20e85
Secondhand,Don Toliver,https://genius.com/Don-toliver-secondhand-lyrics,https://api.genius.com/search?q=don%20toliver%20secondhand
Rendezvous,Don Toliver,https://genius.com/Don-toliver-rendezvous-lyrics,https://api.genius.com/search?q=don%20toliver%20rendezvous
January 2026 Singles Release Calendar,Genius,https://genius.com/Genius-january-2026-singles-release-calendar-annotated,"https://api.genius.com/search?q=hardy,%20eric%20church,%20morgan%20wallen%20and%20tim%20mcgraw%20mcarthur"
Rosary,Don Toliver,https://genius.com/Don-toliver-rosary-lyrics,https://api.genius.com/search?q=don%20toliver%20rosary
Dandelion,Ella Langley,https://genius.com/Ella-langley-dandelion-lyrics,https://api.genius.com/search?q=ella%20langley%20dandelion
Call Back,Don Toliver,https://genius.com/Don-toliver-call-back-lyrics,https://api.genius.com/search?q=don%20toliver%20call%20back
Gemstone,Don Toliver,https://genius.com/Don-toliver-gemstone-lyrics,https://api.genius.com/search?q=don%20toliver%20gemstone
Excavator,Don Toliver,https://genius.com/Don-toliver-excavator-lyrics,https://api.genius.com/search?q=don%20toliver%20excavator
OPPOSITE,Don Toliver,https://genius.com/Don-toliver-opposite-lyrics,https://api.genius.com/search?q=don%20toliver%20opposite
All The Signs,Don Toliver,https://genius.com/Don-toliver-all-the-signs-lyrics,https://api.genius.com/search?q=don%20toliver%20all%20the%20signs
Tuition,Don Toliver,https://genius.com/Don-toliver-tuition-lyrics,https://api.genius.com/search?q=don%20toliver%20tuition
Long Way To Calabasas,Don Toliver,https://genius.com/Don-toliver-long-way-to-calabasas-lyrics,https://api.genius.com/search?q=don%20toliver%20long%20way%20to%20calabasas
K9,Don Toliver,https://genius.com/Don-toliver-k9-lyrics,https://api.genius.com/search?q=don%20toliver%20k9
TMU,Don Toliver,https://genius.com/Don-toliver-tmu-lyrics,https://api.genius.com/search?q=don%20toliver%20tmu
Sweet Home,Don Toliver,https://genius.com/Don-toliver-sweet-home-lyrics,https://api.genius.com/search?q=don%20toliver%20sweet%20home
Pleasure’s Mine,Don Toliver,https://genius.com/Don-toliver-pleasures-mine-lyrics,https://api.genius.com/search?q=don%20toliver%20pleasure's%20mine
Feed The Streets,Rod Wave,https://genius.com/Rod-wave-feed-the-streets-lyrics,https://api.genius.com/search?q=rod%20wave%20feed%20the%20streets
What You Need,Tems,https://genius.com/Tems-what-you-need-lyrics,https://api.genius.com/search?q=tems%20what%20you%20need
Bad Bunny - Tití Me Preguntó (English Translation),Genius English Translations,https://genius.com/Genius-english-translations-bad-bunny-titi-me-pregunto-english-translation-lyrics,https://api.genius.com/search?q=bad%20bunny%20titi%20me%20pregunto
Two Six,J. Cole,https://genius.com/J-cole-two-six-lyrics,https://api.genius.com/search?q=j.%20cole%20two%20six
J Balvin & Bad Bunny - LA CANCIÓN (Deutsche Übersetzung),Genius Deutsche Übersetzungen,https://genius.com/Genius-deutsche-ubersetzungen-j-balvin-and-bad-bunny-la-cancion-deutsche-ubersetzung-lyrics,https://api.genius.com/search?q=j%20balvin%20and%20bad%20bunny%20la%20cancion
SAFETY,J. Cole,https://genius.com/J-cole-safety-lyrics,https://api.genius.com/search?q=j.%20cole%20safety
Poor Thang,J. Cole,https://genius.com/J-cole-poor-thang-lyrics,https://api.genius.com/search?q=j.%20cole%20poor%20thang
Homewrecker,sombr,https://genius.com/Sombr-homewrecker-lyrics,https://api.genius.com/search?q=sombr%20homewrecker
WHO TF IZ U,J. Cole,https://genius.com/J-cole-who-tf-iz-u-lyrics,https://api.genius.com/search?q=j.%20cole%20who%20tf%20iz%20u
Run a Train,J. Cole,https://genius.com/J-cole-and-future-run-a-train-lyrics,https://api.genius.com/search?q=j.%20cole%20and%20future%20run%20a%20train
"J. Cole, Future & Tems - Bunce Road Blues (Tradução em Português)",Genius Brasil Traduções,https://genius.com/Genius-brasil-traducoes-j-cole-future-and-tems-bunce-road-blues-traducao-em-portugues-lyrics,"https://api.genius.com/search?q=j.%20cole,%20tems%20and%20future%20bunce%20road%20blues"
J. Cole - Legacy ft. PJ (Türkçe Çeviri),Genius Türkçe Çeviriler,https://genius.com/Genius-turkce-ceviriler-j-cole-legacy-ft-pj-turkce-ceviri-lyrics,https://api.genius.com/search?q=j.%20cole%20and%20pj%20legacy
Bad Bunny - MONACO (English Translation),Genius English Translations,https://genius.com/Genius-english-translations-bad-bunny-monaco-english-translation-lyrics,https://api.genius.com/search?q=bad%20bunny%20monaco
The Let Out,J. Cole,https://genius.com/J-cole-the-let-out-lyrics,https://api.genius.com/search?q=j.%20cole%20the%20let%20out
Drum n Bass,J. Cole,https://genius.com/J-cole-drum-n-bass-lyrics,https://api.genius.com/search?q=j.%20cole%20drum%20n%20bass
Today’s Top Hits 12/18/20,Spotify,https://genius.com/Spotify-todays-top-hits-12-18-20-annotated,https://api.genius.com/search?q=bad%20bunny%20and%20jhay%20cortez%20dakiti
Bombs in the Ville/Hit the Gas,J. Cole,https://genius.com/J-cole-bombs-in-the-ville-hit-the-gas-lyrics,https://api.genius.com/search?q=j.%20cole%20bombs%20in%20the%20ville/hit%20the%20gas
29 Intro,J. Cole,https://genius.com/J-cole-29-intro-lyrics,https://api.genius.com/search?q=j.%20cole%2029%20intro
39 Intro,J. Cole,https://genius.com/J-cole-39-intro-lyrics,https://api.genius.com/search?q=j.%20cole%2039%20intro
accomplishments,para,https://genius.com/Para-accomplishments-annotated,https://api.genius.com/search?q=j.%20cole%20and%20petey%20pablo%20old%20dog
The Fall-Off Is Inevitable,J. Cole,https://genius.com/J-cole-the-fall-off-is-inevitable-lyrics,https://api.genius.com/search?q=j.%20cole%20the%20fall-off%20is%20inevitable
’Til You Can’t,Kid Rock,https://genius.com/Kid-rock-til-you-cant-lyrics,https://api.genius.com/search?q=kid%20rock%20til'%20you%20can't
J. Cole & Erykah Badu - The Villest (Tradução em Português),Genius Brasil Traduções,https://genius.com/Genius-brasil-traducoes-j-cole-and-erykah-badu-the-villest-traducao-em-portugues-lyrics,https://api.genius.com/search?q=j.%20cole%20and%20erykah%20badu%20the%20villest
Life Sentence,J. Cole,https://genius.com/J-cole-life-sentence-lyrics,https://api.genius.com/search?q=j.%20cole%20life%20sentence
Lonely at the Top,J. Cole,https://genius.com/J-cole-lonely-at-the-top-lyrics,https://api.genius.com/search?q=j.%20cole%20lonely%20at%20the%20top
Only You,J. Cole,https://genius.com/J-cole-and-burna-boy-only-you-lyrics,https://api.genius.com/search?q=j.%20cole%20and%20burna%20boy%20only%20you
I Love Her Again,J. Cole,https://genius.com/J-cole-i-love-her-again-lyrics,https://api.genius.com/search?q=j.%20cole%20i%20love%20her%20again
Babydoll,Dominic Fike,https://genius.com/Dominic-fike-babydoll-lyrics,https://api.genius.com/search?q=dominic%20fike%20babydoll
Man Up Above,J. Cole,https://genius.com/J-cole-man-up-above-lyrics,https://api.genius.com/search?q=j.%20cole%20man%20up%20above
Quik Stop,J. Cole,https://genius.com/J-cole-quik-stop-lyrics,https://api.genius.com/search?q=j.%20cole%20quik%20stop
Be By You,Luke Combs,https://genius.com/Luke-combs-be-by-you-lyrics,https://api.genius.com/search?q=luke%20combs%20be%20by%20you
Be Her,Ella Langley,https://genius.com/Ella-langley-be-her-lyrics,https://api.genius.com/search?q=ella%20langley%20be%20her
butterflies.,Brent Faiyaz,https://genius.com/Brent-faiyaz-butterflies-lyrics,https://api.genius.com/search?q=brent%20faiyaz%20butterflies.
have to.,Brent Faiyaz,https://genius.com/Brent-faiyaz-have-to-lyrics,https://api.genius.com/search?q=brent%20faiyaz%20have%20to.
wrong faces.,Brent Faiyaz,https://genius.com/Brent-faiyaz-wrong-faces-lyrics,https://api.genius.com/search?q=brent%20faiyaz%20wrong%20faces.
other side.,Brent Faiyaz,https://genius.com/Brent-faiyaz-other-side-lyrics,https://api.genius.com/search?q=brent%20faiyaz%20other%20side.
iloveitiloveitiloveit,Bella Kay,https://genius.com/Bella-kay-iloveitiloveitiloveit-lyrics,https://api.genius.com/search?q=bella%20kay%20iloveitiloveitiloveit
four seasons.,Brent Faiyaz,https://genius.com/Brent-faiyaz-four-seasons-lyrics,https://api.genius.com/search?q=brent%20faiyaz%20four%20seasons.
Chains of Love,Charli xcx,https://genius.com/Charli-xcx-chains-of-love-lyrics,https://api.genius.com/search?q=charli%20xcx%20chains%20of%20love
strangers.,Brent Faiyaz,https://genius.com/Brent-faiyaz-strangers-lyrics,https://api.genius.com/search?q=brent%20faiyaz%20strangers.
DROGA LETAL,Junior H,https://genius.com/Junior-h-gael-valenzuela-and-peso-pluma-droga-letal-lyrics,"https://api.genius.com/search?q=junior%20h,%20gael%20valenzuela%20and%20peso%20pluma%20droga%20letal"
Good Flirts,Baby Keem,https://genius.com/Baby-keem-good-flirts-lyrics,https://api.genius.com/search?q=baby%20keem%20good%20flirts
Ca$ino,Baby Keem,https://genius.com/Baby-keem-ca-ino-lyrics,https://api.genius.com/search?q=baby%20keem%20ca$ino
Medicine,Megan Moroney,https://genius.com/Megan-moroney-medicine-lyrics,https://api.genius.com/search?q=megan%20moroney%20medicine
House Money,Baby Keem,https://genius.com/Baby-keem-house-money-lyrics,https://api.genius.com/search?q=baby%20keem%20house%20money
Birds & the Bees,Baby Keem,https://genius.com/Baby-keem-birds-and-the-bees-lyrics,https://api.genius.com/search?q=baby%20keem%20birds%20and%20the%20bees
Drag Path,Twenty One Pilots,https://genius.com/Twenty-one-pilots-drag-path-lyrics,https://api.genius.com/search?q=twenty%20one%20pilots%20drag%20path
Wedding Dress,Megan Moroney,https://genius.com/Megan-moroney-wedding-dress-lyrics,https://api.genius.com/search?q=megan%20moroney%20wedding%20dress
Cloud 9,Megan Moroney,https://genius.com/Megan-moroney-cloud-9-lyrics,https://api.genius.com/search?q=megan%20moroney%20cloud%209
Circus Circus Free$tyle,Baby Keem,https://genius.com/Baby-keem-circus-circus-free-tyle-lyrics,https://api.genius.com/search?q=baby%20keem%20circus%20circus%20free$tyle
I Only Miss You,Megan Moroney,https://genius.com/Megan-moroney-i-only-miss-you-lyrics,https://api.genius.com/search?q=megan%20moroney%20and%20ed%20sheeran%20i%20only%20miss%20you
Who Hurt You?,Megan Moroney,https://genius.com/Megan-moroney-who-hurt-you-lyrics,https://api.genius.com/search?q=megan%20moroney%20who%20hurt%20you?
$ex Appeal,Baby Keem,https://genius.com/Baby-keem-ex-appeal-lyrics,https://api.genius.com/search?q=baby%20keem%20$ex%20appeal
No Security,Baby Keem,https://genius.com/Baby-keem-no-security-lyrics,https://api.genius.com/search?q=baby%20keem%20no%20security
Dramatic Girl,Baby Keem,https://genius.com/Baby-keem-dramatic-girl-lyrics,https://api.genius.com/search?q=baby%20keem%20dramatic%20girl
Stupid,Megan Moroney,https://genius.com/Megan-moroney-stupid-lyrics,https://api.genius.com/search?q=megan%20moroney%20stupid
White Keys,Dominic Fike,https://genius.com/Dominic-fike-white-keys-lyrics,https://api.genius.com/search?q=dominic%20fike%20white%20keys
Highway 95 pt.2,Baby Keem,https://genius.com/Baby-keem-highway-95-pt2-lyrics,https://api.genius.com/search?q=baby%20keem%20highway%2095%20pt.2
I am not a Lyricist,Baby Keem,https://genius.com/Baby-keem-i-am-not-a-lyricist-lyrics,https://api.genius.com/search?q=baby%20keem%20i%20am%20not%20a%20lyricist
Convincing,Megan Moroney,https://genius.com/Megan-moroney-convincing-lyrics,https://api.genius.com/search?q=megan%20moroney%20convincing
Risk It All,Bruno Mars,https://genius.com/Bruno-mars-risk-it-all-lyrics,https://api.genius.com/search?q=bruno%20mars%20risk%20it%20all
FEVER DREAM,Alex Warren,https://genius.com/Alex-warren-fever-dream-lyrics,https://api.genius.com/search?q=alex%20warren%20fever%20dream
Cha Cha Cha,Bruno Mars,https://genius.com/Bruno-mars-cha-cha-cha-lyrics,https://api.genius.com/search?q=bruno%20mars%20cha%20cha%20cha
God Was Showing Off,Bruno Mars,https://genius.com/Bruno-mars-god-was-showing-off-lyrics,https://api.genius.com/search?q=bruno%20mars%20god%20was%20showing%20off
Why You Wanna Fight?,Bruno Mars,https://genius.com/Bruno-mars-why-you-wanna-fight-lyrics,https://api.genius.com/search?q=bruno%20mars%20why%20you%20wanna%20fight?
Dance With Me,Bruno Mars,https://genius.com/Bruno-mars-dance-with-me-lyrics,https://api.genius.com/search?q=bruno%20mars%20dance%20with%20me
On My Soul,Bruno Mars,https://genius.com/Bruno-mars-on-my-soul-lyrics,https://api.genius.com/search?q=bruno%20mars%20on%20my%20soul
Something Serious,Bruno Mars,https://genius.com/Bruno-mars-something-serious-lyrics,https://api.genius.com/search?q=bruno%20mars%20something%20serious
Nothing Left,Bruno Mars,https://genius.com/Bruno-mars-nothing-left-lyrics,https://api.genius.com/search?q=bruno%20mars%20nothing%20left
Gone,ROSÉ,https://genius.com/Rose-gone-lyrics,https://api.genius.com/search?q=blackpink%20go
B.B.B. (Remix),Juvenile,https://genius.com/Juvenile-and-megan-thee-stallion-bbb-remix-lyrics,https://api.genius.com/search?q=juvenile%20b%20b%20b
Turn This Truck Around,Jordan Davis,https://genius.com/Jordan-davis-turn-this-truck-around-lyrics,https://api.genius.com/search?q=jordan%20davis%20turn%20this%20truck%20around
What He’ll Never Have,Dylan Scott,https://genius.com/Dylan-scott-what-hell-never-have-lyrics,https://api.genius.com/search?q=dylan%20scott%20what%20he'll%20never%20have
December 2025 Singles Release Calendar,Genius,https://genius.com/Genius-december-2025-singles-release-calendar-annotated,https://api.genius.com/search?q=corey%20kent%20and%20koe%20wetzel%20rocky%20mountain%20low
Earrings,Malcolm Todd,https://genius.com/Malcolm-todd-earrings-lyrics,https://api.genius.com/search?q=malcolm%20todd%20earrings
American Girls,Harry Styles,https://genius.com/Harry-styles-american-girls-lyrics,https://api.genius.com/search?q=harry%20styles%20american%20girls
"Ready, Steady, Go!",Harry Styles,https://genius.com/Harry-styles-ready-steady-go-lyrics,"https://api.genius.com/search?q=harry%20styles%20ready,%20steady,%20go!"
Taste Back,Harry Styles,https://genius.com/Harry-styles-taste-back-lyrics,https://api.genius.com/search?q=harry%20styles%20taste%20back
Coming Up Roses,Harry Styles,https://genius.com/Harry-styles-coming-up-roses-lyrics,https://api.genius.com/search?q=harry%20styles%20coming%20up%20roses
Pop,Harry Styles,https://genius.com/Harry-styles-pop-lyrics,https://api.genius.com/search?q=harry%20styles%20pop
Are You Listening Yet?,Harry Styles,https://genius.com/Harry-styles-are-you-listening-yet-lyrics,https://api.genius.com/search?q=harry%20styles%20are%20you%20listening%20yet?
Dance No More,Harry Styles,https://genius.com/Harry-styles-dance-no-more-lyrics,https://api.genius.com/search?q=harry%20styles%20dance%20no%20more
The Waiting Game,Harry Styles,https://genius.com/Harry-styles-the-waiting-game-lyrics,https://api.genius.com/search?q=harry%20styles%20the%20waiting%20game
Season 2 Weight Loss,Harry Styles,https://genius.com/Harry-styles-season-2-weight-loss-lyrics,https://api.genius.com/search?q=harry%20styles%20season%202%20weight%20loss
Carla’s Song,Harry Styles,https://genius.com/Harry-styles-carlas-song-lyrics,https://api.genius.com/search?q=harry%20styles%20carla's%20song
Paint By Numbers,Harry Styles,https://genius.com/Harry-styles-paint-by-numbers-lyrics,https://api.genius.com/search?q=harry%20styles%20paint%20by%20numbers
KXYLIB FOR TONEDISTRIKT - 3026 VDAY MIX (R&B),Kxylib,https://genius.com/Kxylib-and-tonedistrikt-kxylib-for-tonedistrikt-3026-vday-mix-r-b-lyrics,https://api.genius.com/search?q=wale%20and%20leon%20thomas%20watching%20us
In My Room,Julia Wolf,https://genius.com/Julia-wolf-in-my-room-lyrics,https://api.genius.com/search?q=julia%20wolf%20in%20my%20room
Porch Light,Noah Kahan,https://genius.com/Noah-kahan-porch-light-lyrics,https://api.genius.com/search?q=noah%20kahan%20porch%20light
The Visitor,SIENNA SPIRO,https://genius.com/Sienna-spiro-the-visitor-lyrics,https://api.genius.com/search?q=sienna%20spiro%20the%20visitor
Motion Party,BossMan Dlow,https://genius.com/Bossman-dlow-motion-party-lyrics,https://api.genius.com/search?q=bossman%20dlow%20motion%20party
Dry Spell,Kacey Musgraves,https://genius.com/Kacey-musgraves-dry-spell-lyrics,https://api.genius.com/search?q=kacey%20musgraves%20dry%20spell
Breathe,Malcolm Todd,https://genius.com/Malcolm-todd-breathe-lyrics,https://api.genius.com/search?q=malcolm%20todd%20breathe
Sam Fender & Olivia Dean - Rein Me In (Traduzione Italiana),Genius Traduzioni Italiane,https://genius.com/Genius-traduzioni-italiane-sam-fender-and-olivia-dean-rein-me-in-traduzione-italiana-lyrics,https://api.genius.com/search?q=sam%20fender%20and%20olivia%20dean%20rein%20me%20in
beabadoobee - All I Did Was Dream of You ft. The Marías (Русский перевод),Genius Russian Translations (Русский перевод),https://genius.com/Genius-russian-translations-beabadoobee-all-i-did-was-dream-of-you-ft-the-marias-lyrics,https://api.genius.com/search?q=beabadoobee%20all%20i%20did%20was%20dream%20of%20you
Woman,Kane Brown,https://genius.com/Kane-brown-woman-lyrics,https://api.genius.com/search?q=kane%20brown%20woman
I Ain’t No Cowboy,Luke Combs,https://genius.com/Luke-combs-i-aint-no-cowboy-lyrics,https://api.genius.com/search?q=luke%20combs%20i%20ain't%20no%20cowboy
Trade Places,Jack Harlow,https://genius.com/Jack-harlow-trade-places-lyrics,https://api.genius.com/search?q=jack%20harlow%20trade%20places
Ever Since U Left Me (I Went Deaf),French Montana,https://genius.com/French-montana-and-max-b-ever-since-u-left-me-i-went-deaf-lyrics,https://api.genius.com/search?q=french%20montana%20and%20max%20b%20ever%20since%20u%20left%20me
SWIM,BTS,https://genius.com/Bts-swim-lyrics,https://api.genius.com/search?q=bts%20swim
Body to Body,BTS,https://genius.com/Bts-body-to-body-lyrics,https://api.genius.com/search?q=bts%20body%20to%20body
Hooligan,BTS,https://genius.com/Bts-hooligan-lyrics,https://api.genius.com/search?q=bts%20hooligan
FYA,BTS,https://genius.com/Bts-fya-lyrics,https://api.genius.com/search?q=bts%20fya
NORMAL,BTS,https://genius.com/Bts-normal-lyrics,https://api.genius.com/search?q=bts%20normal
Rethink Some Things,Luke Combs,https://genius.com/Luke-combs-rethink-some-things-lyrics,https://api.genius.com/search?q=luke%20combs%20rethink%20some%20things
Aliens,BTS,https://genius.com/Bts-aliens-lyrics,https://api.genius.com/search?q=bts%20aliens
2.0,BTS,https://genius.com/Bts-20-lyrics,https://api.genius.com/search?q=bts%202.0
Merry Go Round,BTS,https://genius.com/Bts-merry-go-round-lyrics,https://api.genius.com/search?q=bts%20merry%20go%20round
Like Animals,BTS,https://genius.com/Bts-like-animals-lyrics,https://api.genius.com/search?q=bts%20like%20animals
Loving Life Again,Ella Langley,https://genius.com/Ella-langley-loving-life-again-lyrics,https://api.genius.com/search?q=ella%20langley%20loving%20life%20again
they don’t know ’bout us,BTS,https://genius.com/Bts-they-dont-know-bout-us-lyrics,https://api.genius.com/search?q=bts%20they%20don't%20know%20'bout%20us
One More Night,BTS,https://genius.com/Bts-one-more-night-lyrics,https://api.genius.com/search?q=bts%20one%20more%20night
Please,BTS,https://genius.com/Bts-please-lyrics,https://api.genius.com/search?q=bts%20please
Into the Sun,BTS,https://genius.com/Bts-into-the-sun-lyrics,https://api.genius.com/search?q=bts%20into%20the%20sun
Can’t Sit Still,Lainey Wilson,https://genius.com/Lainey-wilson-cant-sit-still-lyrics,https://api.genius.com/search?q=lainey%20wilson%20can't%20sit%20still
Go Away,Weezer,https://genius.com/Weezer-go-away-lyrics,https://api.genius.com/search?q=weezer%20go%20away
Freakin’ Out,Dexter and the Moonrocks,https://genius.com/Dexter-and-the-moonrocks-freakin-out-lyrics,https://api.genius.com/search?q=dexter%20and%20the%20moonrocks%20freakin'%20out
Ye - FATHER ft. Travis Scott (polskie tłumaczenie),Polskie tłumaczenia Genius,https://genius.com/Polskie-tumaczenia-genius-ye-father-ft-travis-scott-polskie-tumaczenie-lyrics,https://api.genius.com/search?q=ye%20and%20travis%20scott%20father
"Ye, Kanye West - ALL THE LOVE ft. André Troutman",Polskie tłumaczenia Genius,https://genius.com/Polskie-tumaczenia-genius-ye-kanye-west-all-the-love-ft-andre-troutman-lyrics,https://api.genius.com/search?q=ye%20and%20andre%20troutman%20all%20the%20love
Ye,Tezzus,https://genius.com/Tezzus-ye-lyrics,https://api.genius.com/search?q=ye%20king
Ye - PUNCH DRUNK (polskie tłumaczenie),Polskie tłumaczenia Genius,https://genius.com/Polskie-tumaczenia-genius-ye-punch-drunk-polskie-tumaczenie-lyrics,https://api.genius.com/search?q=ye%20punch%20drunk
Ye - WHATEVER WORKS (polskie tłumaczenie),Polskie tłumaczenia Genius,https://genius.com/Polskie-tumaczenia-genius-ye-whatever-works-polskie-tumaczenie-lyrics,https://api.genius.com/search?q=ye%20whatever%20works
Ye - THIS A MUST (polskie tłumaczenie),Polskie tłumaczenia Genius,https://genius.com/Polskie-tumaczenia-genius-ye-this-a-must-polskie-tumaczenie-lyrics,https://api.genius.com/search?q=ye%20this%20a%20must
PREACHER MAN (First Pressing / Single Version),Ye,https://genius.com/Ye-preacher-man-first-pressing-single-version-lyrics,https://api.genius.com/search?q=ye%20preacher%20man
Ye - MAMA’S FAVORITE (polskie tłumaczenie),Polskie tłumaczenia Genius,https://genius.com/Polskie-tumaczenia-genius-ye-mamas-favorite-polskie-tumaczenie-lyrics,https://api.genius.com/search?q=ye%20mama's%20favorite
"Ye, Kanye West - BULLY ft. CeeLo Green",Polskie tłumaczenia Genius,https://genius.com/Polskie-tumaczenia-genius-ye-kanye-west-bully-ft-ceelo-green-lyrics,https://api.genius.com/search?q=ye%20and%20ceelo%20green%20bully
HIGHS AND LOWS (First Pressing Edition),Ye,https://genius.com/Ye-highs-and-lows-first-pressing-edition-lyrics,https://api.genius.com/search?q=ye%20highs%20and%20lows
SISTERS AND BROTHERS [V29],Ye,https://genius.com/Ye-sisters-and-brothers-v29-lyrics,https://api.genius.com/search?q=ye%20sisters%20and%20brothers
Younger You,Miley Cyrus,https://genius.com/Miley-cyrus-younger-you-lyrics,https://api.genius.com/search?q=miley%20cyrus%20younger%20you
I CAN’T WAIT (First Pressing Edition),Ye,https://genius.com/Ye-i-cant-wait-first-pressing-edition-lyrics,https://api.genius.com/search?q=ye%20i%20can't%20wait
Kanye West & Peso Pluma - LAST BREATH (English Translation),Genius English Translations,https://genius.com/Genius-english-translations-kanye-west-and-peso-pluma-last-breath-english-translation-lyrics,https://api.genius.com/search?q=ye%20and%20peso%20pluma%20last%20breath
Why I Am Opposed to the War in Vietnam,Martin Luther King Jr.,https://genius.com/Martin-luther-king-jr-why-i-am-opposed-to-the-war-in-vietnam-annotated,https://api.genius.com/search?q=ye%20and%20andre%20troutman%20white%20lines
BEAUTY AND THE BEAST (First Pressing / Single Version),Ye,https://genius.com/Ye-beauty-and-the-beast-first-pressing-single-version-lyrics,https://api.genius.com/search?q=ye%20beauty%20and%20the%20beast
CIRCLES (First Pressing Edition),Ye,https://genius.com/Ye-circles-first-pressing-edition-lyrics,https://api.genius.com/search?q=ye%20circles
Yeat & Don Toliver - Griddlë (Русский перевод),Genius Russian Translations (Русский перевод),https://genius.com/Genius-russian-translations-yeat-and-don-toliver-griddle-lyrics,https://api.genius.com/search?q=yeat%20and%20don%20toliver%20griddle
silent treatment,Freya Skye,https://genius.com/Freya-skye-silent-treatment-lyrics,https://api.genius.com/search?q=freya%20skye%20silent%20treatment
Jane!,The Long Faces,https://genius.com/The-long-faces-jane-lyrics,https://api.genius.com/search?q=the%20long%20faces%20jane!
Hate How You Look,Josh Ross,https://genius.com/Josh-ross-hate-how-you-look-lyrics,https://api.genius.com/search?q=josh%20ross%20hate%20how%20you%20look
Self Aware,Temper City,https://genius.com/Temper-city-self-aware-lyrics,https://api.genius.com/search?q=temper%20city%20self%20aware
girl you’re taking home,Ella Langley,https://genius.com/Ella-langley-girl-youre-taking-home-lyrics,https://api.genius.com/search?q=ella%20langley%20girl%20you're%20taking%20home
Be Like A Woman,Chris Rainbow,https://genius.com/Chris-rainbow-be-like-a-woman-lyrics,https://api.genius.com/search?q=chris%20rainbow%20be%20like%20a%20woman
Boston,STELLA LEFTY,https://genius.com/Stella-lefty-boston-lyrics,https://api.genius.com/search?q=stella%20lefty%20boston
Say So,Dan + Shay,https://genius.com/Dan-shay-say-so-lyrics,https://api.genius.com/search?q=dan%20+%20shay%20say%20so
Sweet Boy,Malcolm Todd,https://genius.com/Malcolm-todd-sweet-boy-lyrics,https://api.genius.com/search?q=malcolm%20todd%20sweet%20boy
Bottom of Your Boots,Ella Langley,https://genius.com/Ella-langley-bottom-of-your-boots-lyrics,https://api.genius.com/search?q=ella%20langley%20bottom%20of%20your%20boots
Beauty and a Beat,Justin Bieber,https://genius.com/Justin-bieber-beauty-and-a-beat-lyrics,https://api.genius.com/search?q=justin%20bieber%20beauty%20and%20a%20beat
PINKY UP,KATSEYE,https://genius.com/Katseye-pinky-up-lyrics,https://api.genius.com/search?q=katseye%20pinky%20up
Baby,Justin Bieber,https://genius.com/Justin-bieber-baby-lyrics,https://api.genius.com/search?q=justin%20bieber%20baby
Lady Gaga & Doechii - RUNWAY (Traducción al Español),Genius Traducciones al Español,https://genius.com/Genius-traducciones-al-espanol-lady-gaga-and-doechii-runway-traduccion-al-espanol-lyrics,https://api.genius.com/search?q=lady%20gaga%20and%20doechii%20runway
Broken,Ella Langley,https://genius.com/Ella-langley-broken-lyrics,https://api.genius.com/search?q=ella%20langley%20broken
We Know Us,Ella Langley,https://genius.com/Ella-langley-we-know-us-lyrics,https://api.genius.com/search?q=ella%20langley%20we%20know%20us
You & Me Time,Ella Langley,https://genius.com/Ella-langley-you-and-me-time-lyrics,https://api.genius.com/search?q=ella%20langley%20you%20and%20me%20time
Obvious,Chris Brown,https://genius.com/Chris-brown-obvious-lyrics,https://api.genius.com/search?q=chris%20brown%20obvious
Low Lights,Ella Langley,https://genius.com/Ella-langley-low-lights-lyrics,https://api.genius.com/search?q=ella%20langley%20low%20lights
Speaking Terms,Ella Langley,https://genius.com/Ella-langley-speaking-terms-lyrics,https://api.genius.com/search?q=ella%20langley%20speaking%20terms
"DJ Khaled, Future & Lil Baby - One of Them (Tradução em Português)",Genius Brasil Traduções,https://genius.com/Genius-brasil-traducoes-dj-khaled-future-and-lil-baby-one-of-them-traducao-em-portugues-lyrics,"https://api.genius.com/search?q=dj%20khaled,%20future%20and%20lil%20baby%20one%20of%20them"
Butterfly Season,Ella Langley,https://genius.com/Ella-langley-butterfly-season-lyrics,https://api.genius.com/search?q=ella%20langley%20and%20miranda%20lambert%20butterfly%20season
Somethin’ Simple,Ella Langley,https://genius.com/Ella-langley-somethin-simple-lyrics,https://api.genius.com/search?q=ella%20langley%20somethin'%20simple
Last Call For Us,Ella Langley,https://genius.com/Ella-langley-last-call-for-us-lyrics,https://api.genius.com/search?q=ella%20langley%20last%20call%20for%20us
I Gotta Quit,Ella Langley,https://genius.com/Ella-langley-i-gotta-quit-lyrics,https://api.genius.com/search?q=ella%20langley%20i%20gotta%20quit
Mr. Know It All,Teddy Swims,https://genius.com/Teddy-swims-mr-know-it-all-lyrics,https://api.genius.com/search?q=teddy%20swims%20mr.%20know%20it%20all
It Wasn’t God Who Made Honky Tonk Angels,Ella Langley,https://genius.com/Ella-langley-it-wasnt-god-who-made-honky-tonk-angels-lyrics,https://api.genius.com/search?q=ella%20langley%20it%20wasn't%20god%20who%20made%20honky%20tonk%20angels
Don’t Tell on Me,Jason Aldean,https://genius.com/Jason-aldean-dont-tell-on-me-lyrics,https://api.genius.com/search?q=jason%20aldean%20don't%20tell%20on%20me
drop dead,Olivia Rodrigo,https://genius.com/Olivia-rodrigo-drop-dead-lyrics,https://api.genius.com/search?q=olivia%20rodrigo%20drop%20dead
Confident,Justin Bieber,https://genius.com/Justin-bieber-confident-lyrics,https://api.genius.com/search?q=justin%20bieber%20confident
SHE DID IT AGAIN,Tyla,https://genius.com/Tyla-she-did-it-again-lyrics,https://api.genius.com/search?q=tyla%20she%20did%20it%20again
Potential,sombr,https://genius.com/Sombr-potential-lyrics,https://api.genius.com/search?q=sombr%20potential
New Music Friday 04/17/26,Spotify,https://genius.com/Spotify-new-music-friday-04-17-26-annotated,"https://api.genius.com/search?q=clave%20especial,%20fuerza%20regida%20and%20los%20gemelos%20de%20sinaloa%20ferrari"
I Want You,Cody Johnson,https://genius.com/Cody-johnson-i-want-you-lyrics,https://api.genius.com/search?q=cody%20johnson%20i%20want%20you
My Way,Riley Green,https://genius.com/Riley-green-my-way-lyrics,https://api.genius.com/search?q=riley%20green%20my%20way
Empty Words,Corey Kent,https://genius.com/Corey-kent-empty-words-lyrics,https://api.genius.com/search?q=corey%20kent%20empty%20words
New Music Friday 04/24/26,Spotify,https://genius.com/Spotify-new-music-friday-04-24-26-annotated,https://api.genius.com/search?q=ella%20langley%20and%20morgan%20wallen%20i%20can't%20love%20you%20anymore
Doors,Noah Kahan,https://genius.com/Noah-kahan-doors-lyrics,https://api.genius.com/search?q=noah%20kahan%20doors
End of August,Noah Kahan,https://genius.com/Noah-kahan-end-of-august-lyrics,https://api.genius.com/search?q=noah%20kahan%20end%20of%20august
American Cars,Noah Kahan,https://genius.com/Noah-kahan-american-cars-lyrics,https://api.genius.com/search?q=noah%20kahan%20american%20cars
Dashboard,Noah Kahan,https://genius.com/Noah-kahan-dashboard-lyrics,https://api.genius.com/search?q=noah%20kahan%20dashboard
Downfall,Noah Kahan,https://genius.com/Noah-kahan-downfall-lyrics,https://api.genius.com/search?q=noah%20kahan%20downfall
Willing and Able,Noah Kahan,https://genius.com/Noah-kahan-willing-and-able-lyrics,https://api.genius.com/search?q=noah%20kahan%20willing%20and%20able
Haircut,Noah Kahan,https://genius.com/Noah-kahan-haircut-lyrics,https://api.genius.com/search?q=noah%20kahan%20haircut
Paid Time Off,Noah Kahan,https://genius.com/Noah-kahan-paid-time-off-lyrics,https://api.genius.com/search?q=noah%20kahan%20paid%20time%20off
23,Noah Kahan,https://genius.com/Noah-kahan-23-lyrics,https://api.genius.com/search?q=noah%20kahan%2023
Deny Deny Deny,Noah Kahan,https://genius.com/Noah-kahan-deny-deny-deny-lyrics,https://api.genius.com/search?q=noah%20kahan%20deny%20deny%20deny
Billie Jean,Michael Jackson,https://genius.com/Michael-jackson-billie-jean-lyrics,https://api.genius.com/search?q=michael%20jackson%20billie%20jean
Staying Still,Noah Kahan,https://genius.com/Noah-kahan-staying-still-lyrics,https://api.genius.com/search?q=noah%20kahan%20staying%20still
All Them Horses,Noah Kahan,https://genius.com/Noah-kahan-all-them-horses-lyrics,https://api.genius.com/search?q=noah%20kahan%20all%20them%20horses
We Go Way Back,Noah Kahan,https://genius.com/Noah-kahan-we-go-way-back-lyrics,https://api.genius.com/search?q=noah%20kahan%20we%20go%20way%20back
Dan,Noah Kahan,https://genius.com/Noah-kahan-dan-lyrics,https://api.genius.com/search?q=noah%20kahan%20dan
Headed North,Noah Kahan,https://genius.com/Noah-kahan-headed-north-lyrics,https://api.genius.com/search?q=noah%20kahan%20headed%20north
Spoiled,Noah Kahan,https://genius.com/Noah-kahan-spoiled-lyrics,https://api.genius.com/search?q=noah%20kahan%20spoiled
Lighthouse,Noah Kahan,https://genius.com/Noah-kahan-lighthouse-lyrics,https://api.genius.com/search?q=noah%20kahan%20lighthouse
I Saw Your Face,Malcolm Todd,https://genius.com/Malcolm-todd-i-saw-your-face-lyrics,https://api.genius.com/search?q=malcolm%20todd%20i%20saw%20your%20face
Shoulda Never,Kehlani,https://genius.com/Kehlani-shoulda-never-lyrics,https://api.genius.com/search?q=kehlani%20shoulda%20never
Orbiter,Noah Kahan,https://genius.com/Noah-kahan-orbiter-lyrics,https://api.genius.com/search?q=noah%20kahan%20orbiter
A Few of Your Own,Noah Kahan,https://genius.com/Noah-kahan-a-few-of-your-own-lyrics,https://api.genius.com/search?q=noah%20kahan%20a%20few%20of%20your%20own
GOMF,Latto,https://genius.com/Latto-gomf-lyrics,https://api.genius.com/search?q=latto%20gomf
KAROL G & Greg Gonzalez - Después de ti (中文翻譯 - Traditional),Genius Chinese Translations (中文翻譯/中文翻译),https://genius.com/Genius-chinese-translations-karol-g-and-greg-gonzalez-despues-de-ti-traditional-lyrics,https://api.genius.com/search?q=karol%20g%20and%20greg%20gonzalez%20despues%20de%20ti
Human Nature,Michael Jackson,https://genius.com/Michael-jackson-human-nature-lyrics,https://api.genius.com/search?q=michael%20jackson%20human%20nature
Beat It,Michael Jackson,https://genius.com/Michael-jackson-beat-it-lyrics,https://api.genius.com/search?q=michael%20jackson%20beat%20it
Don’t Stop ’Til You Get Enough,Michael Jackson,https://genius.com/Michael-jackson-dont-stop-til-you-get-enough-lyrics,https://api.genius.com/search?q=michael%20jackson%20don't%20stop%20'til%20you%20get%20enough
Madonna & Sabrina Carpenter - Bring Your Love (Traducción al Español),Genius Traducciones al Español,https://genius.com/Genius-traducciones-al-espanol-madonna-and-sabrina-carpenter-bring-your-love-traduccion-al-espanol-lyrics,https://api.genius.com/search?q=madonna%20and%20sabrina%20carpenter%20bring%20your%20love
Horses and Divorces,Kacey Musgraves,https://genius.com/Kacey-musgraves-and-miranda-lambert-horses-and-divorces-lyrics,https://api.genius.com/search?q=kacey%20musgraves%20horses%20and%20divorces
FINE PLACE TO DIE,Alex Warren,https://genius.com/Alex-warren-fine-place-to-die-lyrics,https://api.genius.com/search?q=alex%20warren%20fine%20place%20to%20die
Fallin’,Chris Brown,https://genius.com/Chris-brown-fallin-lyrics,https://api.genius.com/search?q=chris%20brown%20fallin'
Damned If I Do,Vincent Mason,https://genius.com/Vincent-mason-damned-if-i-do-lyrics,https://api.genius.com/search?q=vincent%20mason%20damned%20if%20i%20do
NOBLE,F3miii,https://genius.com/F3miii-noble-lyrics,https://api.genius.com/search?q=f3miii%20noble
Dirty Diana,Michael Jackson,https://genius.com/Michael-jackson-dirty-diana-lyrics,https://api.genius.com/search?q=michael%20jackson%20dirty%20diana
Rock With You,Michael Jackson,https://genius.com/Michael-jackson-rock-with-you-lyrics,https://api.genius.com/search?q=michael%20jackson%20rock%20with%20you
Cinderella,Mac Miller,https://genius.com/Mac-miller-cinderella-lyrics,https://api.genius.com/search?q=mac%20miller%20cinderella
For The Moment,Chris Brown,https://genius.com/Chris-brown-for-the-moment-lyrics,https://api.genius.com/search?q=chris%20brown%20for%20the%20moment
Rock Music,Charli xcx,https://genius.com/Charli-xcx-rock-music-lyrics,https://api.genius.com/search?q=charli%20xcx%20rock%20music
Honey Pack,Chris Brown,https://genius.com/Chris-brown-honey-pack-lyrics,https://api.genius.com/search?q=chris%20brown%20honey%20pack
Sunburn,Tucker Wetmore,https://genius.com/Tucker-wetmore-sunburn-lyrics,https://api.genius.com/search?q=tucker%20wetmore%20sunburn
Janice STFU,Drake,https://genius.com/Drake-janice-stfu-lyrics,https://api.genius.com/search?q=drake%20janice%20stfu
Ran To Atlanta,Drake,https://genius.com/Drake-future-and-molly-santana-ran-to-atlanta-lyrics,https://api.genius.com/search?q=drake%20ran%20to%20atlanta
Whisper My Name,Drake,https://genius.com/Drake-whisper-my-name-lyrics,https://api.genius.com/search?q=drake%20whisper%20my%20name
Shabang,Drake,https://genius.com/Drake-shabang-lyrics,https://api.genius.com/search?q=drake%20shabang
National Treasures,Drake,https://genius.com/Drake-national-treasures-lyrics,https://api.genius.com/search?q=drake%20national%20treasures
Make Them Cry,Drake,https://genius.com/Drake-make-them-cry-lyrics,https://api.genius.com/search?q=drake%20make%20them%20cry
Dust,Drake,https://genius.com/Drake-dust-lyrics,https://api.genius.com/search?q=drake%20dust
2 Hard 4 The Radio,Drake,https://genius.com/Drake-2-hard-4-the-radio-lyrics,https://api.genius.com/search?q=drake%202%20hard%204%20the%20radio
Make Them Pay,Drake,https://genius.com/Drake-make-them-pay-lyrics,https://api.genius.com/search?q=drake%20make%20them%20pay
Plot Twist,Drake,https://genius.com/Drake-plot-twist-lyrics,https://api.genius.com/search?q=drake%20plot%20twist
B’s On The Table,Drake,https://genius.com/Drake-and-21-savage-bs-on-the-table-lyrics,https://api.genius.com/search?q=drake%20b's%20on%20the%20table
Burning Bridges,Drake,https://genius.com/Drake-burning-bridges-lyrics,https://api.genius.com/search?q=drake%20burning%20bridges
Little Birdie,Drake,https://genius.com/Drake-little-birdie-lyrics,https://api.genius.com/search?q=drake%20little%20birdie
Make Them Remember,Drake,https://genius.com/Drake-make-them-remember-lyrics,https://api.genius.com/search?q=drake%20make%20them%20remember
Make Them Know,Drake,https://genius.com/Drake-make-them-know-lyrics,https://api.genius.com/search?q=drake%20make%20them%20know
Hoe Phase,Drake,https://genius.com/Drake-hoe-phase-lyrics,https://api.genius.com/search?q=drake%20hoe%20phase
Don’t Worry,Drake,https://genius.com/Drake-dont-worry-lyrics,https://api.genius.com/search?q=drake%20don’t%20worry
WNBA,Drake,https://genius.com/Drake-wnba-lyrics,https://api.genius.com/search?q=drake%20wnba
Firm Friends,Drake,https://genius.com/Drake-firm-friends-lyrics,https://api.genius.com/search?q=drake%20firm%20friends
I’m Spent,Drake,https://genius.com/Drake-im-spent-lyrics,https://api.genius.com/search?q=drake%20i'm%20spent
Classic,Drake,https://genius.com/Drake-classic-lyrics,https://api.genius.com/search?q=drake%20classic
Fortworth,Drake,https://genius.com/Drake-and-partynextdoor-fortworth-lyrics,https://api.genius.com/search?q=drake%20fortworth
Drake & Qendresa - Slap The City (Tradução em Português),Genius Brasil Traduções,https://genius.com/Genius-brasil-traducoes-drake-and-qendresa-slap-the-city-traducao-em-portugues-lyrics,https://api.genius.com/search?q=drake%20and%20qendresa%20slap%20the%20city
Drake & Sexyy Red - Cheetah Print (Русский перевод),Genius Russian Translations (Русский перевод),https://genius.com/Genius-russian-translations-drake-and-sexyy-red-cheetah-print-lyrics,https://api.genius.com/search?q=drake%20and%20sexyy%20red%20cheetah%20print
Road Trips,Drake,https://genius.com/Drake-road-trips-lyrics,https://api.genius.com/search?q=drake%20road%20trips
High Fives,Drake,https://genius.com/Drake-high-fives-lyrics,https://api.genius.com/search?q=drake%20high%20fives
Hit the Wall,Gracie Abrams,https://genius.com/Gracie-abrams-hit-the-wall-lyrics,https://api.genius.com/search?q=gracie%20abrams%20hit%20the%20wall
Gen 5,Drake,https://genius.com/Drake-gen-5-lyrics,https://api.genius.com/search?q=drake%20gen%205
White Bone,Drake,https://genius.com/Drake-white-bone-lyrics,https://api.genius.com/search?q=drake%20white%20bone
Hurrr Nor Thurrr,Drake,https://genius.com/Drake-hurrr-nor-thurrr-lyrics,https://api.genius.com/search?q=drake%20hurrr%20nor%20thurrr
Outside Tweaking,Drake,https://genius.com/Drake-and-stunna-sandy-outside-tweaking-lyrics,https://api.genius.com/search?q=drake%20and%20stunna%20sandy%20outside%20tweaking
True Bestie,Drake,https://genius.com/Drake-true-bestie-lyrics,https://api.genius.com/search?q=drake%20and%20iconic%20savvy%20true%20bestie
Rusty Intro,Drake,https://genius.com/Drake-rusty-intro-lyrics,https://api.genius.com/search?q=drake%20rusty%20intro
New Bestie,Drake,https://genius.com/Drake-new-bestie-lyrics,https://api.genius.com/search?q=drake%20new%20bestie
BBW,Drake,https://genius.com/Drake-bbw-lyrics,https://api.genius.com/search?q=drake%20bbw
Amazing Shape,Drake,https://genius.com/Drake-and-popcaan-amazing-shape-lyrics,https://api.genius.com/search?q=drake%20and%20popcaan%20amazing%20shape
Prioritizing,Drake,https://genius.com/Drake-prioritizing-lyrics,https://api.genius.com/search?q=drake%20prioritizing
Crossroads,Xanman,https://genius.com/Xanman-crossroads-lyrics,https://api.genius.com/search?q=drake%20qanda
Goose and The Juice,Drake,https://genius.com/Drake-goose-and-the-juice-lyrics,https://api.genius.com/search?q=drake%20goose%20and%20the%20juice
Princess,Drake,https://genius.com/Drake-princess-lyrics,https://api.genius.com/search?q=drake%20princess
Stuck,Drake,https://genius.com/Drake-stuck-lyrics,https://api.genius.com/search?q=drake%20stuck
the cure,Olivia Rodrigo,https://genius.com/Olivia-rodrigo-the-cure-lyrics,https://api.genius.com/search?q=olivia%20rodrigo%20the%20cure
Chicago,Michael Jackson,https://genius.com/Michael-jackson-chicago-lyrics,https://api.genius.com/search?q=michael%20jackson%20chicago
Spend Dat,Yung Miami,https://genius.com/Yung-miami-spend-dat-lyrics,https://api.genius.com/search?q=yung%20miami%20spend%20dat
hate that i made you love me,Ariana Grande,https://genius.com/Ariana-grande-hate-that-i-made-you-love-me-lyrics,https://api.genius.com/search?q=ariana%20grande%20hate%20that%20i%20made%20you%20love%20me
Mexico Honey,Kacey Musgraves,https://genius.com/Kacey-musgraves-mexico-honey-lyrics,https://api.genius.com/search?q=kacey%20musgraves%20mexico%20honey
Something To Lose,STELLA LEFTY,https://genius.com/Stella-lefty-something-to-lose-lyrics,https://api.genius.com/search?q=stella%20lefty%20with%20vincent%20mason%20something%20to%20lose
Hostage,Latto,https://genius.com/Latto-hostage-lyrics,https://api.genius.com/search?q=latto%20hostage
Think As You Drunk,Riley Green,https://genius.com/Riley-green-think-as-you-drunk-lyrics,https://api.genius.com/search?q=riley%20green%20think%20as%20you%20drunk
"I Knew It, I Knew You",Taylor Swift,https://genius.com/Taylor-swift-i-knew-it-i-knew-you-lyrics,"https://api.genius.com/search?q=taylor%20swift%20i%20knew%20it,%20i%20knew%20you"
RUBBERZ,Fenix Flexin,https://genius.com/Fenix-flexin-and-purps-on-the-beat-rubberz-lyrics,https://api.genius.com/search?q=fenix%20flexin%20rubberz
the feeling,Steve Lacy,https://genius.com/Steve-lacy-the-feeling-lyrics,https://api.genius.com/search?q=steve%20lacy%20the%20feeling
"Phone, Keys, Wallet",Lainey Wilson,https://genius.com/Lainey-wilson-and-john-mayer-phone-keys-wallet-lyrics,"https://api.genius.com/search?q=lainey%20wilson%20and%20john%20mayer%20phone,%20keys,%20wallet"
bloodstream,Alyssa Grace,https://genius.com/Alyssa-grace-bloodstream-lyrics,https://api.genius.com/search?q=alyssa%20grace%20bloodstream
High Hopes 3000,ROLE MODEL,https://genius.com/Role-model-high-hopes-3000-lyrics,https://api.genius.com/search?q=role%20model%20high%20hopes%203000
Kingdom of Fear,Cameron Whitcomb,https://genius.com/Cameron-whitcomb-kingdom-of-fear-lyrics,https://api.genius.com/search?q=cameron%20whitcomb%20kingdom%20of%20fear
Difficult Love,Malcolm Todd,https://genius.com/Malcolm-todd-difficult-love-lyrics,https://api.genius.com/search?q=malcolm%20todd%20difficult%20love
Cowgirl,Shaboozey,https://genius.com/Shaboozey-cowgirl-lyrics,https://api.genius.com/search?q=shaboozey%20cowgirl
PASSENGER,Alex Warren,https://genius.com/Alex-warren-passenger-lyrics,https://api.genius.com/search?q=alex%20warren%20passenger
stupid song,Olivia Rodrigo,https://genius.com/Olivia-rodrigo-stupid-song-lyrics,https://api.genius.com/search?q=olivia%20rodrigo%20stupid%20song
honeybee,Olivia Rodrigo,https://genius.com/Olivia-rodrigo-honeybee-lyrics,https://api.genius.com/search?q=olivia%20rodrigo%20honeybee
maggots for brains,Olivia Rodrigo,https://genius.com/Olivia-rodrigo-maggots-for-brains-lyrics,https://api.genius.com/search?q=olivia%20rodrigo%20maggots%20for%20brains
my way,Olivia Rodrigo,https://genius.com/Olivia-rodrigo-my-way-lyrics,https://api.genius.com/search?q=olivia%20rodrigo%20my%20way
begged,Olivia Rodrigo,https://genius.com/Olivia-rodrigo-begged-lyrics,https://api.genius.com/search?q=olivia%20rodrigo%20begged
Olivia Rodrigo & Robert Smith - what’s wrong with me (Tradução em Português),Genius Brasil Traduções,https://genius.com/Genius-brasil-traducoes-olivia-rodrigo-and-robert-smith-whats-wrong-with-me-traducao-em-portugues-lyrics,https://api.genius.com/search?q=olivia%20rodrigo%20and%20robert%20smith%20what's%20wrong%20with%20me
u + me = ˂3,Olivia Rodrigo,https://genius.com/Olivia-rodrigo-u-me-3-lyrics,https://api.genius.com/search?q=olivia%20rodrigo%20u%20+%20me%20=%20<3
expectations,Olivia Rodrigo,https://genius.com/Olivia-rodrigo-expectations-lyrics,https://api.genius.com/search?q=olivia%20rodrigo%20expectations
less,Olivia Rodrigo,https://genius.com/Olivia-rodrigo-less-lyrics,https://api.genius.com/search?q=olivia%20rodrigo%20less
purple,Olivia Rodrigo,https://genius.com/Olivia-rodrigo-purple-lyrics,https://api.genius.com/search?q=olivia%20rodrigo%20purple
cigarette smoke,Olivia Rodrigo,https://genius.com/Olivia-rodrigo-cigarette-smoke-lyrics,https://api.genius.com/search?q=olivia%20rodrigo%20cigarette%20smoke
"LE SSERAFIM, ILLIT & KATSEYE - ICONIC BY MISTAKE (Русский перевод)",Genius Russian Translations (Русский перевод),https://genius.com/Genius-russian-translations-le-sserafim-illit-and-katseye-iconic-by-mistake-lyrics,"https://api.genius.com/search?q=le%20sserafim,%20illit%20and%20katseye%20iconic%20by%20mistake"
Come Over,BTS,https://genius.com/Bts-come-over-lyrics,https://api.genius.com/search?q=bts%20come%20over
August 2026 Singles Release Calendar,Genius,https://genius.com/Genius-august-2026-singles-release-calendar-annotated,https://api.genius.com/search?q=shakira%20x%20burna%20boy%20dai%20dai
GIRLS,The Kid LAROI,https://genius.com/The-kid-laroi-girls-lyrics,https://api.genius.com/search?q=the%20kid%20laroi%20girls
Chevy Silverado,Bailey Zimmerman,https://genius.com/Bailey-zimmerman-chevy-silverado-lyrics,https://api.genius.com/search?q=bailey%20zimmerman%20chevy%20silverado
Carry On,Kenny Chesney,https://genius.com/Kenny-chesney-carry-on-lyrics,https://api.genius.com/search?q=kenny%20chesney%20carry%20on
My Body Isn’t Ready,sombr,https://genius.com/Sombr-my-body-isnt-ready-lyrics,https://api.genius.com/search?q=sombr%20my%20body%20isn't%20ready
Look at My Life,Gracie Abrams,https://genius.com/Gracie-abrams-look-at-my-life-lyrics,https://api.genius.com/search?q=gracie%20abrams%20look%20at%20my%20life
The Time Of My Life,Benson Boone,https://genius.com/Benson-boone-the-time-of-my-life-lyrics,https://api.genius.com/search?q=benson%20boone%20the%20time%20of%20my%20life
Radio,Future,https://genius.com/Future-radio-lyrics,https://api.genius.com/search?q=future%20radio
Piece Of Your Love,Rod Wave,https://genius.com/Rod-wave-piece-of-your-love-lyrics,https://api.genius.com/search?q=rod%20wave%20piece%20of%20your%20love
is it cool?,Steve Lacy,https://genius.com/Steve-lacy-is-it-cool-lyrics,https://api.genius.com/search?q=steve%20lacy%20is%20it%20cool?
No Need For Leavin’,Kameron Marlowe,https://genius.com/Kameron-marlowe-no-need-for-leavin-lyrics,https://api.genius.com/search?q=kameron%20marlowe%20no%20need%20for%20leavin'
Party in the U.S.A.,Miley Cyrus,https://genius.com/Miley-cyrus-party-in-the-usa-lyrics,https://api.genius.com/search?q=miley%20cyrus%20party%20in%20the%20u.s.a.
MORNING DEW (DONK),Beyoncé,https://genius.com/Beyonce-morning-dew-donk-lyrics,https://api.genius.com/search?q=beyonce%20morning%20dew
Sweet Home Alabama,Lynyrd Skynyrd,https://genius.com/Lynyrd-skynyrd-sweet-home-alabama-lyrics,https://api.genius.com/search?q=lynyrd%20skynyrd%20sweet%20home%20alabama
Chicken Fried,Zac Brown Band,https://genius.com/Zac-brown-band-chicken-fried-lyrics,https://api.genius.com/search?q=zac%20brown%20band%20chicken%20fried
Don’t Stop Believin’,Journey,https://genius.com/Journey-dont-stop-believin-lyrics,https://api.genius.com/search?q=journey%20don't%20stop%20believin'
Born in the U.S.A.,Bruce Springsteen,https://genius.com/Bruce-springsteen-born-in-the-usa-lyrics,https://api.genius.com/search?q=bruce%20springsteen%20born%20in%20the%20u.s.a.
Genius Picks: Songs 2014,Community Lists,https://genius.com/Community-lists-genius-picks-songs-2014-annotated,"https://api.genius.com/search?q=john%20denver%20with%20fat%20city%20take%20me%20home,%20country%20roads"
Fortunate Son,Creedence Clearwater Revival,https://genius.com/Creedence-clearwater-revival-fortunate-son-lyrics,https://api.genius.com/search?q=creedence%20clearwater%20revival%20fortunate%20son
American Kids,Kenny Chesney,https://genius.com/Kenny-chesney-american-kids-lyrics,https://api.genius.com/search?q=kenny%20chesney%20american%20kids
August 2025 Singles Release Calendar,Genius,https://genius.com/Genius-august-2025-singles-release-calendar-annotated,https://api.genius.com/search?q=babychiefdoit%20ghetto%20love%20story
misery.,pupsies,https://genius.com/Pupsies-misery-lyrics,https://api.genius.com/search?q=pupsies%20misery.
Great Expectation,SIENNA SPIRO,https://genius.com/Sienna-spiro-great-expectation-lyrics,https://api.genius.com/search?q=sienna%20spiro%20great%20expectation
California Girls,Future,https://genius.com/Future-california-girls-lyrics,https://api.genius.com/search?q=future%20california%20girls
Wonderwall,Oasis,https://genius.com/Oasis-wonderwall-lyrics,https://api.genius.com/search?q=oasis%20wonderwall
Fukk A Interview,Future,https://genius.com/Future-fukk-a-interview-lyrics,https://api.genius.com/search?q=future%20fukk%20a%20interview
Konnichiwa,Future,https://genius.com/Future-konnichiwa-lyrics,https://api.genius.com/search?q=future%20konnichiwa
One Two,Future,https://genius.com/Future-one-two-lyrics,https://api.genius.com/search?q=future%20one%20two
Tank Top Pluto,Future,https://genius.com/Future-tank-top-pluto-lyrics,https://api.genius.com/search?q=future%20tank%20top%20pluto
Snow in Skyami,Future,https://genius.com/Future-snow-in-skyami-lyrics,https://api.genius.com/search?q=future%20snow%20in%20skyami
Weight Up,Future,https://genius.com/Future-weight-up-lyrics,https://api.genius.com/search?q=future%20weight%20up
Trench Coat,Future,https://genius.com/Future-trench-coat-lyrics,https://api.genius.com/search?q=future%20trench%20coat
No Misery,Future,https://genius.com/Future-no-misery-lyrics,https://api.genius.com/search?q=future%20no%20misery
Build a Bitch,Future,https://genius.com/Future-build-a-bitch-lyrics,https://api.genius.com/search?q=future%20build%20a%20bitch
Money Over Everything,Future,https://genius.com/Future-money-over-everything-lyrics,https://api.genius.com/search?q=future%20money%20over%20everything
Off the Hinge,Future,https://genius.com/Future-off-the-hinge-lyrics,https://api.genius.com/search?q=future%20off%20the%20hinge
2018,Future,https://genius.com/Future-2018-lyrics,https://api.genius.com/search?q=future%202018
If I Could,Future,https://genius.com/Future-if-i-could-lyrics,https://api.genius.com/search?q=future%20if%20i%20could
Kick,Future,https://genius.com/Future-kick-lyrics,https://api.genius.com/search?q=future%20kick
Eye To Eye,Future,https://genius.com/Future-eye-to-eye-lyrics,https://api.genius.com/search?q=future%20eye%20to%20eye
Dead Fresh,Lil Baby,https://genius.com/Lil-baby-dead-fresh-lyrics,https://api.genius.com/search?q=lil%20baby%20dead%20fresh
Good Reason,Gracie Abrams,https://genius.com/Gracie-abrams-good-reason-lyrics,https://api.genius.com/search?q=gracie%20abrams%20good%20reason
FREAKED OUT,Fat Papi,https://genius.com/Fat-papi-and-prodshushy-freaked-out-lyrics,https://api.genius.com/search?q=fat%20papi%20freaked%20out
Minibar,Gracie Abrams,https://genius.com/Gracie-abrams-minibar-lyrics,https://api.genius.com/search?q=gracie%20abrams%20minibar
Been By Now,Morgan Wallen,https://genius.com/Morgan-wallen-been-by-now-lyrics,https://api.genius.com/search?q=morgan%20wallen%20been%20by%20now
Animal,KATSEYE,https://genius.com/Katseye-animal-lyrics,https://api.genius.com/search?q=katseye%20animal
Camera,Charli xcx,https://genius.com/Charli-xcx-camera-lyrics,https://api.genius.com/search?q=charli%20xcx%20camera
I See Why,Moneybagg Yo,https://genius.com/Moneybagg-yo-i-see-why-lyrics,https://api.genius.com/search?q=moneybagg%20yo%20i%20see%20why
MATADORA,KAROL G,https://genius.com/Karol-g-matadora-lyrics,https://api.genius.com/search?q=karol%20g%20matadora
Sue me,Audrey Hobert,https://genius.com/Audrey-hobert-sue-me-lyrics,https://api.genius.com/search?q=audrey%20hobert%20sue%20me
Hands Up,Jelly Roll,https://genius.com/Jelly-roll-hands-up-lyrics,https://api.genius.com/search?q=jelly%20roll%20hands%20up
petal,Ariana Grande,https://genius.com/Ariana-grande-petal-lyrics,https://api.genius.com/search?q=ariana%20grande%20petal
kiss me,Ariana Grande,https://genius.com/Ariana-grande-kiss-me-lyrics,https://api.genius.com/search?q=ariana%20grande%20kiss%20me
stay,Ariana Grande,https://genius.com/Ariana-grande-stay-lyrics,https://api.genius.com/search?q=ariana%20grande%20stay
oh well,Ariana Grande,https://genius.com/Ariana-grande-oh-well-lyrics,https://api.genius.com/search?q=ariana%20grande%20oh%20well
like i do,Ariana Grande,https://genius.com/Ariana-grande-like-i-do-lyrics,https://api.genius.com/search?q=ariana%20grande%20like%20i%20do
AH HA,Cardi B,https://genius.com/Cardi-b-ah-ha-lyrics,https://api.genius.com/search?q=cardi%20b%20ah%20ha
big feelings,Ariana Grande,https://genius.com/Ariana-grande-big-feelings-lyrics,https://api.genius.com/search?q=ariana%20grande%20big%20feelings
freak,Ariana Grande,https://genius.com/Ariana-grande-freak-lyrics,https://api.genius.com/search?q=ariana%20grande%20freak
never get over me,Ariana Grande,https://genius.com/Ariana-grande-never-get-over-me-lyrics,https://api.genius.com/search?q=ariana%20grande%20never%20get%20over%20me
bad thing (bunny hop),Ariana Grande,https://genius.com/Ariana-grande-bad-thing-bunny-hop-lyrics,https://api.genius.com/search?q=ariana%20grande%20bad%20thing
warning signs (interlude),Ariana Grande,https://genius.com/Ariana-grande-warning-signs-interlude-lyrics,https://api.genius.com/search?q=ariana%20grande%20warning%20signs
"nowhere, nobody",Ariana Grande,https://genius.com/Ariana-grande-nowhere-nobody-lyrics,"https://api.genius.com/search?q=ariana%20grande%20nowhere,%20nobody"
oh yeah?,Steve Lacy,https://genius.com/Steve-lacy-oh-yeah-lyrics,https://api.genius.com/search?q=steve%20lacy%20oh%20yeah?
Hustle,Rod Wave,https://genius.com/Rod-wave-hustle-lyrics,https://api.genius.com/search?q=rod%20wave%20hustle
Nightmares To Dreams,Meek Mill,https://genius.com/Meek-mill-nightmares-to-dreams-lyrics,https://api.genius.com/search?q=meek%20mill%20nightmares%20to%20dreams
Ain’t In LA,ADÉLA,https://genius.com/Adela-aint-in-la-lyrics,https://api.genius.com/search?q=adela%20ain't%20in%20la
Poured,Lil Uzi Vert,https://genius.com/Lil-uzi-vert-poured-lyrics,https://api.genius.com/search?q=lil%20uzi%20vert%20poured
Another Drink,Marshmello,https://genius.com/Marshmello-and-kelsea-ballerini-another-drink-lyrics,https://api.genius.com/search?q=marshmello%20and%20kelsea%20ballerini%20another%20drink
brand new chanel$,Slayyyter,https://genius.com/Slayyyter-brand-new-chanel-lyrics,https://api.genius.com/search?q=slayyyter%20brand%20new%20chanel$
Jaded,Koe Wetzel,https://genius.com/Koe-wetzel-and-ella-langley-jaded-lyrics,https://api.genius.com/search?q=koe%20wetzel%20and%20ella%20langley%20jaded
Stray Kids - CHEESE (English Translation),Genius English Translations,https://genius.com/Genius-english-translations-stray-kids-cheese-english-translation-lyrics,https://api.genius.com/search?q=stray%20kids%20this%20and%20that
Still,KAROL G,https://genius.com/Karol-g-and-bruno-mars-still-lyrics,https://api.genius.com/search?q=karol%20g%20with%20bruno%20mars%20still
Last Man Breathin,Pooh Shiesty,https://genius.com/Pooh-shiesty-last-man-breathin-lyrics,https://api.genius.com/search?q=pooh%20shiesty%20last%20man%20breathin
Ahí,KAROL G,https://genius.com/Karol-g-and-drake-ahi-lyrics,https://api.genius.com/search?q=karol%20g%20with%20drake%20ahi
Reap What You Sow,Pooh Shiesty,https://genius.com/Pooh-shiesty-reap-what-you-sow-lyrics,https://api.genius.com/search?q=pooh%20shiesty%20reap%20what%20you%20sow
transcriptions,para,https://genius.com/Para-transcriptions-annotated,https://api.genius.com/search?q=karol%20g%20with%20judeline%20and%20rusowsky%20bby%20wow
I’m Back,Pooh Shiesty,https://genius.com/Pooh-shiesty-im-back-lyrics,https://api.genius.com/search?q=pooh%20shiesty%20i'm%20back
Federal Reality,Pooh Shiesty,https://genius.com/Pooh-shiesty-federal-reality-lyrics,https://api.genius.com/search?q=pooh%20shiesty%20federal%20reality
String By,Mack Geiger,https://genius.com/Mack-geiger-string-by-lyrics,https://api.genius.com/search?q=mack%20geiger%20string%20by
Hootie Frutti,KATSEYE,https://genius.com/Katseye-hootie-frutti-lyrics,https://api.genius.com/search?q=katseye%20hootie%20frutti
Take Me Back (Leave Me There),Cody Johnson,https://genius.com/Cody-johnson-take-me-back-leave-me-there-lyrics,https://api.genius.com/search?q=cody%20johnson%20take%20me%20back
The Governor’s Waltz,Phoebe Bridgers,https://genius.com/Phoebe-bridgers-the-governors-waltz-lyrics,https://api.genius.com/search?q=phoebe%20bridgers%20the%20governor's%20waltz
Lost Boys,Phoebe Bridgers,https://genius.com/Phoebe-bridgers-lost-boys-lyrics,https://api.genius.com/search?q=phoebe%20bridgers%20lost%20boys
Bobby,Phoebe Bridgers,https://genius.com/Phoebe-bridgers-bobby-lyrics,https://api.genius.com/search?q=phoebe%20bridgers%20bobby
Kid Myself,John Morgan (Country),https://genius.com/John-morgan-country-kid-myself-lyrics,https://api.genius.com/search?q=john%20morgan%20kid%20myself
Bet On That,Blake Whiten,https://genius.com/Blake-whiten-bet-on-that-lyrics,https://api.genius.com/search?q=blake%20whiten%20bet%20on%20that
Ayúdame,LOS DOS DE TAMAULIPAS,https://genius.com/Los-dos-de-tamaulipas-ayudame-lyrics,https://api.genius.com/search?q=los%20dos%20de%20tamaulipas%20ayudame
Kill Me,Phoebe Bridgers,https://genius.com/Phoebe-bridgers-kill-me-lyrics,https://api.genius.com/search?q=phoebe%20bridgers%20kill%20me
Jolene,Dolly Parton,https://genius.com/Dolly-parton-jolene-lyrics,https://api.genius.com/search?q=dolly%20parton%20jolene
9 to 5,Dolly Parton,https://genius.com/Dolly-parton-9-to-5-lyrics,https://api.genius.com/search?q=dolly%20parton%209%20to%205
Islands in the Stream,Kenny Rogers,https://genius.com/Kenny-rogers-and-dolly-parton-islands-in-the-stream-lyrics,https://api.genius.com/search?q=kenny%20rogers%20duet%20with%20dolly%20parton%20islands%20in%20the%20stream
I Will Always Love You,Dolly Parton,https://genius.com/Dolly-parton-i-will-always-love-you-lyrics,https://api.genius.com/search?q=dolly%20parton%20i%20will%20always%20love%20you
Some of Your Love,PARTYNEXTDOOR,https://genius.com/Partynextdoor-some-of-your-love-lyrics,https://api.genius.com/search?q=partynextdoor%20some%20of%20your%20love
Here You Come Again,Dolly Parton,https://genius.com/Dolly-parton-here-you-come-again-lyrics,https://api.genius.com/search?q=dolly%20parton%20here%20you%20come%20again
WTF GOIN,Belly Gang Kushington,https://genius.com/Belly-gang-kushington-and-21-savage-wtf-goin-lyrics,https://api.genius.com/search?q=belly%20gang%20kushington%20and%2021%20savage%20wtf%20goin
Routine Rouge,PARTYNEXTDOOR,https://genius.com/Partynextdoor-rich-the-kid-and-ty-dolla-sign-routine-rouge-lyrics,https://api.genius.com/search?q=partynextdoor%20routine%20rouge
All My Exes,Lauren Alaina,https://genius.com/Lauren-alaina-all-my-exes-lyrics,https://api.genius.com/search?q=lauren%20alaina%20all%20my%20exes
Painted You Pretty,Hudson Westbrook,https://genius.com/Hudson-westbrook-painted-you-pretty-lyrics,https://api.genius.com/search?q=hudson%20westbrook%20painted%20you%20pretty
Take Care,Rod Wave,https://genius.com/Rod-wave-take-care-lyrics,https://api.genius.com/search?q=rod%20wave%20take%20care
War Wounds,Rod Wave,https://genius.com/Rod-wave-war-wounds-lyrics,https://api.genius.com/search?q=rod%20wave%20war%20wounds
I Am,Rod Wave,https://genius.com/Rod-wave-i-am-lyrics,https://api.genius.com/search?q=rod%20wave%20i%20am
serena joy,Olivia Rodrigo,https://genius.com/Olivia-rodrigo-serena-joy-lyrics,https://api.genius.com/search?q=olivia%20rodrigo%20serena%20joy
Dope Girl,Rod Wave,https://genius.com/Rod-wave-dope-girl-lyrics,https://api.genius.com/search?q=rod%20wave%20dope%20girl
Keep Dancing,Rod Wave,https://genius.com/Rod-wave-keep-dancing-lyrics,https://api.genius.com/search?q=rod%20wave%20keep%20dancing
Look At Me Momma,Rod Wave,https://genius.com/Rod-wave-look-at-me-momma-lyrics,https://api.genius.com/search?q=rod%20wave%20look%20at%20me%20momma
Not New To It,Rod Wave,https://genius.com/Rod-wave-not-new-to-it-lyrics,https://api.genius.com/search?q=rod%20wave%20not%20new%20to%20it
Kiss Me (Interlude),Rod Wave,https://genius.com/Rod-wave-kiss-me-interlude-lyrics,https://api.genius.com/search?q=rod%20wave%20kiss%20me%20interlude
Venusian,Rod Wave,https://genius.com/Rod-wave-venusian-lyrics,https://api.genius.com/search?q=rod%20wave%20venusian
TP,Rod Wave,https://genius.com/Rod-wave-tp-lyrics,https://api.genius.com/search?q=rod%20wave%20tp
2017 (Streamer U),Rod Wave,https://genius.com/Rod-wave-2017-streamer-u-lyrics,https://api.genius.com/search?q=rod%20wave%202017
Lacosa Nostra,Rod Wave,https://genius.com/Rod-wave-lacosa-nostra-lyrics,https://api.genius.com/search?q=rod%20wave%20lacosa%20nostra
Mainstay,Rod Wave,https://genius.com/Rod-wave-mainstay-lyrics,https://api.genius.com/search?q=rod%20wave%20mainstay
Lost & Insecure,Rod Wave,https://genius.com/Rod-wave-lost-and-insecure-lyrics,https://api.genius.com/search?q=rod%20wave%20lost%20and%20insecure
EMERALD EYES,Alex Warren,https://genius.com/Alex-warren-emerald-eyes-lyrics,https://api.genius.com/search?q=alex%20warren%20emerald%20eyes
Bass Persuades,Miley Cyrus,https://genius.com/Miley-cyrus-bass-persuades-lyrics,https://api.genius.com/search?q=miley%20bass%20persuades
Nicole Kidman,ADÉLA,https://genius.com/Adela-nicole-kidman-lyrics,https://api.genius.com/search?q=adela%20nicole%20kidman
SaWaDiKa,LISA,https://genius.com/Lisa-sawadika-lyrics,https://api.genius.com/search?q=lisa%20sawadika
Country And She Knows It,Luke Bryan,https://genius.com/Luke-bryan-country-and-she-knows-it-lyrics,https://api.genius.com/search?q=luke%20bryan%20country%20and%20she%20knows%20it
Get To Drinkin’,Zach John King,https://genius.com/Zach-john-king-get-to-drinkin-lyrics,https://api.genius.com/search?q=zach%20john%20king%20get%20to%20drinkin'
2026 Nominees,Dove Awards,https://genius.com/Dove-awards-2026-nominees-annotated,https://api.genius.com/search?q=elevation%20worship%20and%20chandler%20moore%20god%20i'm%20just%20grateful
Stop The Wedding!,Ashe,https://genius.com/Ashe-stop-the-wedding-lyrics,https://api.genius.com/search?q=ashe%20stop%20the%20wedding!
So Good,Jhené Aiko,https://genius.com/Jhene-aiko-so-good-lyrics,https://api.genius.com/search?q=jhene%20aiko%20so%20good
He Belongs,Jhené Aiko,https://genius.com/Jhene-aiko-he-belongs-lyrics,https://api.genius.com/search?q=jhene%20aiko%20he%20belongs
Ghost,Jhené Aiko,https://genius.com/Jhene-aiko-ghost-lyrics,https://api.genius.com/search?q=jhene%20aiko%20ghost
Ceiling (Freestyle),Jhené Aiko,https://genius.com/Jhene-aiko-ceiling-freestyle-lyrics,https://api.genius.com/search?q=jhene%20aiko%20ceiling
Love Bomb,Jhené Aiko,https://genius.com/Jhene-aiko-and-ab-soul-love-bomb-lyrics,https://api.genius.com/search?q=jhene%20aiko%20and%20ab-soul%20love%20bomb
Nothing Nice To Say,Jhené Aiko,https://genius.com/Jhene-aiko-nothing-nice-to-say-lyrics,https://api.genius.com/search?q=jhene%20aiko%20nothing%20nice%20to%20say
"Like, Whatever",Jhené Aiko,https://genius.com/Jhene-aiko-like-whatever-lyrics,"https://api.genius.com/search?q=jhene%20aiko%20like,%20whatever"
Break It Down,Logic,https://genius.com/Logic-break-it-down-lyrics,https://api.genius.com/search?q=jhene%20aiko%20break
Wild Cat(s),Jhené Aiko,https://genius.com/Jhene-aiko-wild-cats-lyrics,https://api.genius.com/search?q=jhene%20aiko%20wild%20cat
onsra,comehelpglo,https://genius.com/Comehelpglo-onsra-lyrics,https://api.genius.com/search?q=comehelpglo%20onsra
You Vs. Them,Jhené Aiko,https://genius.com/Jhene-aiko-you-vs-them-lyrics,https://api.genius.com/search?q=jhene%20aiko%20you
WASHED,ELEVATION RHYTHM,https://genius.com/Elevation-rhythm-washed-lyrics,https://api.genius.com/search?q=elevation%20rhythm%20washed
Last Thing You Need,Morgan Wallen,https://genius.com/Morgan-wallen-last-thing-you-need-lyrics,https://api.genius.com/search?q=morgan%20wallen%20last%20thing%20you%20need
Paige’s Playlist (September 2018),This Autumn Eve,https://genius.com/This-autumn-eve-paiges-playlist-september-2018-annotated,"https://api.genius.com/search?q=earth,%20wind%20and%20fire%20september"
MISS MY DAWG,Yeat,https://genius.com/Yeat-and-drake-miss-my-dawg-lyrics,https://api.genius.com/search?q=yeat%20and%20drake%20miss%20my%20dawg
That’s Just Me,Riley Green,https://genius.com/Riley-green-thats-just-me-lyrics,https://api.genius.com/search?q=riley%20green%20that's%20just%20me
"Falling In Reverse, Corey Taylor & Serj Tankian - Joseph (Tradução em Português)",Genius Brasil Traduções,https://genius.com/Genius-brasil-traducoes-falling-in-reverse-corey-taylor-and-serj-tankian-joseph-traducao-em-portugues-lyrics,"https://api.genius.com/search?q=falling%20in%20reverse,%20corey%20taylor%20and%20serj%20tankian%20joseph"
Finders Keepers,Luke Bryan,https://genius.com/Luke-bryan-and-luke-combs-finders-keepers-lyrics,https://api.genius.com/search?q=luke%20bryan%20and%20luke%20combs%20finders%20keepers
RHYNO,Travis Scott,https://genius.com/Travis-scott-rhyno-lyrics,https://api.genius.com/search?q=travis%20scott%20rhyno
Babydoll,Jamie Miller,https://genius.com/Jamie-miller-babydoll-lyrics,https://api.genius.com/search?q=jamie%20miller%20babydoll
bôa - Duvet (Türkçe Çeviri),Genius Türkçe Çeviriler,https://genius.com/Genius-turkce-ceviriler-boa-duvet-turkce-ceviri-lyrics,https://api.genius.com/search?q=boa%20duvet
nothing,Steve Lacy,https://genius.com/Steve-lacy-nothing-lyrics,https://api.genius.com/search?q=steve%20lacy%20nothing
Let’s Get Married,Miley Cyrus,https://genius.com/Miley-cyrus-lets-get-married-lyrics,https://api.genius.com/search?q=miley%20cyrus%20let’s%20get%20married
TGIF,GloRilla,https://genius.com/Glorilla-tgif-lyrics,https://api.genius.com/search?q=glorilla%20tgif
I LUV HER,GloRilla,https://genius.com/Glorilla-and-t-pain-i-luv-her-lyrics,https://api.genius.com/search?q=glorilla%20and%20t-pain%20i%20luv%20her
TOO FAST,Future,https://genius.com/Future-too-fast-lyrics,https://api.genius.com/search?q=future%20too%20fast
Misfit,Juice WRLD,https://genius.com/Juice-wrld-misfit-lyrics,https://api.genius.com/search?q=juice%20wrld%20misfit
"Darling, I","Tyler, The Creator",https://genius.com/Tyler-the-creator-darling-i-lyrics,"https://api.genius.com/search?q=tyler,%20the%20creator%20darling,%20i"
Change Me,BigXthaPlug,https://genius.com/Bigxthaplug-change-me-lyrics,https://api.genius.com/search?q=bigxthaplug%20change%20me
NEW DROP,Don Toliver,https://genius.com/Don-toliver-new-drop-lyrics,https://api.genius.com/search?q=don%20toliver%20new%20drop
Or What,NLE Choppa,https://genius.com/Nle-choppa-41-and-kyle-richh-or-what-lyrics,https://api.genius.com/search?q=nle%20choppa%20and%2041%20or%20what?
him all along,Gunna,https://genius.com/Gunna-him-all-along-lyrics,https://api.genius.com/search?q=gunna%20him%20all%20along
,,,https://api.genius.com/search?q=hanumankind%20x%20kalmi%20big%20dawgs
Hello Miss Johnson,Jack Harlow,https://genius.com/Jack-harlow-hello-miss-johnson-lyrics,https://api.genius.com/search?q=jack%20harlow%20hello%20miss%20johnson
Dreamin,PARTYNEXTDOOR,https://genius.com/Partynextdoor-dreamin-lyrics,https://api.genius.com/search?q=partynextdoor%20dreamin
Touchdown,Lil Baby,https://genius.com/Lil-baby-touchdown-lyrics,https://api.genius.com/search?q=lil%20baby%20touchdown
Insecurities,Lil Baby,https://genius.com/Lil-baby-insecurities-lyrics,https://api.genius.com/search?q=lil%20baby%20insecurities
For Me (Remix),Loe Shimmy,https://genius.com/Loe-shimmy-and-brent-faiyaz-for-me-remix-lyrics,https://api.genius.com/search?q=loe%20shimmy%20and%20brent%20faiyaz%20for%20me
Rah Tah Tah,"Tyler, The Creator",https://genius.com/Tyler-the-creator-rah-tah-tah-lyrics,"https://api.genius.com/search?q=tyler,%20the%20creator%20rah%20tah%20tah"
Thought I Was Dead,"Tyler, The Creator",https://genius.com/Tyler-the-creator-thought-i-was-dead-lyrics,"https://api.genius.com/search?q=tyler,%20the%20creator%20thought%20i%20was%20dead"
LIL DEMON,Future,https://genius.com/Future-lil-demon-lyrics,https://api.genius.com/search?q=future%20lil%20demon
LATER,WEST OF EDEN,https://genius.com/West-of-eden-keanu-usa-and-slone-later-lyrics,https://api.genius.com/search?q=partynextdoor%20make%20it%20to%20the%20morning
Here We Go (Uh Oh),Coco Jones,https://genius.com/Coco-jones-here-we-go-uh-oh-lyrics,https://api.genius.com/search?q=coco%20jones%20here%20we%20go
2AM,BigXthaPlug,https://genius.com/Bigxthaplug-2am-lyrics,https://api.genius.com/search?q=bigxthaplug%202am
Juice WRLD & Nicki Minaj - AGATS2 (Insecure) (Tradução em Português),Genius Brasil Traduções,https://genius.com/Genius-brasil-traducoes-juice-wrld-and-nicki-minaj-agats2-insecure-traducao-em-portugues-lyrics,https://api.genius.com/search?q=juice%20wrld%20and%20nicki%20minaj%20agats2
Balloon,"Tyler, The Creator",https://genius.com/Tyler-the-creator-balloon-lyrics,"https://api.genius.com/search?q=tyler,%20the%20creator%20balloon"
I Smoked Away My Brain (I’m God x Demons Mashup),A$AP Rocky,https://genius.com/A-ap-rocky-i-smoked-away-my-brain-im-god-x-demons-mashup-lyrics,https://api.genius.com/search?q=a$ap%20rocky%20i%20smoked%20away%20my%20brain
RIO FREE,Rio Da Yung OG,https://genius.com/Rio-da-yung-og-rio-free-lyrics,https://api.genius.com/search?q=rio%20da%20yung%20og%20rio%20free
TORE UP,Don Toliver,https://genius.com/Don-toliver-tore-up-lyrics,https://api.genius.com/search?q=don%20toliver%20tore%20up
Get Behind Me (Interlude),SZA,https://genius.com/Sza-get-behind-me-interlude-lyrics,https://api.genius.com/search?q=sza%20get%20behind%20me
GOT DAMN,Gunna,https://genius.com/Gunna-got-damn-lyrics,https://api.genius.com/search?q=gunna%20got%20damn
Streets Colder,Lil Baby,https://genius.com/Lil-baby-streets-colder-lyrics,https://api.genius.com/search?q=lil%20baby%20streets%20colder
Drugs Talkin,Lil Baby,https://genius.com/Lil-baby-drugs-talkin-lyrics,https://api.genius.com/search?q=lil%20baby%20drugs%20talkin
Say Twin,Lil Baby,https://genius.com/Lil-baby-say-twin-lyrics,https://api.genius.com/search?q=lil%20baby%20say%20twin
DDG & PlaqueBoyMax - Pink Dreads (Tradução em Português),Genius Brasil Traduções,https://genius.com/Genius-brasil-traducoes-ddg-and-plaqueboymax-pink-dreads-traducao-em-portugues-lyrics,https://api.genius.com/search?q=ddg%20and%20plaqueboymax%20pink%20dreads
Westside Connection,Rod Wave,https://genius.com/Rod-wave-westside-connection-lyrics,https://api.genius.com/search?q=rod%20wave%20westside%20connection
List of the most streamed Drake songs,Genius Lists,https://genius.com/Genius-lists-list-of-the-most-streamed-drake-songs-lyrics,https://api.genius.com/search?q=lil%20baby%20and%20future%2099
Do You Have a Destination?,Mac Miller,https://genius.com/Mac-miller-do-you-have-a-destination-lyrics,https://api.genius.com/search?q=mac%20miller%20do%20you%20have%20a%20destination?
Friendly Hallucinations,Mac Miller,https://genius.com/Mac-miller-friendly-hallucinations-lyrics,https://api.genius.com/search?q=mac%20miller%20friendly%20hallucinations
Mrs. Deborah Downer,Mac Miller,https://genius.com/Mac-miller-mrs-deborah-downer-lyrics,https://api.genius.com/search?q=mac%20miller%20mrs.%20deborah%20downer
Central Cee & Lil Durk - Truth In The Lies (Traducción al Español),Genius Traducciones al Español,https://genius.com/Genius-traducciones-al-espanol-central-cee-and-lil-durk-truth-in-the-lies-traduccion-al-espanol-lyrics,https://api.genius.com/search?q=central%20cee%20and%20lil%20durk%20truth%20in%20the%20lies
Holy Ground,BigXthaPlug,https://genius.com/Bigxthaplug-and-jessie-murph-holy-ground-lyrics,https://api.genius.com/search?q=bigxthaplug%20and%20jessie%20murph%20holy%20ground
POOKIE’S REQUIEM,SAILORR,https://genius.com/Sailorr-pookies-requiem-lyrics,https://api.genius.com/search?q=sailorr%20pookie's%20requiem
One Take Freestyle,1900Rugrat,https://genius.com/1900rugrat-one-take-freestyle-lyrics,https://api.genius.com/search?q=1900rugrat%20one%20take%20freestyle
Mo Chicken,BossMan Dlow,https://genius.com/Bossman-dlow-mo-chicken-lyrics,https://api.genius.com/search?q=bossman%20dlow%20mo%20chicken
Blick Sum (Remix),Latto,https://genius.com/Latto-blick-sum-remix-lyrics,https://api.genius.com/search?q=latto%20blick%20sum
Drive,The Weeknd,https://genius.com/The-weeknd-drive-lyrics,https://api.genius.com/search?q=the%20weeknd%20drive
Red Terror,The Weeknd,https://genius.com/The-weeknd-red-terror-lyrics,https://api.genius.com/search?q=the%20weeknd%20red%20terror
Without A Warning,The Weeknd,https://genius.com/The-weeknd-without-a-warning-lyrics,https://api.genius.com/search?q=the%20weeknd%20without%20a%20warning
Houstatlantaville,EST Gee,https://genius.com/Est-gee-houstatlantaville-lyrics,https://api.genius.com/search?q=est%20gee%20houstatlantaville
Money Trees,Kendrick Lamar,https://genius.com/Kendrick-lamar-money-trees-lyrics,https://api.genius.com/search?q=kendrick%20lamar%20money%20trees
LOVE.,Kendrick Lamar,https://genius.com/Kendrick-lamar-love-lyrics,https://api.genius.com/search?q=kendrick%20lamar%20love.
Alright,Kendrick Lamar,https://genius.com/Kendrick-lamar-alright-lyrics,https://api.genius.com/search?q=kendrick%20lamar%20alright
Open Arms,SZA,https://genius.com/Sza-open-arms-lyrics,https://api.genius.com/search?q=sza%20open%20arms
CATFISH,Doechii,https://genius.com/Doechii-catfish-lyrics,https://api.genius.com/search?q=doechii%20catfish
Doot Doot (6 7),Skrilla,https://genius.com/Skrilla-doot-doot-6-7-lyrics,https://api.genius.com/search?q=skrilla%20doot%20doot
FXCK UP THE WORLD,LISA,https://genius.com/Lisa-fxck-up-the-world-lyrics,https://api.genius.com/search?q=lisa%20fxck%20up%20the%20world
Can You Please,GELO,https://genius.com/Gelo-can-you-please-lyrics,https://api.genius.com/search?q=gelo%20and%20glorilla%20can%20you%20please?
Turn Up A Notch,Lil Durk,https://genius.com/Lil-durk-turn-up-a-notch-lyrics,https://api.genius.com/search?q=lil%20durk%20turn%20up%20a%20notch
Monitoring Me,Lil Durk,https://genius.com/Lil-durk-monitoring-me-lyrics,https://api.genius.com/search?q=lil%20durk%20monitoring%20me
FOMDJ,Playboi Carti,https://genius.com/Playboi-carti-fomdj-lyrics,https://api.genius.com/search?q=playboi%20carti%20fomdj
Untouchable,Lil Durk,https://genius.com/Lil-durk-untouchable-lyrics,https://api.genius.com/search?q=lil%20durk%20untouchable
Opportunist,Lil Durk,https://genius.com/Lil-durk-opportunist-lyrics,https://api.genius.com/search?q=lil%20durk%20opportunist
Soul Bleed,Lil Durk,https://genius.com/Lil-durk-soul-bleed-lyrics,https://api.genius.com/search?q=lil%20durk%20soul%20bleed
Notebook (No Hook),Lil Durk,https://genius.com/Lil-durk-notebook-no-hook-lyrics,https://api.genius.com/search?q=lil%20durk%20notebook
Late Checkout,Lil Durk,https://genius.com/Lil-durk-late-checkout-lyrics,https://api.genius.com/search?q=lil%20durk%20late%20checkout
Lil Durk - Alhamdulillah (Tradução em Português),Genius Brasil Traduções,https://genius.com/Genius-brasil-traducoes-lil-durk-alhamdulillah-traducao-em-portugues-lyrics,https://api.genius.com/search?q=lil%20durk%20alhamdulilah
Sinners,Rod Wave,https://genius.com/Rod-wave-sinners-lyrics,https://api.genius.com/search?q=rod%20wave%20sinners
WTHELLY,Rob49,https://genius.com/Rob49-wthelly-lyrics,https://api.genius.com/search?q=rob49%20wthelly
Quavo & Lil Baby - Legends (Tradução em Português),Genius Brasil Traduções,https://genius.com/Genius-brasil-traducoes-quavo-and-lil-baby-legends-traducao-em-portugues-lyrics,https://api.genius.com/search?q=quavo%20and%20lil%20baby%20legends
Blakk Rokkstar,Ken Carson,https://genius.com/Ken-carson-blakk-rokkstar-lyrics,https://api.genius.com/search?q=ken%20carson%20blakk%20rokkstar
"Ken Carson, Playboi Carti & Destroy Lonely - Off The Meter (Русский перевод)",Genius Russian Translations (Русский перевод),https://genius.com/Genius-russian-translations-ken-carson-playboi-carti-and-destroy-lonely-off-the-meter-lyrics,"https://api.genius.com/search?q=ken%20carson,%20playboi%20carti%20and%20destroy%20lonely%20off%20the%20meter"
LiveLeak,Ken Carson,https://genius.com/Ken-carson-liveleak-lyrics,https://api.genius.com/search?q=ken%20carson%20liveleak
Lord Of Chaos,Ken Carson,https://genius.com/Ken-carson-lord-of-chaos-lyrics,https://api.genius.com/search?q=ken%20carson%20lord%20of%20chaos
Trap Jump,Ken Carson,https://genius.com/Ken-carson-trap-jump-lyrics,https://api.genius.com/search?q=ken%20carson%20trap%20jump
Xposed,Ken Carson,https://genius.com/Ken-carson-xposed-lyrics,https://api.genius.com/search?q=ken%20carson%20xposed
Thx,Ken Carson,https://genius.com/Ken-carson-thx-lyrics,https://api.genius.com/search?q=ken%20carson%20thx
Money Spread,Ken Carson,https://genius.com/Ken-carson-money-spread-lyrics,https://api.genius.com/search?q=ken%20carson%20money%20spread
The Bell,Yeat,https://genius.com/Yeat-the-bell-lyrics,https://api.genius.com/search?q=yeat%20the%20bell
Boots on the Ground,803Fresh,https://genius.com/803fresh-boots-on-the-ground-lyrics,https://api.genius.com/search?q=803fresh%20boots%20on%20the%20ground
Whenever,Megan Thee Stallion,https://genius.com/Megan-thee-stallion-whenever-lyrics,https://api.genius.com/search?q=megan%20thee%20stallion%20whenever
Blue Devil,Key Glock,https://genius.com/Key-glock-blue-devil-lyrics,https://api.genius.com/search?q=key%20glock%20blue%20devil
Spend It,Summer Walker,https://genius.com/Summer-walker-spend-it-lyrics,https://api.genius.com/search?q=summer%20walker%20spend%20it
Tree On The Hill (Lunch Break Freestyle),Lyrical Lemonade,https://genius.com/Lyrical-lemonade-and-nino-paid-tree-on-the-hill-lunch-break-freestyle-lyrics,https://api.genius.com/search?q=nino%20paid%20tree%20on%20the%20hill
Glockaveli,Key Glock,https://genius.com/Key-glock-glockaveli-lyrics,https://api.genius.com/search?q=key%20glock%20glockaveli
No Sweat,Key Glock,https://genius.com/Key-glock-no-sweat-lyrics,https://api.genius.com/search?q=key%20glock%20no%20sweat
The Grinch,Key Glock,https://genius.com/Key-glock-the-grinch-lyrics,https://api.genius.com/search?q=key%20glock%20the%20grinch
All I Can Say,Kali Uchis,https://genius.com/Kali-uchis-all-i-can-say-lyrics,https://api.genius.com/search?q=kali%20uchis%20all%20i%20can%20say
Self-Inflicted,$uicideboy$,https://genius.com/Uicideboy-self-inflicted-lyrics,https://api.genius.com/search?q=$uicideboy$%20self-inflicted
Baby Mad At Me,That Mexican OT,https://genius.com/That-mexican-ot-and-lil-wayne-baby-mad-at-me-lyrics,https://api.genius.com/search?q=that%20mexican%20ot%20and%20lil%20wayne%20baby%20mad%20at%20me
Bunna Summa,BunnaB,https://genius.com/Bunnab-bunna-summa-lyrics,https://api.genius.com/search?q=bunnab%20bunna%20summa
RATHER BE,GIVĒON,https://genius.com/Giveon-rather-be-lyrics,https://api.genius.com/search?q=giveon%20rather%20be
Decisions,Big Ro6,https://genius.com/Big-ro6-decisions-lyrics,https://api.genius.com/search?q=big%20ro6%20decisions
Back Of My Mind,Rockout Danny,https://genius.com/Rockout-danny-back-of-my-mind-lyrics,https://api.genius.com/search?q=rockout%20danny%20back%20of%20my%20mind
Hit,BossMan Dlow,https://genius.com/Bossman-dlow-hit-lyrics,https://api.genius.com/search?q=bossman%20dlow%20and%20gucci%20mane%20hit
JAN. 31ST (MY TRUTH).,YFN Lucci,https://genius.com/Yfn-lucci-jan-31st-my-truth-lyrics,https://api.genius.com/search?q=yfn%20lucci%20jan.%2031st
Finest,YoungBoy Never Broke Again,https://genius.com/Youngboy-never-broke-again-finest-lyrics,https://api.genius.com/search?q=youngboy%20never%20broke%20again%20finest
Top Tingz,YoungBoy Never Broke Again,https://genius.com/Youngboy-never-broke-again-top-tingz-lyrics,https://api.genius.com/search?q=youngboy%20never%20broke%20again%20top%20tingz
HOLLYWOOD,YG,https://genius.com/Yg-and-shoreline-mafia-hollywood-lyrics,https://api.genius.com/search?q=yg%20and%20shoreline%20mafia%20hollywood
XXXTENTACION & Juice WRLD - whoa (mind in awe) [Remix] (Traducción al Español),Genius Traducciones al Español,https://genius.com/Genius-traducciones-al-espanol-xxxtentacion-and-juice-wrld-whoa-mind-in-awe-remix-traduccion-al-espanol-lyrics,https://api.genius.com/search?q=xxxtentacion%20and%20juice%20wrld%20whoa%20[remix]
Survivor’s Guilt,Meek Mill,https://genius.com/Meek-mill-and-g-herbo-survivors-guilt-lyrics,https://api.genius.com/search?q=meek%20mill%20and%20g%20herbo%20survivor's%20guilt
NOT FAIR,Leon Thomas,https://genius.com/Leon-thomas-not-fair-lyrics,https://api.genius.com/search?q=leon%20thomas%20not%20fair
worst behaviour (Remix),kwn,https://genius.com/Kwn-worst-behaviour-remix-lyrics,https://api.genius.com/search?q=kwn%20worst%20behaviour
Flex Up,Lil Wayne,https://genius.com/Lil-wayne-flex-up-lyrics,https://api.genius.com/search?q=lil%20wayne%20flex%20up
Island Holiday,Lil Wayne,https://genius.com/Lil-wayne-island-holiday-lyrics,https://api.genius.com/search?q=lil%20wayne%20island%20holiday
The Days,Lil Wayne,https://genius.com/Lil-wayne-and-bono-the-days-lyrics,https://api.genius.com/search?q=lil%20wayne%20and%20bono%20the%20days
Loki’s Theme,Lil Wayne,https://genius.com/Lil-wayne-lokis-theme-lyrics,https://api.genius.com/search?q=lil%20wayne%20loki's%20theme
Peanuts 2 N Elephant,Lil Wayne,https://genius.com/Lil-wayne-peanuts-2-n-elephant-lyrics,https://api.genius.com/search?q=lil%20wayne%20peanuts%202%20n%20elephant
Alone In The Studio With My Gun,Lil Wayne,https://genius.com/Lil-wayne-mgk-and-kodak-black-alone-in-the-studio-with-my-gun-lyrics,"https://api.genius.com/search?q=lil%20wayne,%20mgk%20and%20kodak%20black%20alone%20in%20the%20studio%20with%20my%20gun"
If I Played Guitar,Lil Wayne,https://genius.com/Lil-wayne-if-i-played-guitar-lyrics,https://api.genius.com/search?q=lil%20wayne%20if%20i%20played%20guitar
Written History,Lil Wayne,https://genius.com/Lil-wayne-written-history-lyrics,https://api.genius.com/search?q=lil%20wayne%20written%20history
Bein Myself,Lil Wayne,https://genius.com/Lil-wayne-bein-myself-lyrics,https://api.genius.com/search?q=lil%20wayne%20and%20mannie%20fresh%20bein%20myself
Maria,Lil Wayne,https://genius.com/Lil-wayne-maria-lyrics,https://api.genius.com/search?q=lil%20wayne%20and%20wyclef%20jean%20maria
Rari,Lil Wayne,https://genius.com/Lil-wayne-and-kam-carter-rari-lyrics,https://api.genius.com/search?q=lil%20wayne%20and%20kameron%20carter%20rari
Favorite Lie,Lil Tecca,https://genius.com/Lil-tecca-favorite-lie-lyrics,https://api.genius.com/search?q=lil%20tecca%20favorite%20lie
Lil Tecca & Ken Carson - Tic Tac Toe (Tradução em Português),Genius Brasil Traduções,https://genius.com/Genius-brasil-traducoes-lil-tecca-and-ken-carson-tic-tac-toe-traducao-em-portugues-lyrics,https://api.genius.com/search?q=lil%20tecca%20and%20ken%20carson%20tic%20tac%20toe
Boys Don’t Cry,Lil Tecca,https://genius.com/Lil-tecca-boys-dont-cry-lyrics,https://api.genius.com/search?q=lil%20tecca%20boys%20don't%20cry
The Truth,Lil Tecca,https://genius.com/Lil-tecca-the-truth-lyrics,https://api.genius.com/search?q=lil%20tecca%20the%20truth
Hollywood,Lil Tecca,https://genius.com/Lil-tecca-hollywood-lyrics,https://api.genius.com/search?q=lil%20tecca%20hollywood
2 Mazza,Smiley,https://genius.com/Smiley-and-drake-2-mazza-lyrics,https://api.genius.com/search?q=smiley%202%20mazza
On Your Own,Lil Tecca,https://genius.com/Lil-tecca-on-your-own-lyrics,https://api.genius.com/search?q=lil%20tecca%20on%20your%20own
X Factor,Lil Tecca,https://genius.com/Lil-tecca-x-factor-lyrics,https://api.genius.com/search?q=lil%20tecca%20x%20factor
Don’t Rush,Lil Tecca,https://genius.com/Lil-tecca-dont-rush-lyrics,https://api.genius.com/search?q=lil%20tecca%20don't%20rush
Teddy Swims & BigXthaPlug - All Gas No Brakes (Traducción al Español),Genius Traducciones al Español,https://genius.com/Genius-traducciones-al-espanol-teddy-swims-and-bigxthaplug-all-gas-no-brakes-traduccion-al-espanol-lyrics,https://api.genius.com/search?q=teddy%20swims%20and%20bigxthaplug%20all%20gas%20no%20brakes
Pull Yo Skirt Up,PLUTO,https://genius.com/Pluto-pull-yo-skirt-up-lyrics,https://api.genius.com/search?q=pluto%20pull%20yo%20skirt%20up
Blow My High,Dee Mula,https://genius.com/Dee-mula-blow-my-high-lyrics,https://api.genius.com/search?q=dee%20mula%20blow%20my%20high
Occupied,Shoreline Mafia,https://genius.com/Shoreline-mafia-occupied-lyrics,"https://api.genius.com/search?q=shoreline%20mafia,%20ohgeesy%20and%20fenix%20flexin%20rockin"
Catch Me Outside 2,Ski Mask the Slump God,https://genius.com/Ski-mask-the-slump-god-catch-me-outside-2-lyrics,https://api.genius.com/search?q=ski%20mask%20the%20slump%20god%20catch%20me%20outside%202
Can’t Go Broke,Zeddy Will,https://genius.com/Zeddy-will-cant-go-broke-lyrics,https://api.genius.com/search?q=zeddy%20will%20cant%20go%20broke
tony soprano.,Brent Faiyaz,https://genius.com/Brent-faiyaz-tony-soprano-lyrics,https://api.genius.com/search?q=brent%20faiyaz%20tony%20soprano.
Kickboxer,YoungBoy Never Broke Again,https://genius.com/Youngboy-never-broke-again-kickboxer-lyrics,https://api.genius.com/search?q=youngboy%20never%20broke%20again%20kickboxer
Beyoncé & Dolly Parton - TYRANT (polskie tłumaczenie),Polskie tłumaczenia Genius,https://genius.com/Polskie-tumaczenia-genius-beyonce-and-dolly-parton-tyrant-polskie-tumaczenie-lyrics,https://api.genius.com/search?q=beyonce%20and%20dolly%20parton%20tyrant
Peepin,YoungBoy Never Broke Again,https://genius.com/Youngboy-never-broke-again-peepin-lyrics,https://api.genius.com/search?q=youngboy%20never%20broke%20again%20peepin
MASA,YoungBoy Never Broke Again,https://genius.com/Youngboy-never-broke-again-masa-lyrics,https://api.genius.com/search?q=youngboy%20never%20broke%20again%20masa
Priorities,YoungBoy Never Broke Again,https://genius.com/Youngboy-never-broke-again-priorities-lyrics,https://api.genius.com/search?q=youngboy%20never%20broke%20again%20priorities
Diesel,YoungBoy Never Broke Again,https://genius.com/Youngboy-never-broke-again-diesel-lyrics,https://api.genius.com/search?q=youngboy%20never%20broke%20again%20diesel
When Time Pass,YoungBoy Never Broke Again,https://genius.com/Youngboy-never-broke-again-when-time-pass-lyrics,https://api.genius.com/search?q=youngboy%20never%20broke%20again%20when%20time%20pass
peter pan.,Brent Faiyaz,https://genius.com/Brent-faiyaz-peter-pan-lyrics,https://api.genius.com/search?q=brent%20faiyaz%20peter%20pan.
JID & Eminem - Animals [Pt. I] (Tradução em Português),Genius Brasil Traduções,https://genius.com/Genius-brasil-traducoes-jid-and-eminem-animals-pt-i-traducao-em-portugues-lyrics,https://api.genius.com/search?q=jid%20and%20eminem%20animals
Young Black & Rich,Melly Mike,https://genius.com/Melly-mike-young-black-and-rich-lyrics,https://api.genius.com/search?q=melly%20mike%20young%20black%20and%20rich
F.I.C.O.,Clipse,https://genius.com/Clipse-and-stove-god-cooks-fico-lyrics,https://api.genius.com/search?q=clipse%20f.i.c.o.
All Things Considered,Clipse,https://genius.com/Clipse-the-dream-and-pharrell-williams-all-things-considered-lyrics,https://api.genius.com/search?q=clipse%20all%20things%20considered
MM3,SoFaygo,https://genius.com/Sofaygo-mm3-lyrics,https://api.genius.com/search?q=sofaygo%20mm3
I CAN TELL,GIVĒON,https://genius.com/Giveon-i-can-tell-lyrics,https://api.genius.com/search?q=giveon%20i%20can%20tell
ZUMA HOUSE,Justin Bieber,https://genius.com/Justin-bieber-zuma-house-lyrics,https://api.genius.com/search?q=justin%20bieber%20zuma%20house
E.B.I.T.D.A.,Clipse,https://genius.com/Clipse-and-pharrell-williams-ebitda-lyrics,https://api.genius.com/search?q=clipse%20e.b.i.t.d.a.
Don Toliver & Sheck Wes - VELOUR (Український переклад),Genius Ukrainian Translations (Українські переклади),https://genius.com/Genius-ukrainian-translations-don-toliver-and-sheck-wes-velour-lyrics,https://api.genius.com/search?q=don%20toliver%20and%20sheck%20wes%20velour
Travis Scott & SoFaygo - CONTEST (Tradução em Português),Genius Brasil Traduções,https://genius.com/Genius-brasil-traducoes-travis-scott-and-sofaygo-contest-traducao-em-portugues-lyrics,https://api.genius.com/search?q=travis%20scott%20and%20sofaygo%20contest
NO COMMENTS,Don Toliver,https://genius.com/Don-toliver-no-comments-lyrics,https://api.genius.com/search?q=don%20toliver%20no%20comments
Inglorious Bastards,Clipse,https://genius.com/Clipse-and-ab-liva-inglorious-bastards-lyrics,https://api.genius.com/search?q=clipse%20inglorious%20bastards
DA WIZARD,Travis Scott,https://genius.com/Travis-scott-da-wizard-lyrics,https://api.genius.com/search?q=travis%20scott%20da%20wizard
YoungBoy Never Broke Again & Playboi Carti - Fire Your Manager (Русский перевод),Genius Russian Translations (Русский перевод),https://genius.com/Genius-russian-translations-youngboy-never-broke-again-and-playboi-carti-fire-your-manager-lyrics,https://api.genius.com/search?q=youngboy%20never%20broke%20again%20and%20playboi%20carti%20fire%20your%20manager
Have a Baby (With Me),Daniel Caesar,https://genius.com/Daniel-caesar-have-a-baby-with-me-lyrics,https://api.genius.com/search?q=daniel%20caesar%20have%20a%20baby
Freddie Gibbs & The Alchemist - Ensalada ft. Anderson .Paak (Tradução em Português),Genius Brasil Traduções,https://genius.com/Genius-brasil-traducoes-freddie-gibbs-and-the-alchemist-ensalada-ft-anderson-paak-traducao-em-portugues-lyrics,https://api.genius.com/search?q=freddie%20gibbs%20and%20the%20alchemist%20ensalada
Games of War,YoungBoy Never Broke Again,https://genius.com/Youngboy-never-broke-again-games-of-war-lyrics,https://api.genius.com/search?q=youngboy%20never%20broke%20again%20games%20of%20war
Full of Grace (I Refuse to Tend My Own Grave),$uicideboy$,https://genius.com/Uicideboy-full-of-grace-i-refuse-to-tend-my-own-grave-lyrics,https://api.genius.com/search?q=$uicideboy$%20full%20of%20grace
Carried Away,$uicideboy$,https://genius.com/Uicideboy-carried-away-lyrics,https://api.genius.com/search?q=$uicideboy$%20carried%20away
Chain Breaker,$uicideboy$,https://genius.com/Uicideboy-chain-breaker-lyrics,https://api.genius.com/search?q=$uicideboy$%20chain%20breaker
PUT IT ONG,Yeat,https://genius.com/Yeat-put-it-ong-lyrics,https://api.genius.com/search?q=yeat%20put%20it%20ong
GREY+GREY+GREY,$uicideboy$,https://genius.com/Uicideboy-grey-grey-grey-lyrics,https://api.genius.com/search?q=$uicideboy$%20grey+grey+grey
Monochromatic,$uicideboy$,https://genius.com/Uicideboy-monochromatic-lyrics,https://api.genius.com/search?q=$uicideboy$%20monochromatic
Achievements And Transcriptions,n1ver,https://genius.com/N1ver-achievements-and-transcriptions-annotated,"https://api.genius.com/search?q=metro%20boomin,%20travis%20porter,%20young%20dro%20and%20gucci%20mane%20they%20wanna%20have%20fun"
biting my game,Gunna,https://genius.com/Gunna-biting-my-game-lyrics,https://api.genius.com/search?q=gunna%20biting%20my%20game
again,Gunna,https://genius.com/Gunna-again-lyrics,https://api.genius.com/search?q=gunna%20again
prototype,Gunna,https://genius.com/Gunna-prototype-lyrics,https://api.genius.com/search?q=gunna%20prototype
endless,Gunna,https://genius.com/Gunna-endless-lyrics,https://api.genius.com/search?q=gunna%20endless
i can’t feel my face,Gunna,https://genius.com/Gunna-i-cant-feel-my-face-lyrics,https://api.genius.com/search?q=gunna%20i%20can't%20feel%20my%20face
JID & Clipse - Community (Tradução em Português),Genius Brasil Traduções,https://genius.com/Genius-brasil-traducoes-jid-and-clipse-community-traducao-em-portugues-lyrics,https://api.genius.com/search?q=jid%20and%20clipse%20community
podcast,Gunna,https://genius.com/Gunna-podcast-lyrics,https://api.genius.com/search?q=gunna%20podcast
Glory,JID,https://genius.com/Jid-glory-lyrics,https://api.genius.com/search?q=jid%20glory
YouUgly,JID,https://genius.com/Jid-and-westside-gunn-youugly-lyrics,https://api.genius.com/search?q=jid%20youugly
satisfaction,Gunna,https://genius.com/Gunna-satisfaction-lyrics,https://api.genius.com/search?q=gunna%20satisfaction
Rainy Days,Mariah the Scientist,https://genius.com/Mariah-the-scientist-rainy-days-lyrics,https://api.genius.com/search?q=mariah%20the%20scientist%20rainy%20days
United Nations + 1000 Ways To Die,Mariah the Scientist,https://genius.com/Mariah-the-scientist-united-nations-1000-ways-to-die-lyrics,https://api.genius.com/search?q=mariah%20the%20scientist%20united%20nations%20+%201000%20ways%20to%20die
Run It Up,Offset,https://genius.com/Offset-and-key-glock-run-it-up-lyrics,https://api.genius.com/search?q=offset%20and%20key%20glock%20run%20it%20up
Like You Never,Mariah the Scientist,https://genius.com/Mariah-the-scientist-like-you-never-lyrics,https://api.genius.com/search?q=mariah%20the%20scientist%20like%20you%20never
Offset & YoungBoy Never Broke Again - Pills (Tradução em Português),Genius Brasil Traduções,https://genius.com/Genius-brasil-traducoes-offset-and-youngboy-never-broke-again-pills-traducao-em-portugues-lyrics,https://api.genius.com/search?q=offset%20and%20youngboy%20never%20broke%20again%20pills
Eternal Flame,Mariah the Scientist,https://genius.com/Mariah-the-scientist-eternal-flame-lyrics,https://api.genius.com/search?q=mariah%20the%20scientist%20eternal%20flame
All I Want + In Pursuit,Mariah the Scientist,https://genius.com/Mariah-the-scientist-all-i-want-in-pursuit-lyrics,https://api.genius.com/search?q=mariah%20the%20scientist%20all%20i%20want%20+%20in%20pursuit
No More Entertainers,Mariah the Scientist,https://genius.com/Mariah-the-scientist-no-more-entertainers-lyrics,https://api.genius.com/search?q=mariah%20the%20scientist%20no%20more%20entertainers
Call on Me,Daniel Caesar,https://genius.com/Daniel-caesar-call-on-me-lyrics,https://api.genius.com/search?q=daniel%20caesar%20call%20on%20me
LUCKI & Lil Yachty - I Don’t Care... (Tradução em Português),Genius Brasil Traduções,https://genius.com/Genius-brasil-traducoes-lucki-and-lil-yachty-i-dont-care-traducao-em-portugues-lyrics,https://api.genius.com/search?q=lucki%20and%20lil%20yachty%20i%20don't%20care...
Brother,DJ Khaled,https://genius.com/Dj-khaled-and-post-malone-brother-lyrics,"https://api.genius.com/search?q=dj%20khaled,%20post%20malone%20and%20youngboy%20never%20broke%20again%20brother"
Tell Her,Ella Mai,https://genius.com/Ella-mai-tell-her-lyrics,https://api.genius.com/search?q=ella%20mai%20tell%20her
Everybody’s Looking At Me,Eminem,https://genius.com/Eminem-everybodys-looking-at-me-lyrics,https://api.genius.com/search?q=eminem%20everybody's%20looking%20at%20me
Affirmations,Flippa T,https://genius.com/Flippa-t-affirmations-lyrics,https://api.genius.com/search?q=flippa%20t%20affirmations
Set In Stone,Key Glock,https://genius.com/Key-glock-set-in-stone-lyrics,https://api.genius.com/search?q=key%20glock%20set%20in%20stone
MVP,BashfortheWorld,https://genius.com/Bashfortheworld-mvp-lyrics,https://api.genius.com/search?q=bashfortheworld%20mvp
Gyatt,Latto,https://genius.com/Latto-and-ice-spice-gyatt-lyrics,https://api.genius.com/search?q=latto%20and%20ice%20spice%20gyatt
I Don’t Care,Ed Sheeran,https://genius.com/Ed-sheeran-and-justin-bieber-i-dont-care-lyrics,https://api.genius.com/search?q=justin%20bieber%20i%20do
Permanent Scar,YoungBoy Never Broke Again,https://genius.com/Youngboy-never-broke-again-permanent-scar-lyrics,https://api.genius.com/search?q=youngboy%20never%20broke%20again%20wine%20and%20dine
NEED IT,Justin Bieber,https://genius.com/Justin-bieber-need-it-lyrics,https://api.genius.com/search?q=justin%20bieber%20need%20it
I’m A Dog,Kevin Gates,https://genius.com/Kevin-gates-im-a-dog-lyrics,https://api.genius.com/search?q=kevin%20gates%20i'm%20a%20dog
YES IT IS,Leon Thomas,https://genius.com/Leon-thomas-yes-it-is-lyrics,https://api.genius.com/search?q=leon%20thomas%20yes%20it%20is
Shark,YoungBoy Never Broke Again,https://genius.com/Youngboy-never-broke-again-shark-lyrics,https://api.genius.com/search?q=youngboy%20never%20broke%20again%20shark
Lonely Child,YoungBoy Never Broke Again,https://genius.com/Youngboy-never-broke-again-lonely-child-lyrics,https://api.genius.com/search?q=youngboy%20never%20broke%20again%20lonely%20child
Lil Top,YoungBoy Never Broke Again,https://genius.com/Youngboy-never-broke-again-lil-top-lyrics,https://api.genius.com/search?q=youngboy%20never%20broke%20again%20lil%20top
Slime Belief,YoungBoy Never Broke Again,https://genius.com/Youngboy-never-broke-again-slime-belief-lyrics,https://api.genius.com/search?q=youngboy%20never%20broke%20again%20slime%20belief
On My Back,Cardi B,https://genius.com/Cardi-b-on-my-back-lyrics,https://api.genius.com/search?q=cardi%20b%20on%20my%20back
Check Please,Cardi B,https://genius.com/Cardi-b-check-please-lyrics,https://api.genius.com/search?q=cardi%20b%20check%20please
Trophies,Cardi B,https://genius.com/Cardi-b-trophies-lyrics,https://api.genius.com/search?q=cardi%20b%20trophies
Killin You Hoes,Cardi B,https://genius.com/Cardi-b-killin-you-hoes-lyrics,https://api.genius.com/search?q=cardi%20b%20killin%20you%20hoes
Nice Guy,Cardi B,https://genius.com/Cardi-b-nice-guy-lyrics,https://api.genius.com/search?q=cardi%20b%20nice%20guy
Walk Down,Young Thug,https://genius.com/Young-thug-walk-down-lyrics,https://api.genius.com/search?q=young%20thug%20walk%20down
Yuck,Young Thug,https://genius.com/Young-thug-yuck-lyrics,https://api.genius.com/search?q=young%20thug%20yuck
Pardon My Back,Young Thug,https://genius.com/Young-thug-pardon-my-back-lyrics,https://api.genius.com/search?q=young%20thug%20pardon%20my%20back
On The News,Young Thug,https://genius.com/Young-thug-on-the-news-lyrics,https://api.genius.com/search?q=young%20thug%20on%20the%20news
PIECES ON MY NECK.,YFN Lucci,https://genius.com/Yfn-lucci-and-21-savage-pieces-on-my-neck-lyrics,https://api.genius.com/search?q=yfn%20lucci%20and%2021%20savage%20pieces%20on%20my%20neck.
Pipe Down,Young Thug,https://genius.com/Young-thug-pipe-down-lyrics,https://api.genius.com/search?q=young%20thug%20pipe%20down
I Need Her,Bryson Tiller,https://genius.com/Bryson-tiller-i-need-her-lyrics,https://api.genius.com/search?q=bryson%20tiller%20i%20need%20her
nah,Khalid,https://genius.com/Khalid-nah-lyrics,https://api.genius.com/search?q=khalid%20nah
Rich Sinners,Skrilla,https://genius.com/Skrilla-and-lil-yachty-rich-sinners-lyrics,https://api.genius.com/search?q=skrilla%20and%20lil%20yachty%20rich%20sinners
Putting Ya Dine,Monaleo,https://genius.com/Monaleo-putting-ya-dine-lyrics,https://api.genius.com/search?q=monaleo%20putting%20ya%20dine
Root of all Evil,Daniel Caesar,https://genius.com/Daniel-caesar-root-of-all-evil-lyrics,https://api.genius.com/search?q=daniel%20caesar%20root%20of%20all%20evil
All On Me,Lil Baby,https://genius.com/Lil-baby-and-g-herbo-all-on-me-lyrics,https://api.genius.com/search?q=lil%20baby%20and%20g%20herbo%20all%20on%20me
February 2022 Singles Release Calendar,Genius,https://genius.com/Genius-february-2022-singles-release-calendar-annotated,https://api.genius.com/search?q=moneybagg%20yo%20x%20g%20herbo%20feet%20on%20land
Tee Grizzley - Voicemail ft. Rod Wave (Tradução em Português),Genius Brasil Traduções,https://genius.com/Genius-brasil-traducoes-tee-grizzley-voicemail-ft-rod-wave-traducao-em-portugues-lyrics,https://api.genius.com/search?q=tee%20grizzley%20and%20rod%20wave%20voicemail
Baby Blue,Daniel Caesar,https://genius.com/Daniel-caesar-baby-blue-lyrics,https://api.genius.com/search?q=daniel%20caesar%20baby%20blue
Rain Down,Daniel Caesar,https://genius.com/Daniel-caesar-rain-down-lyrics,https://api.genius.com/search?q=daniel%20caesar%20rain%20down
Emily’s Song,Daniel Caesar,https://genius.com/Daniel-caesar-emilys-song-lyrics,https://api.genius.com/search?q=daniel%20caesar%20emily's%20song
Moon,Daniel Caesar,https://genius.com/Daniel-caesar-moon-lyrics,https://api.genius.com/search?q=daniel%20caesar%20moon
Touching God,Daniel Caesar,https://genius.com/Daniel-caesar-touching-god-lyrics,https://api.genius.com/search?q=daniel%20caesar%20touching%20god
Sign of the Times,Daniel Caesar,https://genius.com/Daniel-caesar-sign-of-the-times-lyrics,https://api.genius.com/search?q=daniel%20caesar%20sign%20of%20the%20times
Blinding Lights,The Weeknd,https://genius.com/The-weeknd-blinding-lights-lyrics,https://api.genius.com/search?q=the%20weeknd%20blinding%20lights
Superstition,Stevie Wonder,https://genius.com/Stevie-wonder-superstition-lyrics,https://api.genius.com/search?q=stevie%20wonder%20superstition
KO (Don’t Look Any Further),NLE The Great,https://genius.com/Nle-the-great-and-nle-choppa-ko-dont-look-any-further-lyrics,https://api.genius.com/search?q=nle%20the%20great%20ko
yes,Ken Carson,https://genius.com/Ken-carson-yes-lyrics,https://api.genius.com/search?q=ken%20carson%20yes
Try To Love,Lil Baby,https://genius.com/Lil-baby-try-to-love-lyrics,https://api.genius.com/search?q=lil%20baby%20try%20to%20love
Blitz,G Herbo,https://genius.com/G-herbo-blitz-lyrics,https://api.genius.com/search?q=g%20herbo%20blitz
Reason,G Herbo,https://genius.com/G-herbo-reason-lyrics,https://api.genius.com/search?q=g%20herbo%20reason
Every Night,G Herbo,https://genius.com/G-herbo-every-night-lyrics,https://api.genius.com/search?q=g%20herbo%20every%20night
Longevity,G Herbo,https://genius.com/G-herbo-longevity-lyrics,https://api.genius.com/search?q=g%20herbo%20longevity
Friend Do Remix,Belly Gang Kushington,https://genius.com/Belly-gang-kushington-and-ykniece-friend-do-remix-lyrics,https://api.genius.com/search?q=belly%20gang%20ku$hington%20friend%20do
1 Chance,G Herbo,https://genius.com/G-herbo-1-chance-lyrics,https://api.genius.com/search?q=g%20herbo%201%20chance
Summer Walker & Bryson Tiller - Give Me A Reason (Traducción al Español),Genius Traducciones al Español,https://genius.com/Genius-traducciones-al-espanol-summer-walker-and-bryson-tiller-give-me-a-reason-traduccion-al-espanol-lyrics,https://api.genius.com/search?q=summer%20walker%20and%20bryson%20tiller%20give%20me%20a%20reason
Scars,Summer Walker,https://genius.com/Summer-walker-scars-lyrics,https://api.genius.com/search?q=summer%20walker%20scars
Summer Walker & 21 Savage - Get Yo Boy (Traducción al Español),Genius Traducciones al Español,https://genius.com/Genius-traducciones-al-espanol-summer-walker-and-21-savage-get-yo-boy-traduccion-al-espanol-lyrics,https://api.genius.com/search?q=summer%20walker%20and%2021%20savage%20get%20yo%20boy
Finally Over It,Summer Walker,https://genius.com/Summer-walker-finally-over-it-lyrics,https://api.genius.com/search?q=summer%20walker%20finally%20over%20it
Situationship,Summer Walker,https://genius.com/Summer-walker-situationship-lyrics,https://api.genius.com/search?q=summer%20walker%20situationship
WASHED UP,NF,https://genius.com/Nf-washed-up-lyrics,https://api.genius.com/search?q=nf%20washed%20up
Summer Walker & SAILORR - How Sway (Traducción al Español),Genius Traducciones al Español,https://genius.com/Genius-traducciones-al-espanol-summer-walker-and-sailorr-how-sway-traduccion-al-espanol-lyrics,https://api.genius.com/search?q=summer%20walker%20and%20sailorr%20how%20sway
Don’t Make Me Do It/Tempted,Summer Walker,https://genius.com/Summer-walker-dont-make-me-do-it-tempted-lyrics,https://api.genius.com/search?q=summer%20walker%20don't%20make%20me%20do%20it/tempted
Summer Walker & Brent Faiyaz - Number One (Traducción al Español),Genius Traducciones al Español,https://genius.com/Genius-traducciones-al-espanol-summer-walker-and-brent-faiyaz-number-one-traduccion-al-espanol-lyrics,https://api.genius.com/search?q=summer%20walker%20and%20brent%20faiyaz%20number%20one
Stitch Me Up,Summer Walker,https://genius.com/Summer-walker-stitch-me-up-lyrics,https://api.genius.com/search?q=summer%20walker%20stitch%20me%20up
Summer Walker & Teddy Swims - Allegedly (Traducción al Español),Genius Traducciones al Español,https://genius.com/Genius-traducciones-al-espanol-summer-walker-and-teddy-swims-allegedly-traduccion-al-espanol-lyrics,https://api.genius.com/search?q=summer%20walker%20and%20teddy%20swims%20allegedly
Michael Fredo,Wale,https://genius.com/Wale-michael-fredo-lyrics,https://api.genius.com/search?q=wale%20michael%20fredo
Real Shit,Lil Baby,https://genius.com/Lil-baby-real-shit-lyrics,https://api.genius.com/search?q=lil%20baby%20real%20shit
"EsDeeKid, fakemink & Rico Ace - LV Sandals (Türkçe Çeviri)",Genius Türkçe Çeviriler,https://genius.com/Genius-turkce-ceviriler-esdeekid-fakemink-and-rico-ace-lv-sandals-turkce-ceviri-lyrics,"https://api.genius.com/search?q=esdeekid,%20fakemink%20and%20rico%20ace%20lv%20sandals"
Century,EsDeeKid,https://genius.com/Esdeekid-century-lyrics,https://api.genius.com/search?q=esdeekid%20century
Middle of the Summer,Lil Baby,https://genius.com/Lil-baby-middle-of-the-summer-lyrics,https://api.genius.com/search?q=lil%20baby%20middle%20of%20the%20summer
Rottweiler,EsDeeKid,https://genius.com/Esdeekid-rottweiler-lyrics,https://api.genius.com/search?q=esdeekid%20rottweiler
Chanel Boy,Lil Uzi Vert,https://genius.com/Lil-uzi-vert-chanel-boy-lyrics,https://api.genius.com/search?q=lil%20uzi%20vert%20chanel%20boy
Relevant,Lil Uzi Vert,https://genius.com/Lil-uzi-vert-relevant-lyrics,https://api.genius.com/search?q=lil%20uzi%20vert%20relevant
EsDeeKid & Rico Ace - Cali Man (Türkçe Çeviri),Genius Türkçe Çeviriler,https://genius.com/Genius-turkce-ceviriler-esdeekid-and-rico-ace-cali-man-turkce-ceviri-lyrics,https://api.genius.com/search?q=esdeekid%20and%20rico%20ace%20cali%20man
shark god🦈’s transcriptions,shark god🦈,https://genius.com/Shark-god-shark-gods-transcriptions-annotated,https://api.genius.com/search?q=lil%20baby%20and%20young%20thug%20superman
What She Like,Lil Baby,https://genius.com/Lil-baby-what-she-like-lyrics,https://api.genius.com/search?q=lil%20baby%20what%20she%20like
Guaranteed,Lil Baby,https://genius.com/Lil-baby-guaranteed-lyrics,https://api.genius.com/search?q=lil%20baby%20guaranteed
Last Drink,A Boogie wit da Hoodie,https://genius.com/A-boogie-wit-da-hoodie-last-drink-lyrics,https://api.genius.com/search?q=a%20boogie%20wit%20da%20hoodie%20last%20drink
Get Along,Lil Baby,https://genius.com/Lil-baby-lil-yachty-lucki-and-veeze-get-along-lyrics,"https://api.genius.com/search?q=lil%20baby,%20lil%20yachty,%20lucki%20and%20veeze%20get%20along"
Violation,Lil Baby,https://genius.com/Lil-baby-violation-lyrics,https://api.genius.com/search?q=lil%20baby%20violation
Nasty Girl,Lil Baby,https://genius.com/Lil-baby-nasty-girl-lyrics,https://api.genius.com/search?q=lil%20baby%20nasty%20girl
POP IT,21 Savage,https://genius.com/21-savage-pop-it-lyrics,https://api.genius.com/search?q=21%20savage%20and%20latto%20pop%20it
Ken Carson & Destroy Lonely - the acronym (Русский перевод),Genius Russian Translations (Русский перевод),https://genius.com/Genius-russian-translations-ken-carson-and-destroy-lonely-the-acronym-lyrics,https://api.genius.com/search?q=ken%20carson%20and%20destroy%20lonely%20the%20acronym
CODE OF HONOR,21 Savage,https://genius.com/21-savage-and-g-herbo-code-of-honor-lyrics,https://api.genius.com/search?q=21%20savage%20and%20g%20herbo%20code%20of%20honor
J.O.W.Y.H (JUMP OUT),21 Savage,https://genius.com/21-savage-jowyh-jump-out-lyrics,https://api.genius.com/search?q=21%20savage%20j.o.w.y.h
CUP FULL,21 Savage,https://genius.com/21-savage-cup-full-lyrics,https://api.genius.com/search?q=21%20savage%20cup%20full
21 Savage & Jawan Harris - I WISH (Русский перевод),Genius Russian Translations (Русский перевод),https://genius.com/Genius-russian-translations-21-savage-and-jawan-harris-i-wish-lyrics,https://api.genius.com/search?q=21%20savage%20and%20jawan%20harris%20i%20wish
December 2025 Singles Release Calendar,Genius,https://genius.com/Genius-december-2025-singles-release-calendar-annotated,https://api.genius.com/search?q=21%20savage%20and%20metro%20boomin%20gang%20over%20everything
ATLANTA TEARS,21 Savage,https://genius.com/21-savage-atlanta-tears-lyrics,https://api.genius.com/search?q=21%20savage%20and%20lil%20baby%20atlanta%20tears
Death Do Us Part,Fridayy,https://genius.com/Fridayy-and-mariah-the-scientist-death-do-us-part-lyrics,https://api.genius.com/search?q=fridayy%20and%20mariah%20the%20scientist%20death%20do%20us%20part
December 2025 Singles Release Calendar,Genius,https://genius.com/Genius-december-2025-singles-release-calendar-annotated,https://api.genius.com/search?q=jaydon%20and%20paradise%20lullaby
HALFTIME INTERLUDE,21 Savage,https://genius.com/21-savage-halftime-interlude-lyrics,https://api.genius.com/search?q=21%20savage%20halftime%20interlude
Top Cobain,YoungBoy Never Broke Again,https://genius.com/Youngboy-never-broke-again-top-cobain-lyrics,https://api.genius.com/search?q=youngboy%20never%20broke%20again%20top%20cobain
Santa Baby,Mariah the Scientist,https://genius.com/Mariah-the-scientist-santa-baby-lyrics,https://api.genius.com/search?q=mariah%20the%20scientist%20santa%20baby
BLOODSWEAT,$uicideboy$,https://genius.com/Uicideboy-bloodsweat-lyrics,https://api.genius.com/search?q=$uicideboy$%20bloodsweat
$uicideboy$ - Whatever Floats Your Boat Will Definitely Sink My Ship (Русский перевод),Genius Russian Translations (Русский перевод),https://genius.com/Genius-russian-translations-uicideboy-whatever-floats-your-boat-will-definitely-sink-my-ship-lyrics,https://api.genius.com/search?q=$uicideboy$%20whatever%20floats%20your%20boat%20will%20definitely%20sink%20my%20ship
2009 Reggie Bush,$uicideboy$,https://genius.com/Uicideboy-2009-reggie-bush-lyrics,https://api.genius.com/search?q=$uicideboy$%202009%20reggie%20bush
MSY,$uicideboy$,https://genius.com/Uicideboy-msy-lyrics,https://api.genius.com/search?q=$uicideboy$%20msy
Angel Grove,$uicideboy$,https://genius.com/Uicideboy-angel-grove-lyrics,https://api.genius.com/search?q=$uicideboy$%20angel%20grove
Fuck Ups,$uicideboy$,https://genius.com/Uicideboy-fuck-ups-lyrics,https://api.genius.com/search?q=$uicideboy$%20fuck%20ups
"Old Addicts, New Habits",$uicideboy$,https://genius.com/Uicideboy-old-addicts-new-habits-lyrics,"https://api.genius.com/search?q=$uicideboy$%20old%20addicts,%20new%20habits"
WHEN DOVES CRY,Sickboyrari,https://genius.com/Sickboyrari-when-doves-cry-lyrics,https://api.genius.com/search?q=prince%20when%20doves%20cry
679,Fetty Wap,https://genius.com/Fetty-wap-679-lyrics,https://api.genius.com/search?q=fetty%20wap%20679
Love Sosa,Chief Keef,https://genius.com/Chief-keef-love-sosa-lyrics,https://api.genius.com/search?q=chief%20keef%20love%20sosa
EsDeeKid & Rico Ace - Mist (Русский перевод),Genius Russian Translations (Русский перевод),https://genius.com/Genius-russian-translations-esdeekid-and-rico-ace-mist-lyrics,https://api.genius.com/search?q=esdeekid%20and%20rico%20ace%20mist
Feeling On My Body (Remix),Taffybabii,https://genius.com/Taffybabii-feeling-on-my-body-remix-lyrics,https://api.genius.com/search?q=taffy%20and%20pluto%20feeling%20on%20my%20body
Mask and Gloves,YoungBoy Never Broke Again,https://genius.com/Youngboy-never-broke-again-mask-and-gloves-lyrics,https://api.genius.com/search?q=youngboy%20never%20broke%20again%20mask%20and%20gloves
STFU,A$AP Rocky,https://genius.com/A-ap-rocky-stfu-lyrics,https://api.genius.com/search?q=a$ap%20rocky%20stfu
Me and You,YoungBoy Never Broke Again,https://genius.com/Youngboy-never-broke-again-me-and-you-lyrics,https://api.genius.com/search?q=youngboy%20never%20broke%20again%20me%20and%20you
For You,YoungBoy Never Broke Again,https://genius.com/Youngboy-never-broke-again-for-you-lyrics,https://api.genius.com/search?q=youngboy%20never%20broke%20again%20for%20you
My Life I Apologize,YoungBoy Never Broke Again,https://genius.com/Youngboy-never-broke-again-my-life-i-apologize-lyrics,https://api.genius.com/search?q=youngboy%20never%20broke%20again%20my%20life%20i%20apologize
FWYT,YoungBoy Never Broke Again,https://genius.com/Youngboy-never-broke-again-fwyt-lyrics,https://api.genius.com/search?q=youngboy%20never%20broke%20again%20fwyt
Teary Eyes,YoungBoy Never Broke Again,https://genius.com/Youngboy-never-broke-again-and-burna-boy-teary-eyes-lyrics,https://api.genius.com/search?q=youngboy%20never%20broke%20again%20and%20burna%20boy%20teary%20eyes
January 2026 Singles Release Calendar,Genius,https://genius.com/Genius-january-2026-singles-release-calendar-annotated,"https://api.genius.com/search?q=veeze,%20lil%20baby%20and%20rylo%20rodriguez%20one%20of%20them%20ones"
DON JULIO LEMONADE,DaBaby,https://genius.com/Dababy-don-julio-lemonade-lyrics,https://api.genius.com/search?q=dababy%20don%20julio%20lemonade
J. Cole & Morray - What If (Tradução em Português),Genius Brasil Traduções,https://genius.com/Genius-brasil-traducoes-j-cole-and-morray-what-if-traducao-em-portugues-lyrics,https://api.genius.com/search?q=j.%20cole%20and%20morray%20what%20if
and the whole world is the Ville,J. Cole,https://genius.com/J-cole-and-the-whole-world-is-the-ville-lyrics,https://api.genius.com/search?q=j.%20cole%20and%20the%20whole%20world%20is%20the%20ville
world is yours.,Brent Faiyaz,https://genius.com/Brent-faiyaz-world-is-yours-lyrics,https://api.genius.com/search?q=brent%20faiyaz%20world%20is%20yours.
"Mike WiLL Made-It, Chief Keef & YoungBoy Never Broke Again - ROOMS (Tradução em Português)",Genius Brasil Traduções,https://genius.com/Genius-brasil-traducoes-mike-will-made-it-chief-keef-and-youngboy-never-broke-again-rooms-traducao-em-portugues-lyrics,"https://api.genius.com/search?q=mike%20will%20made-it,%20youngboy%20never%20broke%20again%20and%20chief%20keef%20rooms"
pure fantasy.,Brent Faiyaz,https://genius.com/Brent-faiyaz-pure-fantasy-lyrics,https://api.genius.com/search?q=brent%20faiyaz%20pure%20fantasy.
No Blame,Baby Keem,https://genius.com/Baby-keem-no-blame-lyrics,https://api.genius.com/search?q=baby%20keem%20no%20blame
Made It On Our Own,Yeat,https://genius.com/Yeat-and-esdeekid-made-it-on-our-own-lyrics,https://api.genius.com/search?q=yeat%20and%20esdeekid%20made%20it%20on%20our%20own
Hang Wit a Bad Bitch,Sexyy Red,https://genius.com/Sexyy-red-and-key-glock-hang-wit-a-bad-bitch-lyrics,https://api.genius.com/search?q=sexyy%20red%20and%20key%20glock%20hang%20wit%20a%20bad%20bitch
March 2026 Album Release Calendar,Genius,https://genius.com/Genius-march-2026-album-release-calendar-annotated,"https://api.genius.com/search?q=bigxthaplug,%20ro$ama,%20murdagang%20pb%20and%20yung%20hood%206wa"
Juice WRLD & Marshmello - We Don’t Get Along (Русский перевод),Genius Russian Translations (Русский перевод),https://genius.com/Genius-russian-translations-juice-wrld-and-marshmello-we-dont-get-along-lyrics,https://api.genius.com/search?q=juice%20wrld%20and%20marshmello%20we%20don't%20get%20along
Lonesome,Jack Harlow,https://genius.com/Jack-harlow-lonesome-lyrics,https://api.genius.com/search?q=jack%20harlow%20lonesome
Prague,Jack Harlow,https://genius.com/Jack-harlow-prague-lyrics,https://api.genius.com/search?q=jack%20harlow%20prague
Business & Personal (Intro),Latto,https://genius.com/Latto-business-and-personal-intro-lyrics,https://api.genius.com/search?q=latto%20business%20and%20personal
Yeat & King Kylie - Let King Tonka Talk (Русский перевод),Genius Russian Translations (Русский перевод),https://genius.com/Genius-russian-translations-yeat-and-king-kylie-let-king-tonka-talk-lyrics,https://api.genius.com/search?q=yeat%20and%20king%20kylie%20let%20king%20tonka%20talk
6IXER PARTY,BigXthaPlug,https://genius.com/Bigxthaplug-snoop-dogg-ro-ama-murdagang-pb-yung-hood-tony-coles-and-600-entertainment-6ixer-party-lyrics,"https://api.genius.com/search?q=bigxthaplug,%20snoop%20dogg,%20ro$ama,%20murdagang%20pb,%20yung%20hood%20and%20tony%20coles%206ixer%20party"
If You Want It,Sexyy Red,https://genius.com/Sexyy-red-if-you-want-it-lyrics,https://api.genius.com/search?q=sexyy%20red%20if%20you%20want%20it
DAMN (IAPW Version),Ye,https://genius.com/Ye-damn-iapw-version-lyrics,https://api.genius.com/search?q=ye%20damn
Ye - THIS ONE HERE (polskie tłumaczenie),Polskie tłumaczenia Genius,https://genius.com/Polskie-tumaczenia-genius-ye-this-one-here-polskie-tumaczenie-lyrics,https://api.genius.com/search?q=ye%20this%20one%20here
Purpose General,Yeat,https://genius.com/Yeat-purpose-general-lyrics,https://api.genius.com/search?q=yeat%20purpose%20general
SAILORR & Eem Triplin - COCONUT (Türkçe Çeviri),Genius Türkçe Çeviriler,https://genius.com/Genius-turkce-ceviriler-sailorr-and-eem-triplin-coconut-turkce-ceviri-lyrics,https://api.genius.com/search?q=sailorr%20and%20eem%20triplin%20coconut
BOAT (REMIX),Trim,https://genius.com/Trim-boat-remix-lyrics,https://api.genius.com/search?q=trim%20boat
Back and Forth,Kehlani,https://genius.com/Kehlani-back-and-forth-lyrics,https://api.genius.com/search?q=kehlani%20back%20and%20forth
CRASH DUMMY,Gucci Mane,https://genius.com/Gucci-mane-crash-dummy-lyrics,https://api.genius.com/search?q=gucci%20mane%20crash%20dummy
SAME SH!T,Isaiah Rashad,https://genius.com/Isaiah-rashad-same-sh-t-lyrics,https://api.genius.com/search?q=isaiah%20rashad%20same%20sh!t
Minks In Miami,Rick Ross,https://genius.com/Rick-ross-french-montana-and-max-b-minks-in-miami-lyrics,"https://api.genius.com/search?q=rick%20ro$$,%20french%20montana%20and%20max%20b%20minks%20in%20miami"
WE ON GO,BIA,https://genius.com/Bia-we-on-go-lyrics,https://api.genius.com/search?q=bia%20we%20on%20go
P.Y.T. (Pretty Young Thing),Michael Jackson,https://genius.com/Michael-jackson-pyt-pretty-young-thing-lyrics,https://api.genius.com/search?q=michael%20jackson%20p.y.t.
The Way You Make Me Feel,Michael Jackson,https://genius.com/Michael-jackson-the-way-you-make-me-feel-lyrics,https://api.genius.com/search?q=michael%20jackson%20the%20way%20you%20make%20me%20feel
Smooth Criminal,Michael Jackson,https://genius.com/Michael-jackson-smooth-criminal-lyrics,https://api.genius.com/search?q=michael%20jackson%20smooth%20criminal
Remember the Time,Michael Jackson,https://genius.com/Michael-jackson-remember-the-time-lyrics,https://api.genius.com/search?q=michael%20jackson%20remember%20the%20time
Man in the Mirror,Michael Jackson,https://genius.com/Michael-jackson-man-in-the-mirror-lyrics,https://api.genius.com/search?q=michael%20jackson%20man%20in%20the%20mirror
Anotha Luva,Kehlani,https://genius.com/Kehlani-anotha-luva-lyrics,https://api.genius.com/search?q=kehlani%20anotha%20luva
I Need You,Kehlani,https://genius.com/Kehlani-i-need-you-lyrics,https://api.genius.com/search?q=kehlani%20i%20need%20you
Oooh,Kehlani,https://genius.com/Kehlani-oooh-lyrics,https://api.genius.com/search?q=kehlani%20oooh
No Such Thing,Kehlani,https://genius.com/Kehlani-no-such-thing-lyrics,https://api.genius.com/search?q=kehlani%20no%20such%20thing
Pocket,Kehlani,https://genius.com/Kehlani-pocket-lyrics,https://api.genius.com/search?q=kehlani%20pocket
Sweet Nuthins,Kehlani,https://genius.com/Kehlani-sweet-nuthins-lyrics,https://api.genius.com/search?q=kehlani%20sweet%20nuthins
Bad,Michael Jackson,https://genius.com/Michael-jackson-bad-lyrics,https://api.genius.com/search?q=michael%20jackson%20bad
You Rock My World,Michael Jackson,https://genius.com/Michael-jackson-you-rock-my-world-lyrics,https://api.genius.com/search?q=michael%20jackson%20you%20rock%20my%20world
IT’S OK,Bryson Tiller,https://genius.com/Bryson-tiller-its-ok-lyrics,https://api.genius.com/search?q=bryson%20tiller%20it'$%20ok
Leave Me Alone,Chris Brown,https://genius.com/Chris-brown-leave-me-alone-lyrics,https://api.genius.com/search?q=chris%20brown%20leave%20me%20alone
Call Your Name,Chris Brown,https://genius.com/Chris-brown-call-your-name-lyrics,https://api.genius.com/search?q=chris%20brown%20call%20your%20name
Red Rum,Chris Brown,https://genius.com/Chris-brown-red-rum-lyrics,https://api.genius.com/search?q=chris%20brown%20red%20rum
Slow Jamz,Chris Brown,https://genius.com/Chris-brown-slow-jamz-lyrics,https://api.genius.com/search?q=chris%20brown%20slow%20jamz
Fuck and Party,Chris Brown,https://genius.com/Chris-brown-fuck-and-party-lyrics,https://api.genius.com/search?q=chris%20brown%20fuck%20and%20party
Perfect Timing,Chris Brown,https://genius.com/Chris-brown-perfect-timing-lyrics,https://api.genius.com/search?q=chris%20brown%20perfect%20timing
It’s Not You It’s Me,Chris Brown,https://genius.com/Chris-brown-its-not-you-its-me-lyrics,https://api.genius.com/search?q=chris%20brown%20it's%20not%20you%20it's%20me
Hate Me,Chris Brown,https://genius.com/Chris-brown-hate-me-lyrics,https://api.genius.com/search?q=chris%20brown%20hate%20me
Barbie Doll,Hurricane Wisdom,https://genius.com/Hurricane-wisdom-and-chance-the-rapper-barbie-doll-lyrics,https://api.genius.com/search?q=hurricane%20wisdom%20and%20chance%20the%20rapper%20barbie%20doll
November 2020 Album Release Calendar,Genius,https://genius.com/Genius-november-2020-album-release-calendar-annotated,https://api.genius.com/search?q=future%20x%20tyla%20game%20time
Okayyy,Latto,https://genius.com/Latto-okayyy-lyrics,https://api.genius.com/search?q=latto%20okayyy
Drop The Lo,Bryson Tiller,https://genius.com/Bryson-tiller-drop-the-lo-lyrics,https://api.genius.com/search?q=bryson%20tiller%20drop%20the%20lo
BROKEN ROAD (Demo),Ye,https://genius.com/Ye-broken-road-demo-lyrics,https://api.genius.com/search?q=ye%20and%20don%20toliver%20ok
FACE DOWN,Key Glock,https://genius.com/Key-glock-face-down-lyrics,https://api.genius.com/search?q=key%20glock%20face%20down
MANE,Pooh Shiesty,https://genius.com/Pooh-shiesty-and-glorilla-mane-lyrics,https://api.genius.com/search?q=glorilla%20and%20pooh%20shiesty%20mane
THAT GUY,"Tyler, The Creator",https://genius.com/Tyler-the-creator-that-guy-lyrics,"https://api.genius.com/search?q=tyler,%20the%20creator%20that%20guy"
Ganja,YoungBoy Never Broke Again,https://genius.com/Youngboy-never-broke-again-ganja-lyrics,https://api.genius.com/search?q=youngboy%20never%20broke%20again%20ganja
MR HIM,T.I.,https://genius.com/Ti-mr-him-lyrics,https://api.genius.com/search?q=t.i.%20mr%20him
Ken Carson & Playboi Carti - deaf note (Русский перевод),Genius Russian Translations (Русский перевод),https://genius.com/Genius-russian-translations-ken-carson-and-playboi-carti-deaf-note-lyrics,https://api.genius.com/search?q=ken%20carson%20and%20playboi%20carti%20deaf%20note
gynecologist,Ken Carson,https://genius.com/Ken-carson-gynecologist-lyrics,https://api.genius.com/search?q=ken%20carson%20gynecologist
Ken Carson & 2hollis - shadeson (Русский перевод),Genius Russian Translations (Русский перевод),https://genius.com/Genius-russian-translations-ken-carson-and-2hollis-shadeson-lyrics,https://api.genius.com/search?q=ken%20carson%20and%202hollis%20shadeson
Neighborhood Starz,Rylo Rodriguez,https://genius.com/Rylo-rodriguez-lil-baby-and-kevin-gates-neighborhood-starz-lyrics,"https://api.genius.com/search?q=rylo%20rodriguez,%20lil%20baby%20and%20kevin%20gates%20neighborhood%20starz"
Ken Carson & Lil Uzi Vert - ghost (Русский перевод),Genius Russian Translations (Русский перевод),https://genius.com/Genius-russian-translations-ken-carson-and-lil-uzi-vert-ghost-lyrics,https://api.genius.com/search?q=ken%20carson%20and%20lil%20uzi%20vert%20ghost
wheredoistart,Ken Carson,https://genius.com/Ken-carson-wheredoistart-lyrics,https://api.genius.com/search?q=ken%20carson%20wheredoistart
Stir,Rylo Rodriguez,https://genius.com/Rylo-rodriguez-stir-lyrics,https://api.genius.com/search?q=rylo%20rodriguez%20stir
Try So Hard,Never Broke Again,https://genius.com/Never-broke-again-and-youngboy-never-broke-again-try-so-hard-lyrics,https://api.genius.com/search?q=youngboy%20never%20broke%20again%20try%20so%20hard
Big Moment,Future,https://genius.com/Future-big-moment-lyrics,https://api.genius.com/search?q=future%20big%20moment
Cast a Spell,Future,https://genius.com/Future-cast-a-spell-lyrics,https://api.genius.com/search?q=future%20cast%20a%20spell
Alice,Future,https://genius.com/Future-alice-lyrics,https://api.genius.com/search?q=future%20alice
Feeling I Give,Future,https://genius.com/Future-feeling-i-give-lyrics,https://api.genius.com/search?q=future%20feeling%20i%20give
doom,Steve Lacy,https://genius.com/Steve-lacy-doom-lyrics,https://api.genius.com/search?q=steve%20lacy%20doom
Quiet on the Creek,Saucy Santana,https://genius.com/Saucy-santana-quiet-on-the-creek-lyrics,https://api.genius.com/search?q=saucy%20santana%20quiet%20on%20the%20creek
Living Large,Rick Ross,https://genius.com/Rick-ross-living-large-lyrics,https://api.genius.com/search?q=rick%20ro$$%20living%20large
Thick One (Remix),42 Dugg,https://genius.com/42-dugg-and-kash-doll-thick-one-remix-lyrics,https://api.genius.com/search?q=42%20dugg%20and%20skilla%20baby%20thick%20one
Maverick Intro,Lil Uzi Vert,https://genius.com/Lil-uzi-vert-maverick-intro-lyrics,https://api.genius.com/search?q=lil%20uzi%20vert%20maverick%20intro
London,Lil Uzi Vert,https://genius.com/Lil-uzi-vert-london-lyrics,https://api.genius.com/search?q=lil%20uzi%20vert%20london
Overthink,Wale,https://genius.com/Wale-and-elmiene-overthink-lyrics,https://api.genius.com/search?q=wale%20and%20elmiene%20overthink
Yoko,Lil Uzi Vert,https://genius.com/Lil-uzi-vert-yoko-lyrics,https://api.genius.com/search?q=lil%20uzi%20vert%20yoko
.223,Gunna,https://genius.com/Gunna-223-lyrics,https://api.genius.com/search?q=lil%20uzi%20vert%20223
Go Off,Lil Uzi Vert,https://genius.com/Lil-uzi-vert-quavo-and-travis-scott-go-off-lyrics,https://api.genius.com/search?q=lil%20uzi%20vert%20go%20!
Say It Was,Lil Uzi Vert,https://genius.com/Lil-uzi-vert-say-it-was-lyrics,https://api.genius.com/search?q=lil%20uzi%20vert%20say%20it%20was
Gas. Brake.,Lil Uzi Vert,https://genius.com/Lil-uzi-vert-gas-brake-lyrics,https://api.genius.com/search?q=lil%20uzi%20vert%20gas.%20brake.
Still on Timing,Pooh Shiesty,https://genius.com/Pooh-shiesty-still-on-timing-lyrics,https://api.genius.com/search?q=pooh%20shiesty%20still%20on%20timing
Collecting Tears,Pooh Shiesty,https://genius.com/Pooh-shiesty-collecting-tears-lyrics,https://api.genius.com/search?q=pooh%20shiesty%20collecting%20tears
Reckless Living,Pooh Shiesty,https://genius.com/Pooh-shiesty-reckless-living-lyrics,https://api.genius.com/search?q=pooh%20shiesty%20reckless%20living
Booty Club,Pooh Shiesty,https://genius.com/Pooh-shiesty-booty-club-lyrics,https://api.genius.com/search?q=pooh%20shiesty%20booty%20club
McLaren Truck,Pooh Shiesty,https://genius.com/Pooh-shiesty-mclaren-truck-lyrics,https://api.genius.com/search?q=pooh%20shiesty%20mclaren%20truck
Trip,Pooh Shiesty,https://genius.com/Pooh-shiesty-trip-lyrics,https://api.genius.com/search?q=pooh%20shiesty%20trip
,,,"https://api.genius.com/search?q=pooh%20shiesty%20featruing%20baby%20slime,%20big30%20and%20k%20carbon%20cmo%20freestyle"
Bigger Than the Program,Pooh Shiesty,https://genius.com/Pooh-shiesty-bigger-than-the-program-lyrics,https://api.genius.com/search?q=pooh%20shiesty%20bigger%20than%20the%20program
JPay & CorrLinks,Pooh Shiesty,https://genius.com/Pooh-shiesty-jpay-and-corrlinks-lyrics,https://api.genius.com/search?q=pooh%20shiesty%20jpay%20and%20corrlinks
500 Horses,Nipsey Hussle,https://genius.com/Nipsey-hussle-and-bino-rideaux-500-horses-lyrics,https://api.genius.com/search?q=nipsey%20hussle%20and%20bino%20rideaux%20500%20horses
Around Me,Noodah05,https://genius.com/Noodah05-around-me-lyrics,https://api.genius.com/search?q=noodah05%20around%20me
Pink Blush,dolly babe,https://genius.com/Dolly-babe-pink-blush-lyrics,https://api.genius.com/search?q=dolly%20babe%20pink%20blush
Face Card,Skilla Baby,https://genius.com/Skilla-baby-and-chris-brown-face-card-lyrics,https://api.genius.com/search?q=skilla%20baby%20face%20card
Say What,Trippie Redd,https://genius.com/Trippie-redd-and-partynextdoor-say-what-lyrics,https://api.genius.com/search?q=trippie%20redd%20and%20partynextdoor%20say%20what
No Brakes,The Game,https://genius.com/The-game-no-brakes-lyrics,https://api.genius.com/search?q=the%20game%20no%20brakes
Butterflies,Mac Miller,https://genius.com/Mac-miller-butterflies-lyrics,https://api.genius.com/search?q=mac%20miller%20butterflies
Overrated,Rod Wave,https://genius.com/Rod-wave-overrated-lyrics,https://api.genius.com/search?q=rod%20wave%20overrated
One More Time,Rod Wave,https://genius.com/Rod-wave-one-more-time-lyrics,https://api.genius.com/search?q=rod%20wave%20one%20more%20time
The Inspo,Rod Wave,https://genius.com/Rod-wave-the-inspo-lyrics,https://api.genius.com/search?q=rod%20wave%20the%20inspo
Florida Boy,Rod Wave,https://genius.com/Rod-wave-florida-boy-lyrics,https://api.genius.com/search?q=rod%20wave%20florida%20boy
All I Ever Had,Rod Wave,https://genius.com/Rod-wave-all-i-ever-had-lyrics,https://api.genius.com/search?q=rod%20wave%20all%20i%20ever%20had
Summer Joy Intro,Rod Wave,https://genius.com/Rod-wave-summer-joy-intro-lyrics,https://api.genius.com/search?q=rod%20wave%20summer%20joy%20intro
Homecoming,Kanye West,https://genius.com/Kanye-west-homecoming-lyrics,https://api.genius.com/search?q=kanye%20west%20homecoming
ON NOTHING,Yeat,https://genius.com/Yeat-on-nothing-lyrics,https://api.genius.com/search?q=yeat%20on%20nothing
GASS,Nemzzz,https://genius.com/Nemzzz-gass-lyrics,https://api.genius.com/search?q=nemzzz%20gass
Look Like My Mama,AZ Chike,https://genius.com/Az-chike-look-like-my-mama-lyrics,https://api.genius.com/search?q=az%20chike%20look%20like%20my%20mama
Don’t Be That Guy,Jhené Aiko,https://genius.com/Jhene-aiko-dont-be-that-guy-lyrics,https://api.genius.com/search?q=jhene%20aiko%20don't%20be%20that%20guy
Lullaby,Jhené Aiko,https://genius.com/Jhene-aiko-lullaby-lyrics,https://api.genius.com/search?q=jhene%20aiko%20lullaby
Neighbors,Jhené Aiko,https://genius.com/Jhene-aiko-neighbors-lyrics,https://api.genius.com/search?q=jhene%20aiko%20neighbors
Mine,Jhené Aiko,https://genius.com/Jhene-aiko-mine-lyrics,https://api.genius.com/search?q=jhene%20aiko%20mine
Unicorn,Jhené Aiko,https://genius.com/Jhene-aiko-unicorn-lyrics,https://api.genius.com/search?q=jhene%20aiko%20unicorn
I Don’t Mind,Jhené Aiko,https://genius.com/Jhene-aiko-i-dont-mind-lyrics,https://api.genius.com/search?q=jhene%20aiko%20i%20don't%20mind
Beach Boy,Jhené Aiko,https://genius.com/Jhene-aiko-beach-boy-lyrics,https://api.genius.com/search?q=jhene%20aiko%20beach%20boy
Vibin,Wxoda,https://genius.com/Wxoda-vibin-lyrics,https://api.genius.com/search?q=wxoda%20vibin
Back Again,King Von,https://genius.com/King-von-and-prince-dre-back-again-lyrics,https://api.genius.com/search?q=king%20von%20back%20again
Wicked Games,The Weeknd,https://genius.com/The-weeknd-wicked-games-lyrics,https://api.genius.com/search?q=the%20weeknd%20wicked%20games
LITE,BigXthaPlug,https://genius.com/Bigxthaplug-and-belly-gang-kushington-lite-lyrics,https://api.genius.com/search?q=bigxthaplug%20lite
EARNËD IT,Yeat,https://genius.com/Yeat-earned-it-lyrics,https://api.genius.com/search?q=yeat%20earned%20it
IS IT LOVE,Tyla,https://genius.com/Tyla-is-it-love-lyrics,https://api.genius.com/search?q=tyla%20is%20it%20love
Triple 3,Bloodhound Lil Jeff,https://genius.com/Bloodhound-lil-jeff-bloodhound-q50-and-lil-scoom89-triple-3-lyrics,"https://api.genius.com/search?q=bloodhound%20lil%20jeff,%20bloodhound%20q50%20and%20lil%20scoom89%20triple%203"
The Emptiness Machine,Linkin Park,https://genius.com/Linkin-park-the-emptiness-machine-lyrics,https://api.genius.com/search?q=linkin%20park%20the%20emptiness%20machine
Paper Planes,M.I.A.,https://genius.com/Mia-paper-planes-lyrics,https://api.genius.com/search?q=m.i.a.%20paper%20planes
Beanie,Chezile,https://genius.com/Chezile-beanie-lyrics,https://api.genius.com/search?q=chezile%20beanie
The Line,Twenty One Pilots,https://genius.com/Twenty-one-pilots-arcane-and-league-of-legends-the-line-lyrics,https://api.genius.com/search?q=twenty%20one%20pilots%20the%20line
the perfect pair,beabadoobee,https://genius.com/Beabadoobee-the-perfect-pair-lyrics,https://api.genius.com/search?q=beabadoobee%20the%20perfect%20pair
Heavy Is the Crown,Linkin Park,https://genius.com/Linkin-park-heavy-is-the-crown-lyrics,https://api.genius.com/search?q=linkin%20park%20heavy%20is%20the%20crown
Glue Song (Remix),beabadoobee,https://genius.com/Beabadoobee-glue-song-remix-lyrics,https://api.genius.com/search?q=beabadoobee%20glue%20song
Party By Myself,Juice WRLD,https://genius.com/Juice-wrld-party-by-myself-lyrics,https://api.genius.com/search?q=juice%20wrld%20party%20by%20myself
No. 1 Party Anthem,Arctic Monkeys,https://genius.com/Arctic-monkeys-no-1-party-anthem-lyrics,https://api.genius.com/search?q=arctic%20monkeys%20no.%201%20party%20anthem
Scott Pilgrim vs. My GPA,Mom Jeans.,https://genius.com/Mom-jeans-scott-pilgrim-vs-my-gpa-lyrics,https://api.genius.com/search?q=mom%20jeans.%20scott%20pilgrim%20vs.%20my%20gpa
Hymn to Virgil,Hozier,https://genius.com/Hozier-hymn-to-virgil-lyrics,https://api.genius.com/search?q=hozier%20hymn%20to%20virgil
Disco,Surf Curse,https://genius.com/Surf-curse-disco-lyrics,https://api.genius.com/search?q=surf%20curse%20disco
Born With A Broken Heart,Damiano David,https://genius.com/Damiano-david-born-with-a-broken-heart-lyrics,https://api.genius.com/search?q=damiano%20david%20born%20with%20a%20broken%20heart
ALL MY LOVE,Coldplay,https://genius.com/Coldplay-all-my-love-lyrics,https://api.genius.com/search?q=coldplay%20all%20my%20love
Remember Me,d4vd,https://genius.com/D4vd-arcane-and-league-of-legends-remember-me-lyrics,https://api.genius.com/search?q=d4vd%20remember%20me
Juice WRLD & Fall Out Boy - Best Friend (Traducción al Español),Genius Traducciones al Español,https://genius.com/Genius-traducciones-al-espanol-juice-wrld-and-fall-out-boy-best-friend-traduccion-al-espanol-lyrics,https://api.genius.com/search?q=juice%20wrld%20and%20fall%20out%20boy%20best%20friend
,,,"https://api.genius.com/search?q=jack%20antonoff%20and%20bleachers%20merry%20christmas,%20please%20don't%20call"
August 10,Julie Doiron,https://genius.com/Julie-doiron-august-10-lyrics,https://api.genius.com/search?q=julie%20doiron%20august%2010
Take Me to the Beach (Ado Version),Imagine Dragons,https://genius.com/Imagine-dragons-take-me-to-the-beach-ado-version-lyrics,https://api.genius.com/search?q=imagine%20dragons%20take%20me%20to%20the%20beach
Real Man,beabadoobee,https://genius.com/Beabadoobee-real-man-lyrics,https://api.genius.com/search?q=beabadoobee%20real%20man
Awaken,Breaking Benjamin,https://genius.com/Breaking-benjamin-awaken-lyrics,https://api.genius.com/search?q=breaking%20benjamin%20awaken
WE PRAY (Single Version),Coldplay,https://genius.com/Coldplay-little-simz-burna-boy-elyanna-and-tini-we-pray-single-version-lyrics,https://api.genius.com/search?q=coldplay%20we%20pray
Mayday,Three Days Grace,https://genius.com/Three-days-grace-mayday-lyrics,https://api.genius.com/search?q=three%20days%20grace%20mayday
blue,yung kai,https://genius.com/Yung-kai-blue-lyrics,https://api.genius.com/search?q=yung%20kai%20blue
A New Kind Of Love,Frou Frou,https://genius.com/Frou-frou-a-new-kind-of-love-lyrics,https://api.genius.com/search?q=frou%20frou%20a%20new%20kind%20of%20love
Fable,Gigi Perez,https://genius.com/Gigi-perez-fable-lyrics,https://api.genius.com/search?q=gigi%20perez%20fable
Same Old Song,The Lumineers,https://genius.com/The-lumineers-same-old-song-lyrics,https://api.genius.com/search?q=the%20lumineers%20same%20old%20song
Stephanie,Nafeesisboujee,https://genius.com/Nafeesisboujee-stephanie-lyrics,https://api.genius.com/search?q=nafeesisboujee%20stephanie
Do I Wanna Know? (Live at the BBC),Hozier,https://genius.com/Hozier-do-i-wanna-know-live-at-the-bbc-lyrics,https://api.genius.com/search?q=hozier%20do%20i%20wanna%20know?
January 2025 Singles Release Calendar,Genius,https://genius.com/Genius-january-2025-singles-release-calendar-annotated,https://api.genius.com/search?q=mumford%20and%20sons%20rushmere
Basic Being Basic,Djo,https://genius.com/Djo-basic-being-basic-lyrics,https://api.genius.com/search?q=djo%20basic%20being%20basic
Three Six Five,Shinedown,https://genius.com/Shinedown-three-six-five-lyrics,https://api.genius.com/search?q=shinedown%20three%20six%20five
One More Dance,d4vd,https://genius.com/D4vd-one-more-dance-lyrics,https://api.genius.com/search?q=d4vd%20one%20more%20dance
February 2025 Singles Release Calendar,Genius,https://genius.com/Genius-february-2025-singles-release-calendar-annotated,https://api.genius.com/search?q=daniel%20caesar%20and%20rex%20orange%20county%20rearrange%20my%20world
"Sally, When The Wine Runs Out",ROLE MODEL,https://genius.com/Role-model-sally-when-the-wine-runs-out-lyrics,"https://api.genius.com/search?q=role%20model%20sally,%20when%20the%20wine%20runs%20out"
There’s a Field (That’s Only Yours),Daniel Caesar,https://genius.com/Daniel-caesar-and-rex-orange-county-theres-a-field-thats-only-yours-lyrics,https://api.genius.com/search?q=daniel%20caesar%20and%20rex%20orange%20county%20there's%20a%20field
Asshole,The Lumineers,https://genius.com/The-lumineers-asshole-lyrics,https://api.genius.com/search?q=the%20lumineers%20asshole
You’re All I Got,The Lumineers,https://genius.com/The-lumineers-youre-all-i-got-lyrics,https://api.genius.com/search?q=the%20lumineers%20you're%20all%20i%20got
I Will Not Break,Disturbed,https://genius.com/Disturbed-i-will-not-break-lyrics,https://api.genius.com/search?q=disturbed%20i%20will%20not%20break
We Hug Now,Sydney Rose,https://genius.com/Sydney-rose-we-hug-now-lyrics,https://api.genius.com/search?q=sydney%20rose%20we%20hug%20now
d4vd & Kali Uchis - Crashing (Traducción al Español),Genius Traducciones al Español,https://genius.com/Genius-traducciones-al-espanol-d4vd-and-kali-uchis-crashing-traduccion-al-espanol-lyrics,https://api.genius.com/search?q=d4vd%20and%20kali%20uchis%20crashing
Bleed,Malcolm Todd,https://genius.com/Malcolm-todd-and-omar-apollo-bleed-lyrics,https://api.genius.com/search?q=malcolm%20todd%20and%20omar%20apollo%20bleed
Spring Into Summer,Lizzy McAlpine,https://genius.com/Lizzy-mcalpine-spring-into-summer-lyrics,https://api.genius.com/search?q=lizzy%20mcalpine%20spring%20into%20summer
Somebody That I Used to Know,Gotye,https://genius.com/Gotye-somebody-that-i-used-to-know-lyrics,https://api.genius.com/search?q=gotye%20somebody%20that%20i%20used%20to%20know
We Are The People (BURNS Remix),Empire of the Sun,https://genius.com/Empire-of-the-sun-we-are-the-people-burns-remix-lyrics,https://api.genius.com/search?q=empire%20of%20the%20sun%20we%20are%20the%20people
Relationships,HAIM,https://genius.com/Haim-relationships-lyrics,https://api.genius.com/search?q=haim%20relationships
your name forever,mgk,https://genius.com/Mgk-your-name-forever-lyrics,https://api.genius.com/search?q=mgk%20your%20name%20forever
Up From the Bottom,Linkin Park,https://genius.com/Linkin-park-up-from-the-bottom-lyrics,https://api.genius.com/search?q=linkin%20park%20up%20from%20the%20bottom
What Are You Waiting For,d4vd,https://genius.com/D4vd-what-are-you-waiting-for-lyrics,https://api.genius.com/search?q=d4vd%20what%20are%20you%20waiting%20for
Afterlife,Evanescence,https://genius.com/Evanescence-afterlife-lyrics,https://api.genius.com/search?q=evanescence%20afterlife
Nobody New,The Marías,https://genius.com/The-marias-nobody-new-lyrics,https://api.genius.com/search?q=the%20marias%20nobody%20new
Potion,Djo,https://genius.com/Djo-potion-lyrics,https://api.genius.com/search?q=djo%20potion
Champagne Coast,Blood Orange,https://genius.com/Blood-orange-champagne-coast-lyrics,https://api.genius.com/search?q=blood%20orange%20champagne%20coast
Doubt,Twenty One Pilots,https://genius.com/Twenty-one-pilots-doubt-lyrics,https://api.genius.com/search?q=twenty%20one%20pilots%20doubt
Bluebird,Lana Del Rey,https://genius.com/Lana-del-rey-bluebird-lyrics,https://api.genius.com/search?q=lana%20del%20rey%20bluebird
One Thing,Lola Young,https://genius.com/Lola-young-one-thing-lyrics,https://api.genius.com/search?q=lola%20young%20one%20thing
Falling In Reverse - God Is A Weapon ft. Marilyn Manson (Русский перевод),Genius Russian Translations (Русский перевод),https://genius.com/Genius-russian-translations-falling-in-reverse-god-is-a-weapon-ft-marilyn-manson-lyrics,https://api.genius.com/search?q=falling%20in%20reverse%20god%20is%20a%20weapon
Man Of The Year,Lorde,https://genius.com/Lorde-man-of-the-year-lyrics,https://api.genius.com/search?q=lorde%20man%20of%20the%20year
The Contract,Twenty One Pilots,https://genius.com/Twenty-one-pilots-the-contract-lyrics,https://api.genius.com/search?q=twenty%20one%20pilots%20the%20contract
we never dated,sombr,https://genius.com/Sombr-we-never-dated-lyrics,https://api.genius.com/search?q=sombr%20we%20never%20dated
Hammer,Lorde,https://genius.com/Lorde-hammer-lyrics,https://api.genius.com/search?q=lorde%20hammer
Shapeshifter,Lorde,https://genius.com/Lorde-shapeshifter-lyrics,https://api.genius.com/search?q=lorde%20shapeshifter
Favourite Daughter,Lorde,https://genius.com/Lorde-favourite-daughter-lyrics,https://api.genius.com/search?q=lorde%20favourite%20daughter
Current Affairs,Lorde,https://genius.com/Lorde-current-affairs-lyrics,https://api.genius.com/search?q=lorde%20current%20affairs
David,Lorde,https://genius.com/Lorde-david-lyrics,https://api.genius.com/search?q=lorde%20david
Broken Glass,Lorde,https://genius.com/Lorde-broken-glass-lyrics,https://api.genius.com/search?q=lorde%20broken%20glass
Today’s Song,Foo Fighters,https://genius.com/Foo-fighters-todays-song-lyrics,https://api.genius.com/search?q=foo%20fighters%20today's%20song
Fuck Me Eyes,Ethel Cain,https://genius.com/Ethel-cain-fuck-me-eyes-lyrics,https://api.genius.com/search?q=ethel%20cain%20fuck%20me%20eyes
my mind is a mountain,Deftones,https://genius.com/Deftones-my-mind-is-a-mountain-lyrics,https://api.genius.com/search?q=deftones%20my%20mind%20is%20a%20mountain
vampire diaries,mgk,https://genius.com/Mgk-vampire-diaries-lyrics,https://api.genius.com/search?q=mgk%20vampire%20diaries
Punkrocker,Teddybears,https://genius.com/Teddybears-punkrocker-lyrics,https://api.genius.com/search?q=teddybears%20punkrocker
Devil in Disguise,Marino,https://genius.com/Marino-devil-in-disguise-lyrics,https://api.genius.com/search?q=marino%20devil%20in%20disguise
Take What You Want,Post Malone,https://genius.com/Post-malone-take-what-you-want-lyrics,https://api.genius.com/search?q=post%20malone%20take%20what%20you%20want
End Of Summer,Tame Impala,https://genius.com/Tame-impala-end-of-summer-lyrics,https://api.genius.com/search?q=tame%20impala%20end%20of%20summer
miss sunshine,mgk,https://genius.com/Mgk-miss-sunshine-lyrics,https://api.genius.com/search?q=mgk%20miss%20sunshine
d£aler,Lola Young,https://genius.com/Lola-young-daler-lyrics,https://api.genius.com/search?q=lola%20young%20d£aler
Beaches,beabadoobee,https://genius.com/Beabadoobee-beaches-lyrics,https://api.genius.com/search?q=beabadoobee%20beaches
Specter,Bad Omens,https://genius.com/Bad-omens-specter-lyrics,https://api.genius.com/search?q=bad%20omens%20specter
outlaw overture,mgk,https://genius.com/Mgk-outlaw-overture-lyrics,https://api.genius.com/search?q=mgk%20outlaw%20overture
milk of the madonna,Deftones,https://genius.com/Deftones-milk-of-the-madonna-lyrics,https://api.genius.com/search?q=deftones%20milk%20of%20the%20madonna
starman,mgk,https://genius.com/Mgk-starman-lyrics,https://api.genius.com/search?q=mgk%20starman
All My Women,Falling In Reverse,https://genius.com/Falling-in-reverse-and-hardy-all-my-women-lyrics,https://api.genius.com/search?q=falling%20in%20reverse%20and%20hardy%20all%20my%20women
Drum Show,Twenty One Pilots,https://genius.com/Twenty-one-pilots-drum-show-lyrics,https://api.genius.com/search?q=twenty%20one%20pilots%20drum%20show
nice shoes / in your world,Steve Lacy,https://genius.com/Steve-lacy-nice-shoes-in-your-world-lyrics,https://api.genius.com/search?q=steve%20lacy%20nice%20shoes
infinite source,Deftones,https://genius.com/Deftones-infinite-source-lyrics,https://api.genius.com/search?q=deftones%20infinite%20source
Snow White,Laufey,https://genius.com/Laufey-snow-white-lyrics,https://api.genius.com/search?q=laufey%20snow%20white
i wish i knew how to quit you,sombr,https://genius.com/Sombr-i-wish-i-knew-how-to-quit-you-lyrics,https://api.genius.com/search?q=sombr%20i%20wish%20i%20knew%20how%20to%20quit%20you
i think about you all the time,Deftones,https://genius.com/Deftones-i-think-about-you-all-the-time-lyrics,https://api.genius.com/search?q=deftones%20i%20think%20about%20you%20all%20the%20time
Feel Good Inc.,Gorillaz,https://genius.com/Gorillaz-feel-good-inc-lyrics,https://api.genius.com/search?q=gorillaz%20feel%20good%20inc
Clint Eastwood,Gorillaz,https://genius.com/Gorillaz-clint-eastwood-lyrics,https://api.genius.com/search?q=gorillaz%20clint%20eastwood
DARE,Gorillaz,https://genius.com/Gorillaz-dare-lyrics,https://api.genius.com/search?q=gorillaz%20dare
On Melancholy Hill,Gorillaz,https://genius.com/Gorillaz-on-melancholy-hill-lyrics,https://api.genius.com/search?q=gorillaz%20on%20melancholy%20hill
Parachute,Hayley Williams,https://genius.com/Hayley-williams-parachute-lyrics,https://api.genius.com/search?q=hayley%20williams%20parachute
"Poppy, Amy Lee & Courtney LaPlante - End Of You (Traducción al Español)",Genius Traducciones al Español,https://genius.com/Genius-traducciones-al-espanol-poppy-amy-lee-and-courtney-laplante-end-of-you-traduccion-al-espanol-lyrics,"https://api.genius.com/search?q=poppy,%20amy%20lee%20and%20courtney%20laplante%20end%20of%20you"
RAWFEAR,Twenty One Pilots,https://genius.com/Twenty-one-pilots-rawfear-lyrics,https://api.genius.com/search?q=twenty%20one%20pilots%20rawfear
Downstairs,Twenty One Pilots,https://genius.com/Twenty-one-pilots-downstairs-lyrics,https://api.genius.com/search?q=twenty%20one%20pilots%20downstairs
Garbage,Twenty One Pilots,https://genius.com/Twenty-one-pilots-garbage-lyrics,https://api.genius.com/search?q=twenty%20one%20pilots%20garbage
Here With Me,d4vd,https://genius.com/D4vd-here-with-me-lyrics,https://api.genius.com/search?q=d4vd%20here%20with%20me
Robot Voices,Twenty One Pilots,https://genius.com/Twenty-one-pilots-robot-voices-lyrics,https://api.genius.com/search?q=twenty%20one%20pilots%20robot%20voices
As Alive as You Need Me to Be,Nine Inch Nails,https://genius.com/Nine-inch-nails-as-alive-as-you-need-me-to-be-lyrics,https://api.genius.com/search?q=nine%20inch%20nails%20as%20alive%20as%20you%20need%20me%20to%20be
God Needs The Devil,Jonah Kagen,https://genius.com/Jonah-kagen-god-needs-the-devil-lyrics,https://api.genius.com/search?q=jonah%20kagen%20god%20needs%20the%20devil
No Reply,Tame Impala,https://genius.com/Tame-impala-no-reply-lyrics,https://api.genius.com/search?q=tame%20impala%20no%20reply
Break Stuff,Limp Bizkit,https://genius.com/Limp-bizkit-break-stuff-lyrics,https://api.genius.com/search?q=limp%20bizkit%20break%20stuff
Oblivion,Tame Impala,https://genius.com/Tame-impala-oblivion-lyrics,https://api.genius.com/search?q=tame%20impala%20oblivion
Obsolete,Tame Impala,https://genius.com/Tame-impala-obsolete-lyrics,https://api.genius.com/search?q=tame%20impala%20obsolete
Piece Of Heaven,Tame Impala,https://genius.com/Tame-impala-piece-of-heaven-lyrics,https://api.genius.com/search?q=tame%20impala%20piece%20of%20heaven
Not My World,Tame Impala,https://genius.com/Tame-impala-not-my-world-lyrics,https://api.genius.com/search?q=tame%20impala%20not%20my%20world
Afterthought,Tame Impala,https://genius.com/Tame-impala-afterthought-lyrics,https://api.genius.com/search?q=tame%20impala%20afterthought
Rubber Band Man,Mumford & Sons,https://genius.com/Mumford-and-sons-and-hozier-rubber-band-man-lyrics,https://api.genius.com/search?q=mumford%20and%20sons%20and%20hozier%20rubber%20band%20man
"ROSALÍA, Björk & Yves Tumor - Berghain (English Translation)",Genius English Translations,https://genius.com/Genius-english-translations-rosalia-bjork-and-yves-tumor-berghain-english-translation-lyrics,"https://api.genius.com/search?q=rosalia,%20bjork%20and%20yves%20tumor%20berghain"
Dying to Love,Bad Omens,https://genius.com/Bad-omens-dying-to-love-lyrics,https://api.genius.com/search?q=bad%20omens%20dying%20to%20love
Asking for a Friend,Foo Fighters,https://genius.com/Foo-fighters-asking-for-a-friend-lyrics,https://api.genius.com/search?q=foo%20fighters%20asking%20for%20a%20friend
Private,The Neighbourhood,https://genius.com/The-neighbourhood-private-lyrics,https://api.genius.com/search?q=the%20neighbourhood%20private
Psycho Killer,Talking Heads,https://genius.com/Talking-heads-psycho-killer-lyrics,https://api.genius.com/search?q=talking%20heads%20psycho%20killer
bad guy,Billie Eilish,https://genius.com/Billie-eilish-bad-guy-lyrics,https://api.genius.com/search?q=billie%20eilish%20bad%20guy
Sympathy Magic,Florence + the Machine,https://genius.com/Florence-the-machine-sympathy-magic-lyrics,https://api.genius.com/search?q=florence%20+%20the%20machine%20sympathy%20magic
Everybody Scream,Florence + the Machine,https://genius.com/Florence-the-machine-everybody-scream-lyrics,https://api.genius.com/search?q=florence%20+%20the%20machine%20everybody%20scream
If It Only Gets Better,Joji,https://genius.com/Joji-if-it-only-gets-better-lyrics,https://api.genius.com/search?q=joji%20if%20it%20only%20gets%20better
Roommates,Malcolm Todd,https://genius.com/Malcolm-todd-roommates-lyrics,https://api.genius.com/search?q=malcolm%20todd%20roommates
The Hand,Annabelle Dinda,https://genius.com/Annabelle-dinda-the-hand-lyrics,https://api.genius.com/search?q=annabelle%20dinda%20the%20hand
Hula Girl,The Neighbourhood,https://genius.com/The-neighbourhood-hula-girl-lyrics,https://api.genius.com/search?q=the%20neighbourhood%20hula%20girl
Writing’s On The Wall,ROLE MODEL,https://genius.com/Role-model-writings-on-the-wall-lyrics,https://api.genius.com/search?q=role%20model%20writing's%20on%20the%20wall
Left for Good,Bad Omens,https://genius.com/Bad-omens-left-for-good-lyrics,https://api.genius.com/search?q=bad%20omens%20left%20for%20good
The Sick,Bella Kay,https://genius.com/Bella-kay-the-sick-lyrics,https://api.genius.com/search?q=bella%20kay%20the%20sick
Staying,Lizzy McAlpine,https://genius.com/Lizzy-mcalpine-staying-lyrics,https://api.genius.com/search?q=lizzy%20mcalpine%20staying
Pushing It Down and Praying,Lizzy McAlpine,https://genius.com/Lizzy-mcalpine-pushing-it-down-and-praying-lyrics,https://api.genius.com/search?q=lizzy%20mcalpine%20pushing%20it%20down%20and%20praying
Zombie,YUNGBLUD,https://genius.com/Yungblud-zombie-lyrics,https://api.genius.com/search?q=yungblud%20zombie
Ensenada,Sublime,https://genius.com/Sublime-ensenada-lyrics,https://api.genius.com/search?q=sublime%20ensenada
The Big Goodbye,AJR,https://genius.com/Ajr-the-big-goodbye-lyrics,https://api.genius.com/search?q=ajr%20the%20big%20goodbye
“Heroes”,David Bowie,https://genius.com/David-bowie-heroes-lyrics,https://api.genius.com/search?q=david%20bowie%20heroes
times of my life (Demo),mgk,https://genius.com/Mgk-times-of-my-life-demo-lyrics,https://api.genius.com/search?q=mgk%20times%20of%20my%20life
Delete Ya,Djo,https://genius.com/Djo-delete-ya-lyrics,https://api.genius.com/search?q=djo%20delete%20ya
LOVE YOU LESS,Joji,https://genius.com/Joji-love-you-less-lyrics,https://api.genius.com/search?q=joji%20love%20you%20less
King Gnu - AIZO (English Translation),Genius English Translations,https://genius.com/Genius-english-translations-king-gnu-aizo-english-translation-lyrics,https://api.genius.com/search?q=king%20gnu%20aizo
Charlie’s Garden,Djo,https://genius.com/Djo-charlies-garden-lyrics,https://api.genius.com/search?q=djo%20charlie's%20garden
Where’s My Phone?,Mitski,https://genius.com/Mitski-wheres-my-phone-lyrics,https://api.genius.com/search?q=mitski%20where's%20my%20phone?
Last of a Dying Breed,Joji,https://genius.com/Joji-last-of-a-dying-breed-lyrics,https://api.genius.com/search?q=joji%20last%20of%20a%20dying%20breed
Opening Night,Arctic Monkeys,https://genius.com/Arctic-monkeys-and-war-child-opening-night-lyrics,https://api.genius.com/search?q=arctic%20monkeys%20opening%20night
POSSESSION,Melanie Martinez,https://genius.com/Melanie-martinez-possession-lyrics,https://api.genius.com/search?q=melanie%20martinez%20possession
Kryptonite,3 Doors Down,https://genius.com/3-doors-down-kryptonite-lyrics,https://api.genius.com/search?q=3%20doors%20down%20kryptonite
Here Without You,3 Doors Down,https://genius.com/3-doors-down-here-without-you-lyrics,https://api.genius.com/search?q=3%20doors%20down%20here%20without%20you
When I’m Gone,3 Doors Down,https://genius.com/3-doors-down-when-im-gone-lyrics,https://api.genius.com/search?q=3%20doors%20down%20when%20i'm%20gone
Hotel California,Joji,https://genius.com/Joji-hotel-california-lyrics,https://api.genius.com/search?q=joji%20hotel%20california
American Idiot,Green Day,https://genius.com/Green-day-american-idiot-lyrics,https://api.genius.com/search?q=green%20day%20american%20idiot
Sojourn,Joji,https://genius.com/Joji-sojourn-lyrics,https://api.genius.com/search?q=joji%20sojourn
CAN’T SEE SH*T IN THE CLUB,Joji,https://genius.com/Joji-cant-see-sht-in-the-club-lyrics,https://api.genius.com/search?q=joji%20can't%20see%20sh*t%20in%20the%20club
White Feather Hawk Tail Deer Hunter,Lana Del Rey,https://genius.com/Lana-del-rey-white-feather-hawk-tail-deer-hunter-lyrics,https://api.genius.com/search?q=lana%20del%20rey%20white%20feather%20hawk%20tail%20deer%20hunter
House featuring John Cale,Charli xcx,https://genius.com/Charli-xcx-and-john-cale-house-featuring-john-cale-lyrics,https://api.genius.com/search?q=charli%20xcx%20house
Mumford & Sons - Badlands ft. Gracie Abrams (Traducción al Español),Genius Traducciones al Español,https://genius.com/Genius-traducciones-al-espanol-mumford-and-sons-badlands-ft-gracie-abrams-traduccion-al-espanol-lyrics,https://api.genius.com/search?q=mumford%20and%20sons%20and%20gracie%20abrams%20badlands
Here,Mumford & Sons,https://genius.com/Mumford-and-sons-and-chris-stapleton-here-lyrics,https://api.genius.com/search?q=mumford%20and%20sons%20and%20chris%20stapleton%20here
Steady,Bella Kay,https://genius.com/Bella-kay-steady-lyrics,https://api.genius.com/search?q=bella%20kay%20steady
The Banjo Song,Mumford & Sons,https://genius.com/Mumford-and-sons-the-banjo-song-lyrics,https://api.genius.com/search?q=mumford%20and%20sons%20the%20banjo%20song
Your Favorite Toy,Foo Fighters,https://genius.com/Foo-fighters-your-favorite-toy-lyrics,https://api.genius.com/search?q=foo%20fighters%20your%20favorite%20toy
Run Together,Mumford & Sons,https://genius.com/Mumford-and-sons-run-together-lyrics,https://api.genius.com/search?q=mumford%20and%20sons%20run%20together
The Moon Cave,Gorillaz,https://genius.com/Gorillaz-the-moon-cave-lyrics,https://api.genius.com/search?q=gorillaz%20the%20moon%20cave
If I Leave,Mitski,https://genius.com/Mitski-if-i-leave-lyrics,https://api.genius.com/search?q=mitski%20if%20i%20leave
Orange County,Gorillaz,https://genius.com/Gorillaz-orange-county-lyrics,https://api.genius.com/search?q=gorillaz%20orange%20county
How I Get,Laufey,https://genius.com/Laufey-how-i-get-lyrics,https://api.genius.com/search?q=laufey%20how%20i%20get
4Me 4Me,Malcolm Todd,https://genius.com/Malcolm-todd-4me-4me-lyrics,https://api.genius.com/search?q=malcolm%20todd%204me%204me
Going Shopping,The Strokes,https://genius.com/The-strokes-going-shopping-lyrics,https://api.genius.com/search?q=the%20strokes%20going%20shopping
First Light,Lana Del Rey,https://genius.com/Lana-del-rey-first-light-lyrics,https://api.genius.com/search?q=lana%20del%20rey%20first%20light
Malcolm In The Middle,Malcolm Todd,https://genius.com/Malcolm-todd-malcolm-in-the-middle-lyrics,https://api.genius.com/search?q=malcolm%20todd%20malcolm%20in%20the%20middle
Life Goes On,Oliver Tree,https://genius.com/Oliver-tree-life-goes-on-lyrics,https://api.genius.com/search?q=oliver%20tree%20life%20goes%20on
Alien Boy,Oliver Tree,https://genius.com/Oliver-tree-alien-boy-lyrics,https://api.genius.com/search?q=oliver%20tree%20alien%20boy
Obsessica,Malcolm Todd,https://genius.com/Malcolm-todd-obsessica-lyrics,https://api.genius.com/search?q=malcolm%20todd%20obsessica
new trick,ROSÉ,https://genius.com/Rose-new-trick-lyrics,https://api.genius.com/search?q=rose%20new%20trick
Hard Fought Hallelujah,Brandon Lake,https://genius.com/Brandon-lake-hard-fought-hallelujah-lyrics,https://api.genius.com/search?q=brandon%20lake%20hard%20fought%20hallelujah
Praise,Elevation Worship,https://genius.com/Elevation-worship-praise-lyrics,https://api.genius.com/search?q=elevation%20worship%20praise
That’s Who I Praise,Brandon Lake,https://genius.com/Brandon-lake-thats-who-i-praise-lyrics,https://api.genius.com/search?q=brandon%20lake%20that's%20who%20i%20praise
GOOD DAY,Forrest Frank,https://genius.com/Forrest-frank-good-day-lyrics,https://api.genius.com/search?q=forrest%20frank%20good%20day
SAN MIGUEL,Farruko,https://genius.com/Farruko-san-miguel-lyrics,https://api.genius.com/search?q=farruko%20san%20miguel
NEVER GET USED TO THIS,Forrest Frank,https://genius.com/Forrest-frank-and-jvke-never-get-used-to-this-lyrics,https://api.genius.com/search?q=forrest%20frank%20and%20jvke%20never%20get%20used%20to%20this
The Truth,Megan Woods,https://genius.com/Megan-woods-the-truth-lyrics,https://api.genius.com/search?q=megan%20woods%20the%20truth
That’s My King,CeCe Winans,https://genius.com/Cece-winans-thats-my-king-lyrics,https://api.genius.com/search?q=cece%20winans%20that's%20my%20king
Counting My Blessings,Seph Schlueter,https://genius.com/Seph-schlueter-counting-my-blessings-lyrics,https://api.genius.com/search?q=seph%20schlueter%20counting%20my%20blessings
Angels (Glory To God),Phil Wickham,https://genius.com/Phil-wickham-angels-glory-to-god-lyrics,https://api.genius.com/search?q=phil%20wickham%20angels
Still Waters (Psalm 23),Leanna Crawford,https://genius.com/Leanna-crawford-still-waters-psalm-23-lyrics,https://api.genius.com/search?q=leanna%20crawford%20still%20waters
Believe (2024),Brooks & Dunn,https://genius.com/Brooks-and-dunn-believe-2024-lyrics,https://api.genius.com/search?q=brooks%20and%20dunn%20with%20jelly%20roll%20believe
THE PRESENT,Forrest Frank,https://genius.com/Forrest-frank-the-present-lyrics,https://api.genius.com/search?q=forrest%20frank%20the%20present
Somebody Prayed,Crowder,https://genius.com/Crowder-somebody-prayed-lyrics,https://api.genius.com/search?q=crowder%20somebody%20prayed
Nothin’ Sweeter,TobyMac,https://genius.com/Tobymac-nothin-sweeter-lyrics,https://api.genius.com/search?q=tobymac%20nothin'%20sweeter
Constant (Live),Maverick City Music,https://genius.com/Maverick-city-music-jordin-sparks-and-anthony-gargiula-constant-live-lyrics,"https://api.genius.com/search?q=maverick%20city%20music,%20jordin%20sparks%20and%20anthony%20gargiula%20constant"
GOODBYE YESTERDAY,ELEVATION RHYTHM,https://genius.com/Elevation-rhythm-and-gracie-binion-goodbye-yesterday-lyrics,https://api.genius.com/search?q=elevation%20rhythm%20and%20gracie%20binion%20goodbye%20yesterday
Silent Night,for KING & COUNTRY,https://genius.com/For-king-and-country-silent-night-lyrics,https://api.genius.com/search?q=for%20king%20+%20country%20silent%20night
August 2022 Singles Release Calendar,Christian Genius,https://genius.com/Christian-genius-august-2022-singles-release-calendar-annotated,https://api.genius.com/search?q=anne%20wilson%20with%20chris%20tomlin%20the%20cross
2025 Nominees,Dove Awards,https://genius.com/Dove-awards-2025-nominees-annotated,"https://api.genius.com/search?q=connor%20price,%20maverick%20city%20music%20and%20taylor%20hill%20i%20need%20help"
Alone With You,Josiah Queen,https://genius.com/Josiah-queen-and-jervis-campbell-alone-with-you-lyrics,https://api.genius.com/search?q=josiah%20queen%20and%20jervis%20campbell%20alone%20with%20you
Bailando en la Lluvia,Daddy Yankee,https://genius.com/Daddy-yankee-bailando-en-la-lluvia-lyrics,https://api.genius.com/search?q=daddy%20yankee%20bailando%20en%20la%20lluvia
Strong,Anne Wilson,https://genius.com/Anne-wilson-strong-lyrics,https://api.genius.com/search?q=anne%20wilson%20strong
RAIN DOWN ON ME,GloRilla,https://genius.com/Glorilla-kirk-franklin-maverick-city-music-kierra-sheard-and-chandler-moore-rain-down-on-me-lyrics,"https://api.genius.com/search?q=glorilla,%20kirk%20franklin%20and%20maverick%20city%20music%20rain%20down%20on%20me"
Up + Up,Colton Dixon,https://genius.com/Colton-dixon-up-up-lyrics,https://api.genius.com/search?q=colton%20dixon%20up%20+%20up
God Rest Ye Merry Gentlemen,Phil Wickham,https://genius.com/Phil-wickham-god-rest-ye-merry-gentlemen-lyrics,https://api.genius.com/search?q=phil%20wickham%20god%20rest%20ye%20merry%20gentlemen
Worship Through It,Tasha Layton,https://genius.com/Tasha-layton-worship-through-it-lyrics,https://api.genius.com/search?q=tasha%20layton%20worship%20through%20it
Darkerside,David Kushner,https://genius.com/David-kushner-darkerside-lyrics,https://api.genius.com/search?q=david%20kushner%20darkerside
a lil Church (nobody’s too lost),TobyMac,https://genius.com/Tobymac-a-lil-church-nobodys-too-lost-lyrics,https://api.genius.com/search?q=tobymac%20a%20lil%20church
Friend in High Places,Zach Williams,https://genius.com/Zach-williams-friend-in-high-places-lyrics,https://api.genius.com/search?q=zach%20williams%20friend%20in%20high%20places
Loves Got a Way,Andrew Ripp,https://genius.com/Andrew-ripp-loves-got-a-way-lyrics,https://api.genius.com/search?q=andrew%20ripp%20loves%20got%20a%20way
HEAVEN ON THIS EARTH,Forrest Frank,https://genius.com/Forrest-frank-and-torey-dshaun-heaven-on-this-earth-lyrics,https://api.genius.com/search?q=forrest%20frank%20and%20torey%20d'shaun%20heaven%20on%20this%20earth
Father in a Bible,Jonas Conner,https://genius.com/Jonas-conner-father-in-a-bible-lyrics,https://api.genius.com/search?q=jonas%20conner%20father%20in%20a%20bible
2025 Nominees,Dove Awards,https://genius.com/Dove-awards-2025-nominees-annotated,https://api.genius.com/search?q=seph%20schlueter%20and%20leanna%20crawford%20we%20sing
When I Fall,Katy Nichole,https://genius.com/Katy-nichole-when-i-fall-lyrics,https://api.genius.com/search?q=katy%20nichole%20when%20i%20fall
a life worth dying,Josiah Queen,https://genius.com/Josiah-queen-a-life-worth-dying-lyrics,https://api.genius.com/search?q=josiah%20queen%20a%20life%20worth%20dying
i need you more,Josiah Queen,https://genius.com/Josiah-queen-and-henrik-i-need-you-more-lyrics,https://api.genius.com/search?q=josiah%20queen%20and%20henrik%20i%20need%20you%20more
If it wasn’t for Jesus,Benjamin William Hastings,https://genius.com/Benjamin-william-hastings-if-it-wasnt-for-jesus-lyrics,https://api.genius.com/search?q=benjamin%20william%20hastings%20if%20it%20wasn't%20for%20jesus
lowest of lows,Josiah Queen,https://genius.com/Josiah-queen-lowest-of-lows-lyrics,https://api.genius.com/search?q=josiah%20queen%20lowest%20of%20lows
MIRACLE WORKER,Forrest Frank,https://genius.com/Forrest-frank-and-tori-kelly-miracle-worker-lyrics,https://api.genius.com/search?q=forrest%20frank%20and%20tori%20kelly%20miracle%20worker
Time,Aodhán King,https://genius.com/Aodhan-king-and-lauren-daigle-time-lyrics,https://api.genius.com/search?q=aodhan%20king%20and%20lauren%20daigle%20time
whisper and the wind,bodie,https://genius.com/Bodie-whisper-and-the-wind-lyrics,https://api.genius.com/search?q=bodie%20whisper%20and%20the%20wind
Stand Still,Maverick City Music,https://genius.com/Maverick-city-music-and-song-house-stand-still-lyrics,https://api.genius.com/search?q=maverick%20city%20music%20and%20song%20house%20stand%20still
Lead Me On (Live),Chandler Moore,https://genius.com/Chandler-moore-lead-me-on-live-lyrics,https://api.genius.com/search?q=chandler%20moore%20lead%20me%20on
Shepherd Boy,Phil Wickham,https://genius.com/Phil-wickham-shepherd-boy-lyrics,https://api.genius.com/search?q=phil%20wickham%20shepherd%20boy
2025 Nominees,Dove Awards,https://genius.com/Dove-awards-2025-nominees-annotated,"https://api.genius.com/search?q=elevation%20rhythm,%20tiffany%20hudson%20and%20abbie%20gamboa%20at%20the%20altar"
In The Name of Jesus,JWLKRS Worship,https://genius.com/Jwlkrs-worship-maverick-city-music-and-chandler-moore-in-the-name-of-jesus-lyrics,https://api.genius.com/search?q=jwlkrs%20worship%20and%20maverick%20city%20music%20in%20the%20name%20of%20jesus
Place In This World (From the Inspired by Soundtrack ”Unsung Hero”),for KING & COUNTRY,https://genius.com/For-king-and-country-and-michael-w-smith-place-in-this-world-from-the-inspired-by-soundtrack-unsung-hero-lyrics,https://api.genius.com/search?q=for%20king%20+%20country%20and%20michael%20w.%20smith%20place%20in%20this%20world
The Gift,Maverick City Music,https://genius.com/Maverick-city-music-naomi-raine-and-nick-day-the-gift-lyrics,"https://api.genius.com/search?q=maverick%20city%20music,%20naomi%20raine%20and%20nick%20day%20the%20gift"
Holy Forever,Chris Tomlin,https://genius.com/Chris-tomlin-holy-forever-lyrics,https://api.genius.com/search?q=chris%20tomlin%20holy%20forever
It’s Christmas,CeCe Winans,https://genius.com/Cece-winans-its-christmas-lyrics,https://api.genius.com/search?q=cece%20winans%20it's%20christmas
Snow Globe,Blessing Offor,https://genius.com/Blessing-offor-snow-globe-lyrics,https://api.genius.com/search?q=blessing%20offor%20snowglobe
Joy to the World,BeBe & CeCe Winans,https://genius.com/Bebe-and-cece-winans-joy-to-the-world-lyrics,https://api.genius.com/search?q=cece%20winans%20joy%20to%20the%20world
November 2021 Singles Release Calendar,Christian Genius,https://genius.com/Christian-genius-november-2021-singles-release-calendar-annotated,https://api.genius.com/search?q=we%20are%20messengers%20hark!%20the%20herald%20angels%20sing
Macbeth Act 3,William Shakespeare,https://genius.com/William-shakespeare-macbeth-act-3-annotated,https://api.genius.com/search?q=josiah%20queen%20and%20string%20and%20heart%20love%20you%20to%20death
October 2021 Singles Release Calendar,Christian Genius,https://genius.com/Christian-genius-october-2021-singles-release-calendar-annotated,https://api.genius.com/search?q=riley%20clemmons%20come%20adore%20him
I’ll Be Home for Christmas,Gabby Barrett,https://genius.com/Gabby-barrett-ill-be-home-for-christmas-lyrics,https://api.genius.com/search?q=gabby%20barrett%20i'll%20be%20home%20for%20christmas
"Mary, Did You Know?",Gabby Barrett,https://genius.com/Gabby-barrett-mary-did-you-know-lyrics,"https://api.genius.com/search?q=gabby%20barrett%20mary,%20did%20you%20know?"
November 2021 Singles Release Calendar,Christian Genius,https://genius.com/Christian-genius-november-2021-singles-release-calendar-annotated,https://api.genius.com/search?q=cochren%20and%20co.%20that%20spirit%20of%20christmas
"O Come, O Come, Emmanuel",Gabby Barrett,https://genius.com/Gabby-barrett-o-come-o-come-emmanuel-lyrics,"https://api.genius.com/search?q=gabby%20barrett%20o%20come,%20o%20come%20emmanuel"
Desktop Storage Mix Vol. 45,AJSC The DJ,https://genius.com/Ajsc-the-dj-desktop-storage-mix-vol-45-lyrics,https://api.genius.com/search?q=amy%20grant%20and%20vince%20gill%20'til%20the%20season%20comes%20round%20again
Holy Forever,Phil Wickham,https://genius.com/Phil-wickham-holy-forever-lyrics,https://api.genius.com/search?q=phil%20wickham%20holy%20forever
Take You At Your Word (Live),Cody Carnes,https://genius.com/Cody-carnes-and-benjamin-william-hastings-take-you-at-your-word-live-lyrics,https://api.genius.com/search?q=cody%20carnes%20and%20benjamin%20william%20hastings%20take%20you%20at%20your%20word
The Jesus Way,Phil Wickham,https://genius.com/Phil-wickham-the-jesus-way-lyrics,https://api.genius.com/search?q=phil%20wickham%20the%20jesus%20way
Let It Begin,Big Daddy Weave,https://genius.com/Big-daddy-weave-let-it-begin-lyrics,https://api.genius.com/search?q=big%20daddy%20weave%20let%20it%20begin
Running Back to You,Seph Schlueter,https://genius.com/Seph-schlueter-running-back-to-you-lyrics,https://api.genius.com/search?q=seph%20schlueter%20running%20back%20to%20you
COUNT ‘EM,Brandon Lake,https://genius.com/Brandon-lake-count-em-lyrics,https://api.genius.com/search?q=brandon%20lake%20count%20'em
My Promised Land,Josiah Queen,https://genius.com/Josiah-queen-my-promised-land-lyrics,https://api.genius.com/search?q=josiah%20queen%20my%20promised%20land
Won’t He Do It,We The Kingdom,https://genius.com/We-the-kingdom-and-tauren-wells-wont-he-do-it-lyrics,https://api.genius.com/search?q=we%20the%20kingdom%20won't%20he%20do%20it
Praise God For That,Jordan Feliz,https://genius.com/Jordan-feliz-praise-god-for-that-lyrics,https://api.genius.com/search?q=jordan%20feliz%20praise%20god%20for%20that
Again,Jeremy Camp,https://genius.com/Jeremy-camp-again-lyrics,https://api.genius.com/search?q=jeremy%20camp%20again
Beautiful Life,Pat Barrett,https://genius.com/Pat-barrett-beautiful-life-lyrics,https://api.genius.com/search?q=pat%20barrett%20beautiful%20life
Friend in Jesus (Live),CAIN,https://genius.com/Cain-friend-in-jesus-live-lyrics,https://api.genius.com/search?q=cain%20friend%20in%20jesus
Then I Will,Lauren Daigle,https://genius.com/Lauren-daigle-then-i-will-lyrics,https://api.genius.com/search?q=lauren%20daigle%20then%20i%20will
Unashamed,Matthew West,https://genius.com/Matthew-west-unashamed-lyrics,https://api.genius.com/search?q=matthew%20west%20unashamed
God Is Not Against Me,Elevation Worship,https://genius.com/Elevation-worship-god-is-not-against-me-lyrics,https://api.genius.com/search?q=elevation%20worship%20god%20is%20not%20against%20me
What He Says About You,Unspoken,https://genius.com/Unspoken-what-he-says-about-you-lyrics,https://api.genius.com/search?q=unspoken%20what%20he%20says%20about%20you
Desperate,Jamie MacDonald,https://genius.com/Jamie-macdonald-desperate-lyrics,https://api.genius.com/search?q=jamie%20macdonald%20desperate
I Give You My Dreams,Sarai Rivera,https://genius.com/Sarai-rivera-i-give-you-my-dreams-lyrics,https://api.genius.com/search?q=sarai%20rivera%20and%20tauren%20wells%20i%20give%20you%20my%20dreams
And Now His Watch Is Ended (Script),Game of Thrones,https://genius.com/Game-of-thrones-and-now-his-watch-is-ended-script-annotated,https://api.genius.com/search?q=josiah%20queen%20x%20brandon%20lake%20can't%20steal%20my%20joy
The Church (Live),Bethel Music,https://genius.com/Bethel-music-and-jenn-johnson-the-church-live-lyrics,https://api.genius.com/search?q=bethel%20music%20and%20jenn%20johnson%20the%20church
God Did It,TobyMac,https://genius.com/Tobymac-god-did-it-lyrics,https://api.genius.com/search?q=tobymac%20god%20did%20it
INVITED,Tenth Avenue North,https://genius.com/Tenth-avenue-north-invited-lyrics,https://api.genius.com/search?q=tenth%20avenue%20north%20invited
GOD DID!,Sons Of Sunday,https://genius.com/Sons-of-sunday-god-did-lyrics,https://api.genius.com/search?q=sons%20of%20sunday%20god%20did!
Fishes and Loaves,Josiah Queen,https://genius.com/Josiah-queen-fishes-and-loaves-lyrics,https://api.genius.com/search?q=josiah%20queen%20fishes%20+%20loaves
DROP!,Forrest Frank,https://genius.com/Forrest-frank-drop-lyrics,https://api.genius.com/search?q=forrest%20frank%20drop!
Oh Death,MercyMe,https://genius.com/Mercyme-oh-death-lyrics,https://api.genius.com/search?q=mercyme%20oh%20death
No Fear,Jon Reddick,https://genius.com/Jon-reddick-no-fear-lyrics,https://api.genius.com/search?q=jon%20reddick%20no%20fear
Jordans,Blessing Offor,https://genius.com/Blessing-offor-jordans-lyrics,https://api.genius.com/search?q=blessing%20offor%20jordans
Money Can’t Buy,Cochren & Co.,https://genius.com/Cochren-and-co-money-cant-buy-lyrics,https://api.genius.com/search?q=cochren%20and%20co.%20money%20can't%20buy
Jesus Loves,Zach Williams,https://genius.com/Zach-williams-jesus-loves-lyrics,https://api.genius.com/search?q=zach%20williams%20jesus%20loves
BRING HEAVEN DOWN,Hulvey,https://genius.com/Hulvey-bring-heaven-down-lyrics,https://api.genius.com/search?q=hulvey%20bring%20heaven%20down
Turn,Ben Fuller,https://genius.com/Ben-fuller-turn-lyrics,https://api.genius.com/search?q=ben%20fuller%20turn
Mighty Name of Jesus (Live),The Belonging Co,https://genius.com/The-belonging-co-and-hope-darst-mighty-name-of-jesus-live-lyrics,https://api.genius.com/search?q=the%20belonging%20co%20mighty%20name%20of%20jesus
SUNRISE,Forrest Frank,https://genius.com/Forrest-frank-sunrise-lyrics,https://api.genius.com/search?q=forrest%20frank%20sunrise
,,,https://api.genius.com/search?q=alex%20jean%20featruing%20de%20la%20cruz%20matthew%2018:20
No One Like The Lord (Live),Bethel Music,https://genius.com/Bethel-music-and-jenn-johnson-no-one-like-the-lord-live-lyrics,https://api.genius.com/search?q=bethel%20music%20and%20jenn%20johnson%20no%20one%20like%20the%20lord
2026 Nominees,Dove Awards,https://genius.com/Dove-awards-2026-nominees-annotated,"https://api.genius.com/search?q=elevation%20worship,%20chris%20brown%20and%20brandon%20lake%20i%20know%20a%20name"
New Thing Coming,Elevation Worship,https://genius.com/Elevation-worship-new-thing-coming-lyrics,https://api.genius.com/search?q=elevation%20worship%20new%20thing%20coming
The King Is In The Room,Phil Wickham,https://genius.com/Phil-wickham-the-king-is-in-the-room-lyrics,https://api.genius.com/search?q=phil%20wickham%20the%20king%20is%20in%20the%20room
War,Caleb Gordon,https://genius.com/Caleb-gordon-war-lyrics,https://api.genius.com/search?q=caleb%20gordon%20war
NOTHING ELSE,Forrest Frank,https://genius.com/Forrest-frank-and-thomas-rhett-nothing-else-lyrics,https://api.genius.com/search?q=forrest%20frank%20and%20thomas%20rhett%20nothing%20else
I’ve Got a Story,NEEDTOBREATHE,https://genius.com/Needtobreathe-and-tori-kelly-ive-got-a-story-lyrics,https://api.genius.com/search?q=needtobreathe%20i've%20got%20a%20story
One More Day,Sons Of Sunday,https://genius.com/Sons-of-sunday-one-more-day-lyrics,https://api.genius.com/search?q=sons%20of%20sunday%20one%20more%20day
I Looked Up,Sons Of Sunday,https://genius.com/Sons-of-sunday-i-looked-up-lyrics,https://api.genius.com/search?q=sons%20of%20sunday%20i%20looked%20up
April 2025 Singles Release Calendar,Genius,https://genius.com/Genius-april-2025-singles-release-calendar-annotated,https://api.genius.com/search?q=tobymac%20+%20forrest%20frank%20heaven%20on%20my%20mind
Deeper Still,Ben Fuller,https://genius.com/Ben-fuller-deeper-still-lyrics,https://api.genius.com/search?q=ben%20fuller%20deeper%20still
Yesterday Is Dead,Josiah Queen,https://genius.com/Josiah-queen-yesterday-is-dead-lyrics,https://api.genius.com/search?q=josiah%20queen%20yesterday%20is%20dead
The Lord Will Provide (Live From Passion 2024),Passion,https://genius.com/Passion-the-lord-will-provide-live-from-passion-2024-lyrics,https://api.genius.com/search?q=passion%20and%20landon%20wolfe%20the%20lord%20will%20provide
A Thousand Times,We Are Messengers,https://genius.com/We-are-messengers-a-thousand-times-lyrics,https://api.genius.com/search?q=we%20are%20messengers%20a%20thousand%20times
Let The Church Sing,Tauren Wells,https://genius.com/Tauren-wells-let-the-church-sing-lyrics,https://api.genius.com/search?q=tauren%20wells%20let%20the%20church%20sing
Making Room,Tauren Wells,https://genius.com/Tauren-wells-making-room-lyrics,https://api.genius.com/search?q=tauren%20wells%20making%20room
2025 Nominees,Dove Awards,https://genius.com/Dove-awards-2025-nominees-annotated,"https://api.genius.com/search?q=seu%20worship,%20one%20house,%20kenzie%20walker,%20chelsea%20plank%20and%20roosevelt%20stewart%20what%20a%20god"
Sing of Your Love,ELEVATION RHYTHM,https://genius.com/Elevation-rhythm-and-joe-l-barnes-sing-of-your-love-lyrics,https://api.genius.com/search?q=elevation%20rhythm%20and%20joe%20l%20barnes%20sing%20of%20your%20love
How Many Times,Newsboys,https://genius.com/Newsboys-how-many-times-lyrics,https://api.genius.com/search?q=newsboys%20how%20many%20times
LIFE IS GOOD,Forrest Frank,https://genius.com/Forrest-frank-life-is-good-lyrics,https://api.genius.com/search?q=forrest%20frank%20life%20is%20good
Up To Something (Live),Red Rocks Worship,https://genius.com/Red-rocks-worship-and-kory-miller-up-to-something-live-lyrics,https://api.genius.com/search?q=red%20rocks%20worship%20and%20kory%20miller%20up%20to%20something
The Reminder,TAYA,https://genius.com/Taya-the-reminder-lyrics,https://api.genius.com/search?q=taya%20the%20reminder
Heaven On My Mind,TobyMac,https://genius.com/Tobymac-and-forrest-frank-heaven-on-my-mind-lyrics,https://api.genius.com/search?q=forrest%20frank%20ups%20and%20downs
SAFE AND SOUND,Forrest Frank,https://genius.com/Forrest-frank-and-cain-safe-and-sound-lyrics,https://api.genius.com/search?q=forrest%20frank%20and%20cain%20safe%20and%20sound
NO L’s,Forrest Frank,https://genius.com/Forrest-frank-no-ls-lyrics,https://api.genius.com/search?q=forrest%20frank%20no%20l's
If It Was Up To Me,Ben Fuller,https://genius.com/Ben-fuller-and-carrie-underwood-if-it-was-up-to-me-lyrics,https://api.genius.com/search?q=ben%20fuller%20and%20carrie%20underwood%20if%20it%20was%20up%20to%20me
I Know A Name,Elevation Worship,https://genius.com/Elevation-worship-chris-brown-elevation-and-brandon-lake-i-know-a-name-lyrics,https://api.genius.com/search?q=brandon%20lake%20i%20know%20a%20name
Exchange,Sons Of Sunday,https://genius.com/Sons-of-sunday-exchange-lyrics,https://api.genius.com/search?q=sons%20of%20sunday%20exchange
LOW KEY,Forrest Frank,https://genius.com/Forrest-frank-low-key-lyrics,https://api.genius.com/search?q=forrest%20frank%20low%20key
God Did It,Micah Tyler,https://genius.com/Micah-tyler-god-did-it-lyrics,https://api.genius.com/search?q=micah%20tyler%20god%20did%20it
The First Hymn,Chris Tomlin,https://genius.com/Chris-tomlin-and-ben-fielding-the-first-hymn-lyrics,https://api.genius.com/search?q=chris%20tomlin%20and%20ben%20fielding%20the%20first%20hymn
CELEBRATION,Forrest Frank,https://genius.com/Forrest-frank-celebration-lyrics,https://api.genius.com/search?q=forrest%20frank%20celebration
Jesus ’Bout My Kids,Luke Bryan,https://genius.com/Luke-bryan-jesus-bout-my-kids-lyrics,https://api.genius.com/search?q=luke%20bryan%20jesus%20'bout%20my%20kids
AMEN,Forrest Frank,https://genius.com/Forrest-frank-amen-lyrics,https://api.genius.com/search?q=forrest%20frank%20amen
Daddy’s DNA,Brandon Lake,https://genius.com/Brandon-lake-daddys-dna-lyrics,https://api.genius.com/search?q=brandon%20lake%20daddy's%20dna
Mighty Name of Jesus (Live),The Belonging Co,https://genius.com/The-belonging-co-and-hope-darst-mighty-name-of-jesus-live-lyrics,https://api.genius.com/search?q=hope%20darst%20mighty%20name%20of%20jesus
Get Behind Me,Emerson Day,https://genius.com/Emerson-day-get-behind-me-lyrics,https://api.genius.com/search?q=emerson%20day%20get%20behind%20me
Consider Him - Live,UPPERROOM,https://genius.com/Upperroom-and-abbie-gamboa-consider-him-live-lyrics,https://api.genius.com/search?q=upperroom%20and%20abbie%20simmons%20consider%20him
WOKE UP THIS MORNING,Forrest Frank,https://genius.com/Forrest-frank-and-nathan-davis-jr-woke-up-this-morning-lyrics,https://api.genius.com/search?q=forrest%20frank%20and%20nathan%20davis%20jr.%20woke%20up%20this%20morning
HOME,Forrest Frank,https://genius.com/Forrest-frank-home-lyrics,https://api.genius.com/search?q=forrest%20frank%20home
B.I.G.,Forrest Frank,https://genius.com/Forrest-frank-big-lyrics,https://api.genius.com/search?q=forrest%20frank%20b.i.g.
FATHER’S HOUSE,Forrest Frank,https://genius.com/Forrest-frank-fathers-house-lyrics,https://api.genius.com/search?q=forrest%20frank%20father's%20house
HAPPY,Forrest Frank,https://genius.com/Forrest-frank-happy-lyrics,https://api.genius.com/search?q=forrest%20frank%20happy
PARADISE,Forrest Frank,https://genius.com/Forrest-frank-paradise-lyrics,https://api.genius.com/search?q=forrest%20frank%20paradise
OUTSIDE,Forrest Frank,https://genius.com/Forrest-frank-outside-lyrics,https://api.genius.com/search?q=forrest%20frank%20outside
DANCING IN THE PRESENCE,Forrest Frank,https://genius.com/Forrest-frank-dancing-in-the-presence-lyrics,https://api.genius.com/search?q=forrest%20frank%20dancing%20in%20the%20presence
LIVE YOUR LIFE,Forrest Frank,https://genius.com/Forrest-frank-live-your-life-lyrics,https://api.genius.com/search?q=forrest%20frank%20live%20your%20life
LIKE WATER,Forrest Frank,https://genius.com/Forrest-frank-and-limoblaze-like-water-lyrics,https://api.genius.com/search?q=forrest%20frank%20and%20limoblaze%20like%20water
IN THE ROOM,Forrest Frank,https://genius.com/Forrest-frank-in-the-room-lyrics,https://api.genius.com/search?q=forrest%20frank%20in%20the%20room
ENCORE,Forrest Frank,https://genius.com/Forrest-frank-encore-lyrics,https://api.genius.com/search?q=forrest%20frank%20encore
POV,Forrest Frank,https://genius.com/Forrest-frank-pov-lyrics,https://api.genius.com/search?q=forrest%20frank%20pov
SEVENS,Brandon Lake,https://genius.com/Brandon-lake-sevens-lyrics,https://api.genius.com/search?q=brandon%20lake%20sevens
Two Wooden Beams,Josiah Queen,https://genius.com/Josiah-queen-two-wooden-beams-lyrics,https://api.genius.com/search?q=josiah%20queen%20two%20wooden%20beams
HOLYGHOST,Sons Of Sunday,https://genius.com/Sons-of-sunday-holyghost-lyrics,https://api.genius.com/search?q=sons%20of%20sunday%20holyghost
Higher,Breanna Nix,https://genius.com/Breanna-nix-higher-lyrics,https://api.genius.com/search?q=breanna%20nix%20higher
Where Oh Where,ELEVATION RHYTHM,https://genius.com/Elevation-rhythm-where-oh-where-lyrics,https://api.genius.com/search?q=elevation%20rhythm%20where%20oh%20where
Homesick For Heaven,Phil Wickham,https://genius.com/Phil-wickham-homesick-for-heaven-lyrics,https://api.genius.com/search?q=phil%20wickham%20homesick%20for%20heaven
Oh My Soul (Psalm 103),TobyMac,https://genius.com/Tobymac-and-cece-winans-oh-my-soul-psalm-103-lyrics,https://api.genius.com/search?q=tobymac%20+%20cece%20winans%20oh%20my%20soul
I Believe You,Megan Woods,https://genius.com/Megan-woods-i-believe-you-lyrics,https://api.genius.com/search?q=megan%20woods%20i%20believe%20you
June 2025 Album Release Calendar,Christian Genius,https://genius.com/Christian-genius-june-2025-album-release-calendar-annotated,https://api.genius.com/search?q=ben%20fuller%20walk%20through%20fire
King Of Hearts,Brandon Lake,https://genius.com/Brandon-lake-king-of-hearts-lyrics,https://api.genius.com/search?q=brandon%20lake%20king%20of%20hearts
Spare Change,Brandon Lake,https://genius.com/Brandon-lake-spare-change-lyrics,https://api.genius.com/search?q=brandon%20lake%20spare%20change
Come Jesus Come,CeCe Winans,https://genius.com/Cece-winans-come-jesus-come-lyrics,https://api.genius.com/search?q=cece%20winans%20come%20jesus%20come
But God,Brandon Lake,https://genius.com/Brandon-lake-but-god-lyrics,https://api.genius.com/search?q=brandon%20lake%20but%20god
As For Me & My Home,Brandon Lake,https://genius.com/Brandon-lake-as-for-me-and-my-home-lyrics,https://api.genius.com/search?q=brandon%20lake%20as%20for%20me%20and%20my%20home
Plans,Brandon Lake,https://genius.com/Brandon-lake-plans-lyrics,https://api.genius.com/search?q=brandon%20lake%20plans
The Great I Am Can,Elevation Worship,https://genius.com/Elevation-worship-chris-brown-elevation-and-brandon-lake-the-great-i-am-can-lyrics,https://api.genius.com/search?q=brandon%20lake%20the%20great%20i%20am%20can
Right In The Middle,Brandon Lake,https://genius.com/Brandon-lake-and-hulvey-right-in-the-middle-lyrics,https://api.genius.com/search?q=brandon%20lake%20with%20hulvey%20right%20in%20the%20middle
Songs Based on Historical Events,Genius Lists,https://genius.com/Genius-lists-songs-based-on-historical-events-annotated,https://api.genius.com/search?q=brandon%20lake%20with%20hank%20bentley%20remember%20the%20miracles
Watch This!,Brandon Lake,https://genius.com/Brandon-lake-watch-this-lyrics,https://api.genius.com/search?q=brandon%20lake%20watch%20this!
God Story,Anne Wilson,https://genius.com/Anne-wilson-god-story-lyrics,https://api.genius.com/search?q=anne%20wilson%20god%20story
"1,000,000 Reasons Why",Brandon Lake,https://genius.com/Brandon-lake-1000000-reasons-why-lyrics,"https://api.genius.com/search?q=brandon%20lake%201,000,000%20reasons%20why"
Breakdown,Andrew Ripp,https://genius.com/Andrew-ripp-breakdown-lyrics,https://api.genius.com/search?q=andrew%20ripp%20breakdown
FORGIVENESS,Marvin Winans,https://genius.com/Marvin-winans-forgiveness-lyrics,https://api.genius.com/search?q=marvin%20winans%20forgiveness
,,,https://api.genius.com/search?q=dy%20sonriele
Song of the Saints,Phil Wickham,https://genius.com/Phil-wickham-song-of-the-saints-lyrics,https://api.genius.com/search?q=phil%20wickham%20song%20of%20the%20saints
How Good It Is,Chris Tomlin,https://genius.com/Chris-tomlin-how-good-it-is-lyrics,https://api.genius.com/search?q=chris%20tomlin%20how%20good%20it%20is
Honest,Leanna Crawford,https://genius.com/Leanna-crawford-honest-lyrics,https://api.genius.com/search?q=leanna%20crawford%20honest
STILL,Crowder,https://genius.com/Crowder-still-lyrics,https://api.genius.com/search?q=crowder%20still
No Survivors,Jeremy Camp,https://genius.com/Jeremy-camp-no-survivors-lyrics,https://api.genius.com/search?q=jeremy%20camp%20no%20survivors
Fight of My Life,Rend Collective,https://genius.com/Rend-collective-fight-of-my-life-lyrics,https://api.genius.com/search?q=rend%20collective%20fight%20of%20my%20life
GOD’S GOT MY BACK,Forrest Frank,https://genius.com/Forrest-frank-gods-got-my-back-lyrics,https://api.genius.com/search?q=forrest%20frank%20god's%20got%20my%20back
Won’t Start Now,Seph Schlueter,https://genius.com/Seph-schlueter-wont-start-now-lyrics,https://api.genius.com/search?q=seph%20schlueter%20won't%20start%20now
Let It Be a Hallelujah,Lauren Daigle,https://genius.com/Lauren-daigle-let-it-be-a-hallelujah-lyrics,https://api.genius.com/search?q=lauren%20daigle%20let%20it%20be%20a%20hallelujah
August 2025 Singles Release Calendar,Christian Genius,https://genius.com/Christian-genius-august-2025-singles-release-calendar-annotated,"https://api.genius.com/search?q=maverick%20city%20music,%20dante%20bowe%20and%20graham%20all%20that%20i%20need"
Cloud And Fire,Josiah Queen,https://genius.com/Josiah-queen-cloud-and-fire-lyrics,https://api.genius.com/search?q=josiah%20queen%20cloud%20and%20fire
Left It In The River,Jamie MacDonald,https://genius.com/Jamie-macdonald-left-it-in-the-river-lyrics,https://api.genius.com/search?q=jamie%20macdonald%20left%20it%20in%20the%20river
The Church,UPPERROOM,https://genius.com/Upperroom-and-bethel-music-the-church-lyrics,https://api.genius.com/search?q=upperroom%20and%20bethel%20music%20the%20church
Who Else (Live at Gateway Conference),Gateway Worship,https://genius.com/Gateway-worship-and-abbie-gamboa-who-else-live-at-gateway-conference-lyrics,https://api.genius.com/search?q=gateway%20worship%20and%20abbie%20gamboa%20who%20else
Heavens Sirens,David Kushner,https://genius.com/David-kushner-heavens-sirens-lyrics,https://api.genius.com/search?q=david%20kushner%20heavens%20sirens
SELAH,Forrest Frank,https://genius.com/Forrest-frank-selah-lyrics,https://api.genius.com/search?q=forrest%20frank%20selah.
I’ll Fly Away,Josiah Queen,https://genius.com/Josiah-queen-and-benjamin-william-hastings-ill-fly-away-lyrics,https://api.genius.com/search?q=josiah%20queen%20i'll%20fly%20away
Sirach 16 (CPDV),Ben Sira,https://genius.com/Ben-sira-and-ronald-l-conte-jr-sirach-16-cpdv-annotated,https://api.genius.com/search?q=mercyme%20wonder%20and%20awe
Doesn’t He,Chris Tomlin,https://genius.com/Chris-tomlin-doesnt-he-lyrics,https://api.genius.com/search?q=chris%20tomlin%20doesn't%20he
So So Good (Live),Phil Wickham,https://genius.com/Phil-wickham-brandon-lake-and-elevation-worship-so-so-good-live-lyrics,"https://api.genius.com/search?q=phil%20wickham,%20brandon%20lake%20and%20elevation%20worship%20so%20so%20good"
I Made It,CAIN,https://genius.com/Cain-i-made-it-lyrics,https://api.genius.com/search?q=cain%20i%20made%20it
THE ROCK,Forrest Frank,https://genius.com/Forrest-frank-and-crowder-the-rock-lyrics,https://api.genius.com/search?q=forrest%20frank%20and%20crowder%20the%20rock
Watch Your Mouth,Josiah Queen,https://genius.com/Josiah-queen-watch-your-mouth-lyrics,https://api.genius.com/search?q=josiah%20queen%20watch%20your%20mouth
Headphones,Lecrae,https://genius.com/Lecrae-killer-mike-and-ti-headphones-lyrics,"https://api.genius.com/search?q=lecrae,%20killer%20mike%20and%20t.i.%20headphones"
Mt. Zion,Josiah Queen,https://genius.com/Josiah-queen-mt-zion-lyrics,https://api.genius.com/search?q=josiah%20queen%20mt.%20zion
Holidaze,Lecrae,https://genius.com/Lecrae-and-jon-bellion-holidaze-lyrics,https://api.genius.com/search?q=lecrae%20and%20jon%20bellion%20holidaze
The Meaning Of Life,Josiah Queen,https://genius.com/Josiah-queen-the-meaning-of-life-lyrics,https://api.genius.com/search?q=josiah%20queen%20the%20meaning%20of%20life
Jesus Lifted Me,CAIN,https://genius.com/Cain-and-brooke-ligertwood-jesus-lifted-me-lyrics,https://api.genius.com/search?q=cain%20and%20brooke%20ligertwood%20jesus%20lifted%20me
MISUNDERSTOOD,Forrest Frank,https://genius.com/Forrest-frank-and-cory-asbury-misunderstood-lyrics,https://api.genius.com/search?q=forrest%20frank%20and%20cory%20asbury%20misunderstood
Stars,Anne Wilson,https://genius.com/Anne-wilson-stars-lyrics,https://api.genius.com/search?q=anne%20wilson%20stars
THROUGH THE NIGHT,Forrest Frank,https://genius.com/Forrest-frank-through-the-night-lyrics,https://api.genius.com/search?q=forrest%20frank%20through%20the%20night
Able,Phil Wickham,https://genius.com/Phil-wickham-able-lyrics,https://api.genius.com/search?q=phil%20wickham%20able
Go Rest High on That Mountain,Vince Gill,https://genius.com/Vince-gill-go-rest-high-on-that-mountain-lyrics,https://api.genius.com/search?q=vince%20gill%20go%20rest%20high%20on%20that%20mountain
stuck in these clouds,Jervis Campbell,https://genius.com/Jervis-campbell-stuck-in-these-clouds-lyrics,https://api.genius.com/search?q=jervis%20campbell%20stuck%20in%20these%20clouds
Running To A Runaway,Phil Wickham,https://genius.com/Phil-wickham-running-to-a-runaway-lyrics,https://api.genius.com/search?q=phil%20wickham%20running%20to%20a%20runaway
Always On Time,Elevation Worship,https://genius.com/Elevation-worship-always-on-time-lyrics,https://api.genius.com/search?q=elevation%20worship%20always%20on%20time
Wait for Me,Zach Williams,https://genius.com/Zach-williams-wait-for-me-lyrics,https://api.genius.com/search?q=zach%20williams%20wait%20for%20me
MOVE IT!,1K Phew,https://genius.com/1k-phew-forrest-frank-and-1k-pson-move-it-lyrics,"https://api.genius.com/search?q=1k%20phew,%20forrest%20frank%20and%201k%20pson%20move%20it!"
When A Cowboy Prays,Brandon Lake,https://genius.com/Brandon-lake-when-a-cowboy-prays-lyrics,https://api.genius.com/search?q=brandon%20lake%20when%20a%20cowboy%20prays
Still The King,Chris Tomlin,https://genius.com/Chris-tomlin-still-the-king-lyrics,https://api.genius.com/search?q=chris%20tomlin%20still%20the%20king
Have Your Way,Katy Nichole,https://genius.com/Katy-nichole-have-your-way-lyrics,https://api.genius.com/search?q=katy%20nichole%20have%20your%20way
Over & Over,ELEVATION RHYTHM,https://genius.com/Elevation-rhythm-over-and-over-lyrics,https://api.genius.com/search?q=elevation%20rhythm%20over%20and%20over
JESUS IS COMING BACK SOON,Forrest Frank,https://genius.com/Forrest-frank-and-josiah-queen-jesus-is-coming-back-soon-lyrics,https://api.genius.com/search?q=forrest%20frank%20and%20josiah%20queen%20jesus%20is%20coming%20back%20soon
world on fire,for KING & COUNTRY,https://genius.com/For-king-and-country-and-taylor-hill-world-on-fire-lyrics,https://api.genius.com/search?q=for%20king%20+%20country%20and%20taylor%20hill%20world%20on%20fire
Carry Me,Anne Wilson,https://genius.com/Anne-wilson-carry-me-lyrics,https://api.genius.com/search?q=anne%20wilson%20carry%20me
EYES ON US,Jon Keith,https://genius.com/Jon-keith-eyes-on-us-lyrics,https://api.genius.com/search?q=jon%20keith%20eyes%20on%20us
Jesus Be The Name,Elevation Worship,https://genius.com/Elevation-worship-jesus-be-the-name-lyrics,https://api.genius.com/search?q=elevation%20worship%20jesus%20be%20the%20name
The Love I Have For You,Colton Dixon,https://genius.com/Colton-dixon-the-love-i-have-for-you-lyrics,https://api.genius.com/search?q=colton%20dixon%20the%20love%20i%20have%20for%20you
El Toque,Daddy Yankee,https://genius.com/Daddy-yankee-el-toque-lyrics,https://api.genius.com/search?q=daddy%20yankee%20el%20toque
KEEP IT SIMPLE,Forrest Frank,https://genius.com/Forrest-frank-keep-it-simple-lyrics,https://api.genius.com/search?q=forrest%20frank%20keep%20it%20simple
You’re Beautiful (Amazon Music Original),Josiah Queen,https://genius.com/Josiah-queen-youre-beautiful-amazon-music-original-lyrics,https://api.genius.com/search?q=josiah%20queen%20you're%20beautiful
Fear Has No Power,Phil Wickham,https://genius.com/Phil-wickham-fear-has-no-power-lyrics,https://api.genius.com/search?q=phil%20wickham%20fear%20has%20no%20power
I’ve Just Seen Too Much,Big Daddy Weave,https://genius.com/Big-daddy-weave-ive-just-seen-too-much-lyrics,https://api.genius.com/search?q=big%20daddy%20weave%20i've%20just%20seen%20too%20much
Black Sheep,Ben Fuller,https://genius.com/Ben-fuller-black-sheep-lyrics,https://api.genius.com/search?q=ben%20fuller%20black%20sheep
Who Else (Live),Gateway Worship,https://genius.com/Gateway-worship-who-else-live-lyrics,https://api.genius.com/search?q=gateway%20worship%20who%20else
"O Come, O Come Emmanuel",Skillet,https://genius.com/Skillet-o-come-o-come-emmanuel-lyrics,"https://api.genius.com/search?q=skillet%20o%20come,%20o%20come%20emmanuel"
CHRISTMAS MORNING,Forrest Frank,https://genius.com/Forrest-frank-and-jvke-christmas-morning-lyrics,https://api.genius.com/search?q=forrest%20frank%20and%20jvke%20christmas%20morning
Make It Well,MercyMe,https://genius.com/Mercyme-make-it-well-lyrics,https://api.genius.com/search?q=mercyme%20make%20it%20well
We Are Charlie Kirk,Spalexma,https://genius.com/Spalexma-we-are-charlie-kirk-lyrics,https://api.genius.com/search?q=spalexma%20we%20are%20charlie%20kirk
My Defender,Tate Butts,https://genius.com/Tate-butts-my-defender-lyrics,https://api.genius.com/search?q=tate%20butts%20my%20defender
Jezabel y Júdas,Daddy Yankee,https://genius.com/Daddy-yankee-jezabel-y-judas-lyrics,https://api.genius.com/search?q=daddy%20yankee%20jezabel%20y%20judas
Cling To The Cross,Seph Schlueter,https://genius.com/Seph-schlueter-and-matt-maher-cling-to-the-cross-lyrics,https://api.genius.com/search?q=seph%20schlueter%20and%20matt%20maher%20cling%20to%20the%20cross
No Idols,Brandon Lake,https://genius.com/Brandon-lake-and-skema-boy-no-idols-lyrics,https://api.genius.com/search?q=skema%20boy%20and%20brandon%20lake%20no%20idols
Psalm 8 (Hallé),Phil Wickham,https://genius.com/Phil-wickham-psalm-8-halle-lyrics,https://api.genius.com/search?q=phil%20wickham%20psalm%208
Diddly Squat,Tasha Layton,https://genius.com/Tasha-layton-diddly-squat-lyrics,https://api.genius.com/search?q=tasha%20layton%20diddly%20squat
What A God (Live at JOGS),SEU Worship,https://genius.com/Seu-worship-abbie-gamboa-and-chelsea-plank-what-a-god-live-at-jogs-lyrics,"https://api.genius.com/search?q=seu%20worship,%20abbie%20gamboa%20and%20chelsea%20plank%20what%20a%20god"
Thank You Isn’t Enough,Tasha Layton,https://genius.com/Tasha-layton-thank-you-isnt-enough-lyrics,https://api.genius.com/search?q=tasha%20layton%20white%20christmas
CHRISTMAS MORNING,Forrest Frank,https://genius.com/Forrest-frank-and-jvke-christmas-morning-lyrics,https://api.genius.com/search?q=forrest%20frank%20and%20jvke%20this%20is%20what%20christmas%20feels%20like
JVKE & Forrest Frank (ft. ZVC) - Christmas Through Your Eyes (Bản dịch tiếng Việt),Genius Bản dịch tiếng Việt,https://genius.com/Genius-ban-dich-tieng-viet-jvke-and-forrest-frank-ft-zvc-christmas-through-your-eyes-ban-dich-tieng-viet-lyrics,https://api.genius.com/search?q=forrest%20frank%20and%20jvke%20christmas%20through%20your%20eyes
CHRISTMAS MORNING,Forrest Frank,https://genius.com/Forrest-frank-and-jvke-christmas-morning-lyrics,https://api.genius.com/search?q=forrest%20frank%20and%20jvke%20christmas
JVKE & Forrest Frank - SHINE YOUR LIGHT (Bản dịch tiếng Việt),Genius Bản dịch tiếng Việt,https://genius.com/Genius-ban-dich-tieng-viet-jvke-and-forrest-frank-shine-your-light-ban-dich-tieng-viet-lyrics,https://api.genius.com/search?q=forrest%20frank%20and%20jvke%20shine%20your%20light
JVKE & Forrest Frank - the cozy part (Bản dịch tiếng Việt),Genius Bản dịch tiếng Việt,https://genius.com/Genius-ban-dich-tieng-viet-jvke-and-forrest-frank-the-cozy-part-ban-dich-tieng-viet-lyrics,https://api.genius.com/search?q=forrest%20frank%20and%20jvke%20the%20cozy%20part
her (Annika Wells Remix),JVKE,https://genius.com/Jvke-and-annika-wells-her-annika-wells-remix-lyrics,https://api.genius.com/search?q=jvke%20her
JVKE & Forrest Frank - this is what a new year feels like (Bản dịch tiếng Việt),Genius Bản dịch tiếng Việt,https://genius.com/Genius-ban-dich-tieng-viet-jvke-and-forrest-frank-this-is-what-a-new-year-feels-like-ban-dich-tieng-viet-lyrics,https://api.genius.com/search?q=forrest%20frank%20and%20jvke%20this%20is%20what%20a%20new%20year%20feels
The First Noel,BeBe & CeCe Winans,https://genius.com/Bebe-and-cece-winans-the-first-noel-lyrics,https://api.genius.com/search?q=cece%20winans%20the%20first%20noel
,,,https://api.genius.com/search?q=tommee%20profitt%20x%20stephen%20stanley%20little%20drummer%20boy
We Three Kings,We Are Messengers,https://genius.com/We-are-messengers-we-three-kings-lyrics,https://api.genius.com/search?q=we%20are%20messengers%20we%20three%20kings
THANKFUL,Forrest Frank,https://genius.com/Forrest-frank-thankful-lyrics,https://api.genius.com/search?q=forrest%20frank%20thankful
Our King Has Come,Katy Nichole,https://genius.com/Katy-nichole-and-matt-maher-our-king-has-come-lyrics,https://api.genius.com/search?q=katy%20nichole%20and%20matt%20maher%20our%20king%20has%20come
October 2021 Album Release Calendar,Christian Genius,https://genius.com/Christian-genius-october-2021-album-release-calendar-annotated,https://api.genius.com/search?q=jason%20gray%20and%20point%20of%20grace%20comfort%20and%20joy
Christmas Is All in the Heart (remix),Steven Curtis Chapman,https://genius.com/Steven-curtis-chapman-christmas-is-all-in-the-heart-remix-lyrics,https://api.genius.com/search?q=steven%20curtis%20chapman%20and%20cece%20winans%20christmas%20is%20all%20in%20the%20heart
A Christmas Hymn (to the tune of “Come Thou Fount”),Rend Collective,https://genius.com/Rend-collective-a-christmas-hymn-to-the-tune-of-come-thou-fount-lyrics,https://api.genius.com/search?q=rend%20collective%20a%20christmas%20hymn
I Believe,Natalie Grant,https://genius.com/Natalie-grant-i-believe-lyrics,https://api.genius.com/search?q=natalie%20grant%20god's%20gift%20to%20us
Follow The Light,Brandon Engman,https://genius.com/Brandon-engman-phil-wickham-and-angel-studios-inc-follow-the-light-lyrics,https://api.genius.com/search?q=brandon%20engman%20and%20phil%20wickham%20follow%20the%20light
Shalom,Brandon Engman,https://genius.com/Brandon-engman-and-angel-studios-inc-shalom-lyrics,https://api.genius.com/search?q=brandon%20engman%20shalom
Adventure Song,Brandon Engman,https://genius.com/Brandon-engman-and-angel-studios-inc-adventure-song-lyrics,https://api.genius.com/search?q=brandon%20engman%20adventure%20song
Why God - My God,Phil Wickham,https://genius.com/Phil-wickham-miri-mesika-and-angel-studios-inc-why-god-my-god-lyrics,https://api.genius.com/search?q=phil%20wickham%20and%20miri%20mesika%20why%20god%20-%20my%20god
Tapestry,Brandon Engman,https://genius.com/Brandon-engman-miri-mesika-and-angel-studios-inc-tapestry-lyrics,https://api.genius.com/search?q=brandon%20engman%20and%20miri%20mesika%20tapestry
Testimony,Terrian,https://genius.com/Terrian-testimony-lyrics,https://api.genius.com/search?q=terrian%20testimony
I Have a Dream,Battler,https://genius.com/Battler-i-have-a-dream-lyrics,https://api.genius.com/search?q=peter%20burton%20where%20would%20i%20be
Center (Live),Bethel Music,https://genius.com/Bethel-music-and-abbie-gamboa-center-live-annotated,https://api.genius.com/search?q=bethel%20music%20and%20abbie%20gamboa%20center
THANK GOD I’M FREE,ELEVATION RHYTHM,https://genius.com/Elevation-rhythm-and-lizzie-morgan-thank-god-im-free-lyrics,https://api.genius.com/search?q=elevation%20rhythm%20and%20lizzie%20morgan%20thank%20god%20i'm%20free
Lift Me Up,Blessing Offor,https://genius.com/Blessing-offor-lift-me-up-lyrics,https://api.genius.com/search?q=blessing%20offor%20lift%20me%20up
demons,Josiah Queen,https://genius.com/Josiah-queen-demons-lyrics,https://api.genius.com/search?q=josiah%20queen%20demons
It Really Is Amazing Grace,Phil Wickham,https://genius.com/Phil-wickham-and-crowder-it-really-is-amazing-grace-lyrics,https://api.genius.com/search?q=phil%20wickham%20and%20crowder%20it%20really%20is%20amazing%20grace
,,,https://api.genius.com/search?q=hindrix%20brown%20and%20maverick%20city%20music%20run%202%20u
Finished,Caleb & John,https://genius.com/Caleb-and-john-finished-lyrics,https://api.genius.com/search?q=caleb%20and%20john%20finished
The Blood (Live From Passion 2026),Passion,https://genius.com/Passion-and-jj-hasulube-the-blood-live-from-passion-2026-lyrics,https://api.genius.com/search?q=passion%20and%20jj%20hasulube%20the%20blood
SO BE IT,Elevation Worship,https://genius.com/Elevation-worship-so-be-it-lyrics,https://api.genius.com/search?q=elevation%20worship%20so%20be%20it
Won’t Let Go,Jamie MacDonald,https://genius.com/Jamie-macdonald-wont-let-go-lyrics,https://api.genius.com/search?q=jamie%20macdonald%20won't%20let%20go
Good,Matthew West,https://genius.com/Matthew-west-good-lyrics,https://api.genius.com/search?q=matthew%20west%20good
Breathe On It,Tauren Wells,https://genius.com/Tauren-wells-breathe-on-it-lyrics,https://api.genius.com/search?q=tauren%20wells%20breathe%20on%20it
There Goes That Man,Abbie Gamboa,https://genius.com/Abbie-gamboa-there-goes-that-man-lyrics,https://api.genius.com/search?q=abbie%20gamboa%20there%20goes%20that%20man
"Elevation Worship, Chandler Moore & Chris Brown - Alleluia (Traducción al Español)",Genius Traducciones al Español,https://genius.com/Genius-traducciones-al-espanol-elevation-worship-chandler-moore-and-chris-brown-alleluia-traduccion-al-espanol-lyrics,"https://api.genius.com/search?q=elevation%20worship,%20chandler%20moore%20and%20chris%20brown%20alleluia"
,,,https://api.genius.com/search?q=tommee%20profitt%20x%20phil%20wickham%20he%20arose
The Way,Jon Reddick,https://genius.com/Jon-reddick-the-way-lyrics,https://api.genius.com/search?q=jon%20reddick%20the%20way
He Can,Pastor Mike Jr.,https://genius.com/Pastor-mike-jr-he-can-lyrics,https://api.genius.com/search?q=pastor%20mike%20jr.%20he%20can
What An Awesome God (Live From Singalong),Phil Wickham,https://genius.com/Phil-wickham-what-an-awesome-god-live-from-singalong-lyrics,https://api.genius.com/search?q=phil%20wickham%20with%20cain%20god%20is%20good
I Got Saved,Elevation Worship,https://genius.com/Elevation-worship-i-got-saved-lyrics,https://api.genius.com/search?q=elevation%20worship%20i%20got%20saved
Worthy Of It All (Live),CeCe Winans,https://genius.com/Cece-winans-worthy-of-it-all-live-lyrics,https://api.genius.com/search?q=cece%20winans%20worthy%20of%20it%20all
Call God,Elevation Worship,https://genius.com/Elevation-worship-chris-brown-elevation-and-chandler-moore-call-god-lyrics,"https://api.genius.com/search?q=elevation%20worship,%20chris%20brown%20and%20chandler%20moore%20call%20god"
Thank You,Elevation Worship,https://genius.com/Elevation-worship-thank-you-lyrics,https://api.genius.com/search?q=elevation%20worship%20thank%20you
Keep On,Elevation Worship,https://genius.com/Elevation-worship-keep-on-lyrics,https://api.genius.com/search?q=elevation%20worship%20keep%20on
Your Name Is God,Elevation Worship,https://genius.com/Elevation-worship-and-leeland-mooring-your-name-is-god-lyrics,https://api.genius.com/search?q=elevation%20worship%20and%20leeland%20mooring%20your%20name%20is%20god
Perfectly,Micah Tyler,https://genius.com/Micah-tyler-perfectly-lyrics,https://api.genius.com/search?q=micah%20tyler%20perfectly
,,,https://api.genius.com/search?q=dante%20bowe%20x%20maverick%20city%20music%20x%20grace%20idowu%20i%20was%20made%20to%20glorify%20your%20name
Rescue Me,We The Kingdom,https://genius.com/We-the-kingdom-rescue-me-lyrics,https://api.genius.com/search?q=we%20the%20kingdom%20rescue%20me
RUNNING HOME (PSALM 51),LOST & FOUND (Christian),https://genius.com/Lost-and-found-christian-running-home-psalm-51-lyrics,https://api.genius.com/search?q=lost%20and%20found%20psalm%2051
Still Do,Anne Wilson,https://genius.com/Anne-wilson-and-cole-swindell-still-do-lyrics,https://api.genius.com/search?q=anne%20wilson%20and%20cole%20swindell%20still%20do
The Lord Is With Me (Live),Red Rocks Worship,https://genius.com/Red-rocks-worship-chris-brown-elevation-and-tyler-roberts-the-lord-is-with-me-live-lyrics,"https://api.genius.com/search?q=red%20rocks%20worship,%20chris%20brown%20and%20tyler%20roberts%20the%20lord%20is%20with%20me"
Just Believe,Bailey Zimmerman,https://genius.com/Bailey-zimmerman-and-brandon-lake-just-believe-lyrics,https://api.genius.com/search?q=bailey%20zimmerman%20and%20brandon%20lake%20just%20believe
Bless Your Name,Tauren Wells,https://genius.com/Tauren-wells-bless-your-name-lyrics,https://api.genius.com/search?q=tauren%20wells%20bless%20your%20name
Valley Of Worship,Seph Schlueter,https://genius.com/Seph-schlueter-valley-of-worship-lyrics,https://api.genius.com/search?q=seph%20schlueter%20valley%20of%20worship
I’d Do It Again,Andrew Ripp,https://genius.com/Andrew-ripp-id-do-it-again-lyrics,https://api.genius.com/search?q=andrew%20ripp%20i'd%20do%20it%20again
judas,Josiah Queen,https://genius.com/Josiah-queen-judas-lyrics,https://api.genius.com/search?q=josiah%20queen%20judas
DAVE,Hulvey,https://genius.com/Hulvey-dave-lyrics,https://api.genius.com/search?q=hulvey%20dave
Jesus The Only,Tiffany Hudson,https://genius.com/Tiffany-hudson-and-davide-mutendji-jesus-the-only-lyrics,https://api.genius.com/search?q=tiffany%20hudson%20jesus%20the%20only
Ain’t No Way,Jamie MacDonald,https://genius.com/Jamie-macdonald-aint-no-way-lyrics,https://api.genius.com/search?q=jamie%20macdonald%20ain't%20no%20way
SOS,PARTY WAVE,https://genius.com/Party-wave-and-forrest-frank-sos-lyrics,https://api.genius.com/search?q=party%20wave%20sos
You Lead Me,Lauren Daigle,https://genius.com/Lauren-daigle-house-of-david-and-the-wonder-project-you-lead-me-lyrics,https://api.genius.com/search?q=lauren%20daigle%20you%20lead%20me
2025 Nominees,Dove Awards,https://genius.com/Dove-awards-2025-nominees-annotated,https://api.genius.com/search?q=abbie%20gamboa%20the%20wonderful%20blood
"God, Can You Hear Me?",Dax,https://genius.com/Dax-god-can-you-hear-me-lyrics,"https://api.genius.com/search?q=dax%20god,%20can%20you%20hear%20me?"
Say It Now,NEEDTOBREATHE,https://genius.com/Needtobreathe-say-it-now-lyrics,https://api.genius.com/search?q=needtobreathe%20say%20it%20now
The Jesus I Know Now,Brandon Lake,https://genius.com/Brandon-lake-and-lainey-wilson-the-jesus-i-know-now-lyrics,https://api.genius.com/search?q=brandon%20lake%20and%20lainey%20wilson%20the%20jesus%20i%20know%20now
WASTE SOME TIME,PARTY WAVE,https://genius.com/Party-wave-and-forrest-frank-waste-some-time-lyrics,https://api.genius.com/search?q=party%20wave%20waste%20some%20time
THE NAME ABOVE ALL NAMES,Mitch Wong,https://genius.com/Mitch-wong-the-name-above-all-names-lyrics,https://api.genius.com/search?q=mitch%20wong%20the%20name%20above%20all%20names
When the Kingdom Comes,Lee Brice,https://genius.com/Lee-brice-when-the-kingdom-comes-lyrics,https://api.genius.com/search?q=lee%20brice%20when%20the%20kingdom%20comes
YAHWEH,PARTY WAVE,https://genius.com/Party-wave-and-forrest-frank-yahweh-lyrics,https://api.genius.com/search?q=party%20wave%20yahweh
SOMETHING IN THE WATER,PARTY WAVE,https://genius.com/Party-wave-and-forrest-frank-something-in-the-water-lyrics,https://api.genius.com/search?q=party%20wave%20something%20in%20the%20water
EVERYTHING HALLELUJAH,Justin Bieber,https://genius.com/Justin-bieber-everything-hallelujah-lyrics,https://api.genius.com/search?q=justin%20bieber%20everything%20hallelujah
Meet Me In The Valley,Tasha Layton,https://genius.com/Tasha-layton-meet-me-in-the-valley-lyrics,https://api.genius.com/search?q=tasha%20layton%20meet%20me%20in%20the%20valley
Why Should I Worry,Carly Ann Taylor,https://genius.com/Carly-ann-taylor-why-should-i-worry-lyrics,https://api.genius.com/search?q=carly%20ann%20taylor%20why%20should%20i%20worry
For Christ Alone,2819 Worship,https://genius.com/2819-worship-for-christ-alone-lyrics,https://api.genius.com/search?q=2819%20worship%20for%20christ%20alone
Do It All Alone,Rend Collective,https://genius.com/Rend-collective-and-jervis-campbell-do-it-all-alone-lyrics,https://api.genius.com/search?q=rend%20collective%20and%20jervis%20campbell%20do%20it%20all%20alone
May 2026 Singles Release Calendar,Christian Genius,https://genius.com/Christian-genius-may-2026-singles-release-calendar-annotated,https://api.genius.com/search?q=brandon%20lake%20and%20nick%20jonas%20the%20author
OKAY!,Forrest Frank,https://genius.com/Forrest-frank-okay-lyrics,https://api.genius.com/search?q=forrest%20frank%20okay!
Hope,Nick Jonas,https://genius.com/Nick-jonas-hope-lyrics,https://api.genius.com/search?q=nick%20jonas%20hope
How Great,Tauren Wells,https://genius.com/Tauren-wells-and-phil-wickham-how-great-lyrics,https://api.genius.com/search?q=tauren%20wells%20and%20phil%20wickham%20how%20great
make heaven crowded,Josiah Queen,https://genius.com/Josiah-queen-make-heaven-crowded-lyrics,https://api.genius.com/search?q=josiah%20queen%20make%20heaven%20crowded
JESUS IS ALIVE,Forrest Frank,https://genius.com/Forrest-frank-jesus-is-alive-lyrics,https://api.genius.com/search?q=forrest%20frank%20jesus%20is%20alive!
FATHER’S HOUSE,ELEVATION RHYTHM,https://genius.com/Elevation-rhythm-fathers-house-lyrics,https://api.genius.com/search?q=elevation%20rhythm%20father's%20house
Control,Tori Kelly,https://genius.com/Tori-kelly-control-lyrics,https://api.genius.com/search?q=tori%20kelly%20control
Gonna Be Alright,Matt Maher,https://genius.com/Matt-maher-gonna-be-alright-lyrics,https://api.genius.com/search?q=matt%20maher%20gonna%20be%20alright
God I’m Just Grateful,Elevation Worship,https://genius.com/Elevation-worship-and-chandler-moore-god-im-just-grateful-lyrics,"https://api.genius.com/search?q=chandler%20moore%20god,%20i'm%20just%20grateful"
Somebody’s Praying,Bay Turner,https://genius.com/Bay-turner-somebodys-praying-lyrics,https://api.genius.com/search?q=bay%20turner%20somebody's%20praying
New Music Friday 05/15/26,Spotify,https://genius.com/Spotify-new-music-friday-05-15-26-annotated,"https://api.genius.com/search?q=brooke%20ligertwood,%20lauren%20daigle%20and%20the%20new%20respects%20watchmen"
Just That Good (Live From Passion 2026),Passion,https://genius.com/Passion-and-kristian-stanfill-just-that-good-live-from-passion-2026-lyrics,https://api.genius.com/search?q=passion%20and%20kristian%20stanfill%20just%20that%20good
Outsing the Angels,Cory Asbury,https://genius.com/Cory-asbury-outsing-the-angels-lyrics,https://api.genius.com/search?q=cory%20asbury%20outsing%20the%20angels
THE JESUS GENERATION,Forrest Frank,https://genius.com/Forrest-frank-the-jesus-generation-lyrics,https://api.genius.com/search?q=forrest%20frank%20the%20jesus%20generation
New Music Friday 05/29/26,Spotify,https://genius.com/Spotify-new-music-friday-05-29-26-annotated,"https://api.genius.com/search?q=aodhan%20king,%20benjamin%20william%20hastings%20and%20tiffany%20hudson%20yahweh"
"Father, Let It Be",Sidewalk Prophets,https://genius.com/Sidewalk-prophets-father-let-it-be-lyrics,"https://api.genius.com/search?q=sidewalk%20prophets%20father,%20let%20it%20be"
miracle,for KING & COUNTRY,https://genius.com/For-king-and-country-miracle-lyrics,https://api.genius.com/search?q=for%20king%20+%20country%20miracle
Lord It Feels Good,TobyMac,https://genius.com/Tobymac-lord-it-feels-good-lyrics,https://api.genius.com/search?q=tobymac%20lord%20it%20feels%20good
"Jesus, I’m afraid",Noah Graves,https://genius.com/Noah-graves-jesus-im-afraid-lyrics,"https://api.genius.com/search?q=noah%20graves%20jesus,%20i'm%20afraid"
Holding On (Praise God),Jon Reddick,https://genius.com/Jon-reddick-holding-on-praise-god-lyrics,https://api.genius.com/search?q=jon%20reddick%20holding%20on
TRUTH WILL SET YOU FREE,Forrest Frank,https://genius.com/Forrest-frank-truth-will-set-you-free-lyrics,https://api.genius.com/search?q=forrest%20frank%20the%20truth%20will%20set%20you%20free
What Grace Can Do,Cochren & Co.,https://genius.com/Cochren-and-co-what-grace-can-do-lyrics,https://api.genius.com/search?q=cochren%20and%20co.%20what%20grace%20can%20do
Living Water,CAIN,https://genius.com/Cain-living-water-lyrics,https://api.genius.com/search?q=cain%20living%20water
SOMEBODY PRAYED,Forrest Frank,https://genius.com/Forrest-frank-and-tate-butts-somebody-prayed-lyrics,https://api.genius.com/search?q=forrest%20frank%20and%20tate%20butts%20somebody%20prayed
Revival,Jeremy Camp,https://genius.com/Jeremy-camp-revival-lyrics,https://api.genius.com/search?q=jeremy%20camp%20revival
"Sony Corp. v. Universal City Studios, Inc. (1984)",Supreme Court of the United States,https://genius.com/Supreme-court-of-the-united-states-sony-corp-v-universal-city-studios-inc-1984-annotated,https://api.genius.com/search?q=steve%20gruber%20and%20the%20freedom%20project%20one%20nation
Thank God,Leanna Crawford,https://genius.com/Leanna-crawford-thank-god-lyrics,https://api.genius.com/search?q=leanna%20crawford%20thank%20god
Hold Me Up,Andrew Ripp,https://genius.com/Andrew-ripp-and-jervis-campbell-hold-me-up-lyrics,https://api.genius.com/search?q=andrew%20ripp%20and%20jervis%20campbell%20hold%20me%20up
2 STEP THE ENEMY,Forrest Frank,https://genius.com/Forrest-frank-2-step-the-enemy-lyrics,"https://api.genius.com/search?q=forrest%20frank,%20lost%20and%20found%20and%20zvc%202%20step%20the%20enemy"
Scream,Skillet,https://genius.com/Skillet-scream-lyrics,https://api.genius.com/search?q=skillet%20scream
what if i told you?,for KING & COUNTRY,https://genius.com/For-king-and-country-what-if-i-told-you-lyrics,https://api.genius.com/search?q=for%20king%20+%20country%20what%20if%20i%20told%20you?
TOO UNFAZED,KB,https://genius.com/Kb-too-unfazed-lyrics,https://api.genius.com/search?q=kb%20too%20unfazed
AMAZING!,ELEVATION RHYTHM,https://genius.com/Elevation-rhythm-and-josiah-queen-amazing-lyrics,https://api.genius.com/search?q=elevation%20rhythm%20and%20josiah%20queen%20amazing!
TAKEOVER,ELEVATION RHYTHM,https://genius.com/Elevation-rhythm-and-jonathan-stamper-takeover-lyrics,https://api.genius.com/search?q=elevation%20rhythm%20and%20jonathan%20stamper%20takeover
WELCOME HOME,ELEVATION RHYTHM,https://genius.com/Elevation-rhythm-and-seu-worship-welcome-home-lyrics,https://api.genius.com/search?q=elevation%20rhythm%20and%20seu%20worship%20welcome%20home
Everyday Hallelujah,Phil Wickham,https://genius.com/Phil-wickham-everyday-hallelujah-lyrics,https://api.genius.com/search?q=phil%20wickham%20everyday%20hallelujah
Her,Leanna Crawford,https://genius.com/Leanna-crawford-her-lyrics,https://api.genius.com/search?q=leanna%20crawford%20her
Road Less Traveled,Joe L Barnes,https://genius.com/Joe-l-barnes-and-seph-schlueter-road-less-traveled-lyrics,https://api.genius.com/search?q=joe%20l.%20barnes%20and%20seph%20schlueter%20road%20less%20traveled
TAKEOVER PT. 2,ELEVATION RHYTHM,https://genius.com/Elevation-rhythm-and-jonathan-stamper-takeover-pt-2-lyrics,https://api.genius.com/search?q=elevation%20rhythm%20and%20jonathan%20stamper%20takeover%20pt.%202
LOOK AT WHAT GOD HAS DONE,LOST & FOUND (Christian),https://genius.com/Lost-and-found-christian-look-at-what-god-has-done-lyrics,https://api.genius.com/search?q=lost%20and%20found%20look%20at%20what%20god%20has%20done
[Unreleased Songs List],Meghan Trainor,https://genius.com/Meghan-trainor-unreleased-songs-list-lyrics,https://api.genius.com/search?q=tyler%20hubbard%20all%20i%20need%20is%20you
"Tell me, how is Heaven",May the Lord Studio,https://genius.com/May-the-lord-studio-tell-me-how-is-heaven-lyrics,"https://api.genius.com/search?q=may%20the%20lord%20studio%20tell%20me,%20how%20is%20heaven"
He Will,Francesca Battistelli,https://genius.com/Francesca-battistelli-he-will-lyrics,https://api.genius.com/search?q=francesca%20battistelli%20he%20will
sundays,Josiah Queen,https://genius.com/Josiah-queen-sundays-lyrics,https://api.genius.com/search?q=josiah%20queen%20sundays
Lift Me Up,Skillet,https://genius.com/Skillet-lift-me-up-lyrics,https://api.genius.com/search?q=skillet%20lift%20me%20up
alle,for KING & COUNTRY,https://genius.com/For-king-and-country-alle-lyrics,https://api.genius.com/search?q=for%20king%20+%20country%20alle
There Was Jesus,Zach Williams,https://genius.com/Zach-williams-and-dolly-parton-there-was-jesus-lyrics,https://api.genius.com/search?q=zach%20williams%20and%20dolly%20parton%20there%20was%20jesus
Who I Am To You,Anne Wilson,https://genius.com/Anne-wilson-who-i-am-to-you-lyrics,https://api.genius.com/search?q=anne%20wilson%20who%20i%20am%20to%20you
Wake Up Sleeper,MercyMe,https://genius.com/Mercyme-wake-up-sleeper-lyrics,https://api.genius.com/search?q=mercyme%20wake%20up%20sleeper
So Long,Peter Burton,https://genius.com/Peter-burton-so-long-lyrics,https://api.genius.com/search?q=peter%20burton%20so%20long
How Good God Is,Brandon Lake,https://genius.com/Brandon-lake-how-good-god-is-lyrics,https://api.genius.com/search?q=brandon%20lake%20how%20good%20god%20is
Roots,Jamie MacDonald,https://genius.com/Jamie-macdonald-and-the-chosen-roots-lyrics,https://api.genius.com/search?q=jamie%20macdonald%20roots
Ways Of God,Abbie Gamboa,https://genius.com/Abbie-gamboa-ways-of-god-lyrics,https://api.genius.com/search?q=abbie%20gamboa%20ways%20of%20god
Bless The Blood (Live),SEU Worship,https://genius.com/Seu-worship-and-chelsea-plank-bless-the-blood-live-lyrics,https://api.genius.com/search?q=seu%20worship%20and%20chelsea%20plank%20bless%20the%20blood
Wild Rushing Wind (Live),SEU Worship,https://genius.com/Seu-worship-and-caylie-bryant-wild-rushing-wind-live-lyrics,https://api.genius.com/search?q=seu%20worship%20and%20caylie%20bryant%20wild%20rushing%20wind
Everything Is Better,Hopeful.,https://genius.com/Hopeful-everything-is-better-lyrics,https://api.genius.com/search?q=hopeful.%20everything%20is%20better
Show Me Your Face / Yahweh,Red Worship,https://genius.com/Red-worship-show-me-your-face-yahweh-lyrics,https://api.genius.com/search?q=red%20worship%20and%20lizzie%20morgan%20show%20me%20your%20face%20/%20yahweh
Back To Jesus,Matthew West,https://genius.com/Matthew-west-back-to-jesus-lyrics,https://api.genius.com/search?q=matthew%20west%20back%20to%20jesus
when I see You,Josiah Queen,https://genius.com/Josiah-queen-when-i-see-you-lyrics,https://api.genius.com/search?q=josiah%20queen%20when%20i%20see%20you
Everything You Ever Wanted,Abbie Gamboa,https://genius.com/Abbie-gamboa-everything-you-ever-wanted-lyrics,https://api.genius.com/search?q=abbie%20gamboa%20everything%20you%20ever%20wanted
the most beautiful colours,for KING & COUNTRY,https://genius.com/For-king-and-country-the-most-beautiful-colours-lyrics,https://api.genius.com/search?q=for%20king%20+%20country%20the%20most%20beautiful%20colours
you look like you love me,Ella Langley,https://genius.com/Ella-langley-and-riley-green-you-look-like-you-love-me-lyrics,https://api.genius.com/search?q=ella%20langley%20you%20look%20like%20you%20love%20me
Miles On It,Marshmello,https://genius.com/Marshmello-and-kane-brown-miles-on-it-lyrics,https://api.genius.com/search?q=marshmello%20and%20kane%20brown%20miles%20on%20it
Pour Me A Drink,Post Malone,https://genius.com/Post-malone-pour-me-a-drink-lyrics,https://api.genius.com/search?q=post%20malone%20pour%20me%20a%20drink
28,Zach Bryan,https://genius.com/Zach-bryan-28-lyrics,https://api.genius.com/search?q=zach%20bryan%2028
Lonely Road (8-Bit mgk & Jelly Roll Emulation),8-Bit Arcade,https://genius.com/8-bit-arcade-lonely-road-8-bit-mgk-and-jelly-roll-emulation-lyrics,https://api.genius.com/search?q=mgk%20and%20jelly%20roll%20lonely%20road
December 2024 Singles Release Calendar,Genius,https://genius.com/Genius-december-2024-singles-release-calendar-annotated,"https://api.genius.com/search?q=quavo,%20luke%20bryan%20and%20teddy%20swims%20georgia%20ways"
Gonna Love You,Parmalee,https://genius.com/Parmalee-gonna-love-you-lyrics,https://api.genius.com/search?q=parmalee%20gonna%20love%20you
Relapse,Warren Zeiders,https://genius.com/Warren-zeiders-relapse-lyrics,https://api.genius.com/search?q=warren%20zeiders%20relapse
DEVIL YOU KNOW,Tyler Braden,https://genius.com/Tyler-braden-devil-you-know-lyrics,https://api.genius.com/search?q=tyler%20braden%20devil%20you%20know
Damn Good Day To Leave,Riley Green,https://genius.com/Riley-green-damn-good-day-to-leave-lyrics,https://api.genius.com/search?q=riley%20green%20damn%20good%20day%20to%20leave
Porch Light,Josh Meloy,https://genius.com/Josh-meloy-porch-light-lyrics,https://api.genius.com/search?q=josh%20meloy%20porch%20light
Just Like Johnny,Redferrin,https://genius.com/Redferrin-just-like-johnny-lyrics,https://api.genius.com/search?q=redferrin%20just%20like%20johnny
Country Songs about Drinking Alcohol,Country Genius,https://genius.com/Country-genius-country-songs-about-drinking-alcohol-lyrics,https://api.genius.com/search?q=brooks%20and%20dunn%20with%20morgan%20wallen%20neon%20moon
Last Of My Kind,Shaboozey,https://genius.com/Shaboozey-last-of-my-kind-lyrics,https://api.genius.com/search?q=shaboozey%20last%20of%20my%20kind
Thoughts of You,Ole 60,https://genius.com/Ole-60-thoughts-of-you-lyrics,https://api.genius.com/search?q=ole%2060%20thoughts%20of%20you
Losers,Post Malone,https://genius.com/Post-malone-losers-lyrics,https://api.genius.com/search?q=post%20malone%20losers
Kelsea Ballerini & Noah Kahan - Cowboys Cry Too (Traducción al Español),Genius Traducciones al Español,https://genius.com/Genius-traducciones-al-espanol-kelsea-ballerini-and-noah-kahan-cowboys-cry-too-traduccion-al-espanol-lyrics,https://api.genius.com/search?q=kelsea%20ballerini%20and%20noah%20kahan%20cowboys%20cry%20too
Bad Luck,Zach Top,https://genius.com/Zach-top-bad-luck-lyrics,https://api.genius.com/search?q=zach%20top%20bad%20luck
Maybe This Christmas,Michael Bublé,https://genius.com/Michael-buble-and-carly-pearce-maybe-this-christmas-lyrics,https://api.genius.com/search?q=michael%20buble%20and%20carly%20pearce%20maybe%20this%20christmas
Driving Home For Christmas - Spotify Singles Holiday,Dasha,https://genius.com/Dasha-driving-home-for-christmas-spotify-singles-holiday-lyrics,https://api.genius.com/search?q=dasha%20driving%20home%20for%20christmas
Baggage,Kelsea Ballerini,https://genius.com/Kelsea-ballerini-baggage-lyrics,https://api.genius.com/search?q=kelsea%20ballerini%20baggage
Use Me,Zach Top,https://genius.com/Zach-top-use-me-lyrics,https://api.genius.com/search?q=zach%20top%20use%20me
Please Don’t Go,Wyatt Flores,https://genius.com/Wyatt-flores-please-dont-go-lyrics,https://api.genius.com/search?q=wyatt%20flores%20please%20don't%20go
Can A Heart Take,Warren Zeiders,https://genius.com/Warren-zeiders-can-a-heart-take-lyrics,https://api.genius.com/search?q=warren%20zeiders%20can%20a%20heart%20take
Gorgeous,Kane Brown,https://genius.com/Kane-brown-gorgeous-lyrics,https://api.genius.com/search?q=kane%20brown%20gorgeous
Coming Home,Old Dominion,https://genius.com/Old-dominion-coming-home-lyrics,https://api.genius.com/search?q=old%20dominion%20coming%20home
I Dare You,Rascal Flatts,https://genius.com/Rascal-flatts-and-jonas-brothers-i-dare-you-lyrics,https://api.genius.com/search?q=rascal%20flatts%20and%20jonas%20brothers%20i%20dare%20you
Rattlesnake,Jack Van Cleaf,https://genius.com/Jack-van-cleaf-and-zach-bryan-rattlesnake-lyrics,https://api.genius.com/search?q=jack%20van%20cleaf%20and%20zach%20bryan%20rattlesnake
Beyoncé & Miley Cyrus -  II MOST WANTED (Deutsche Übersetzung),Genius Deutsche Übersetzungen,https://genius.com/Genius-deutsche-ubersetzungen-beyonce-and-miley-cyrus-ii-most-wanted-deutsche-ubersetzung-lyrics,https://api.genius.com/search?q=beyonce%20and%20miley%20cyrus%20ii%20most%20wanted
Dear Miss,Zach Bryan,https://genius.com/Zach-bryan-dear-miss-lyrics,https://api.genius.com/search?q=zach%20bryan%20dear%20miss
In Case You Missed It,Jordan Davis,https://genius.com/Jordan-davis-in-case-you-missed-it-lyrics,https://api.genius.com/search?q=jordan%20davis%20in%20case%20you%20missed%20it
Need To,Gavin Adcock,https://genius.com/Gavin-adcock-need-to-lyrics,https://api.genius.com/search?q=gavin%20adcock%20need%20to
Winning Streak,Jelly Roll,https://genius.com/Jelly-roll-winning-streak-lyrics,https://api.genius.com/search?q=jelly%20roll%20winning%20streak
Bad State of Mind,Treaty Oak Revival,https://genius.com/Treaty-oak-revival-bad-state-of-mind-lyrics,https://api.genius.com/search?q=treaty%20oak%20revival%20bad%20state%20of%20mind
OIL MONEY,Graham Barham,https://genius.com/Graham-barham-oil-money-lyrics,https://api.genius.com/search?q=graham%20barham%20oil%20money
She Hates Me,Dierks Bentley,https://genius.com/Dierks-bentley-she-hates-me-lyrics,https://api.genius.com/search?q=dierks%20bentley%20she%20hates%20me
Tough People,Drew Baldridge,https://genius.com/Drew-baldridge-tough-people-lyrics,https://api.genius.com/search?q=drew%20baldridge%20tough%20people
LOW ROAD,Adrien Nunez,https://genius.com/Adrien-nunez-low-road-lyrics,https://api.genius.com/search?q=adrien%20nunez%20low%20road
Nobody Likes Your Girlfriend,Nate Smith,https://genius.com/Nate-smith-and-hardy-nobody-likes-your-girlfriend-lyrics,https://api.genius.com/search?q=nate%20smith%20+%20hardy%20nobody%20likes%20your%20girlfriend
Sounds Like the Radio,Zach Top,https://genius.com/Zach-top-sounds-like-the-radio-lyrics,https://api.genius.com/search?q=zach%20top%20sounds%20like%20the%20radio
Love In Letting Go,Warren Zeiders,https://genius.com/Warren-zeiders-and-lanie-gardner-love-in-letting-go-lyrics,https://api.genius.com/search?q=warren%20zeiders%20love%20in%20letting%20go
Cody Johnson & Carín León - She Hurts Like Tequila (Traducción al Español),Genius Traducciones al Español,https://genius.com/Genius-traducciones-al-espanol-cody-johnson-and-carin-leon-she-hurts-like-tequila-traduccion-al-espanol-lyrics,https://api.genius.com/search?q=cody%20johnson%20and%20carin%20leon%20she%20hurts%20like%20tequila
Blink Twice,Shaboozey,https://genius.com/Shaboozey-and-myles-smith-blink-twice-lyrics,https://api.genius.com/search?q=shaboozey%20and%20myles%20smith%20blink%20twice
Dreams Don’t Die,Jelly Roll,https://genius.com/Jelly-roll-dreams-dont-die-lyrics,https://api.genius.com/search?q=jelly%20roll%20dreams%20don't%20die
Friday Night Heartbreaker,Jon Pardi,https://genius.com/Jon-pardi-friday-night-heartbreaker-lyrics,https://api.genius.com/search?q=jon%20pardi%20friday%20night%20heartbreaker
GOD & GUNS N’ ROSES,Tyler Braden,https://genius.com/Tyler-braden-god-and-guns-n-roses-lyrics,https://api.genius.com/search?q=tyler%20braden%20god%20and%20guns%20n%20roses
Man of the Year,Sam Barber,https://genius.com/Sam-barber-man-of-the-year-lyrics,https://api.genius.com/search?q=sam%20barber%20man%20of%20the%20year
Sober,Hudson Westbrook,https://genius.com/Hudson-westbrook-sober-lyrics,https://api.genius.com/search?q=hudson%20westbrook%20sober
May 2025 Singles Release Calendar,Genius,https://genius.com/Genius-may-2025-singles-release-calendar-annotated,"https://api.genius.com/search?q=reba%20mcentire,%20miranda%20lambert%20and%20lainey%20wilson%20trailblazer"
Scornful Woman,Oliver Anthony Music,https://genius.com/Oliver-anthony-music-scornful-woman-lyrics,https://api.genius.com/search?q=oliver%20anthony%20music%20scornful%20woman
Never Met Anyone Like You,Ella Langley,https://genius.com/Ella-langley-and-hardy-never-met-anyone-like-you-lyrics,https://api.genius.com/search?q=ella%20langley%20and%20hardy%20never%20met%20anyone%20like%20you
A Song To Sing,Miranda Lambert,https://genius.com/Miranda-lambert-and-chris-stapleton-a-song-to-sing-lyrics,https://api.genius.com/search?q=miranda%20lambert%20and%20chris%20stapleton%20a%20song%20to%20sing
Eatin’ Big Time,Tyler Childers,https://genius.com/Tyler-childers-eatin-big-time-lyrics,https://api.genius.com/search?q=tyler%20childers%20eatin'%20big%20time
Oneida,Tyler Childers,https://genius.com/Tyler-childers-oneida-lyrics,https://api.genius.com/search?q=tyler%20childers%20oneida
Surrounded,Koe Wetzel,https://genius.com/Koe-wetzel-surrounded-lyrics,https://api.genius.com/search?q=koe%20wetzel%20surrounded
Bitin’ List,Tyler Childers,https://genius.com/Tyler-childers-bitin-list-lyrics,https://api.genius.com/search?q=tyler%20childers%20bitin'%20list
Ordinary (feat. Luke Combs) - Live from Lollapalooza,Alex Warren,https://genius.com/Alex-warren-ordinary-feat-luke-combs-live-from-lollapalooza-lyrics,https://api.genius.com/search?q=alex%20warren%20and%20luke%20combs%20ordinary
Keeps Me Sane,Tyler Nance,https://genius.com/Tyler-nance-keeps-me-sane-lyrics,https://api.genius.com/search?q=tyler%20nance%20keeps%20me%20sane
Pray Hard,BigXthaPlug,https://genius.com/Bigxthaplug-and-luke-combs-pray-hard-lyrics,https://api.genius.com/search?q=bigxthaplug%20pray%20hard
I Hope You’re Happy,BigXthaPlug,https://genius.com/Bigxthaplug-and-darius-rucker-i-hope-youre-happy-lyrics,https://api.genius.com/search?q=bigxthaplug%20i%20hope%20you're%20happy
About You,BigXthaPlug,https://genius.com/Bigxthaplug-and-tucker-wetmore-about-you-lyrics,https://api.genius.com/search?q=bigxthaplug%20about%20you
When You See Me,Zach Top,https://genius.com/Zach-top-when-you-see-me-lyrics,https://api.genius.com/search?q=zach%20top%20when%20you%20see%20me
Bottomland,HARDY,https://genius.com/Hardy-bottomland-lyrics,https://api.genius.com/search?q=hardy%20bottomland
January 2026 Singles Release Calendar,Genius,https://genius.com/Genius-january-2026-singles-release-calendar-annotated,https://api.genius.com/search?q=brandon%20lake%20x%20cody%20johnson%20when%20a%20cowboy%20prays
15 Minutes,Luke Combs,https://genius.com/Luke-combs-15-minutes-lyrics,https://api.genius.com/search?q=luke%20combs%2015%20minutes
People Hatin’,The Red Clay Strays,https://genius.com/The-red-clay-strays-people-hatin-lyrics,https://api.genius.com/search?q=the%20red%20clay%20strays%20people%20hatin'
Wish I Didn’t Know Now,Ella Langley,https://genius.com/Ella-langley-wish-i-didnt-know-now-lyrics,https://api.genius.com/search?q=ella%20langley%20wish%20i%20didn't%20know%20now
Let ’Em Know,Shaboozey,https://genius.com/Shaboozey-let-em-know-lyrics,https://api.genius.com/search?q=shaboozey%20let%20'em%20know
I Sit In Parks,Kelsea Ballerini,https://genius.com/Kelsea-ballerini-i-sit-in-parks-lyrics,https://api.genius.com/search?q=kelsea%20ballerini%20i%20sit%20in%20parks
Emerald City,Kelsea Ballerini,https://genius.com/Kelsea-ballerini-emerald-city-lyrics,https://api.genius.com/search?q=kelsea%20ballerini%20emerald%20city
If He Wanted To,Hudson Westbrook,https://genius.com/Hudson-westbrook-if-he-wanted-to-lyrics,https://api.genius.com/search?q=hudson%20westbrook%20if%20he%20wanted%20to
Misery,Treaty Oak Revival,https://genius.com/Treaty-oak-revival-misery-lyrics,https://api.genius.com/search?q=treaty%20oak%20revival%20misery
Shit Hill,Treaty Oak Revival,https://genius.com/Treaty-oak-revival-shit-hill-lyrics,https://api.genius.com/search?q=treaty%20oak%20revival%20shit%20hill
Port A,Treaty Oak Revival,https://genius.com/Treaty-oak-revival-port-a-lyrics,https://api.genius.com/search?q=treaty%20oak%20revival%20port%20a
Withdrawals,Treaty Oak Revival,https://genius.com/Treaty-oak-revival-withdrawals-lyrics,https://api.genius.com/search?q=treaty%20oak%20revival%20withdrawals
West Texas Degenerate,Treaty Oak Revival,https://genius.com/Treaty-oak-revival-west-texas-degenerate-lyrics,https://api.genius.com/search?q=treaty%20oak%20revival%20west%20texas%20degenerate
Sunflower,Treaty Oak Revival,https://genius.com/Treaty-oak-revival-sunflower-lyrics,https://api.genius.com/search?q=treaty%20oak%20revival%20sunflower
Happy Face,Treaty Oak Revival,https://genius.com/Treaty-oak-revival-happy-face-lyrics,https://api.genius.com/search?q=treaty%20oak%20revival%20happy%20face
Stay a While,Treaty Oak Revival,https://genius.com/Treaty-oak-revival-stay-a-while-lyrics,https://api.genius.com/search?q=treaty%20oak%20revival%20stay%20a%20while
Giving Her Away,Luke Combs,https://genius.com/Luke-combs-giving-her-away-lyrics,https://api.genius.com/search?q=luke%20combs%20giving%20her%20away
Proving Me Right,Tucker Wetmore,https://genius.com/Tucker-wetmore-proving-me-right-lyrics,https://api.genius.com/search?q=tucker%20wetmore%20proving%20me%20right
Stop & Stare,Treaty Oak Revival,https://genius.com/Treaty-oak-revival-stop-and-stare-lyrics,https://api.genius.com/search?q=treaty%20oak%20revival%20stop%20and%20stare
The Hermetic Museum Vol. 1: The Glory of The World,Arthur Edward Waite,https://genius.com/Arthur-edward-waite-the-hermetic-museum-vol-1-the-glory-of-the-world-annotated,https://api.genius.com/search?q=jordan%20davis%20o%20come%20all%20ye%20faithful
November 2025 Singles Release Calendar,Genius,https://genius.com/Genius-november-2025-singles-release-calendar-annotated,https://api.genius.com/search?q=luke%20bryan%20and%20ella%20langley%20winter%20wonderland
Aeroplane,Zach Bryan,https://genius.com/Zach-bryan-aeroplane-lyrics,https://api.genius.com/search?q=zach%20bryan%20aeroplane
Always Willin’,Zach Bryan,https://genius.com/Zach-bryan-always-willin-lyrics,https://api.genius.com/search?q=zach%20bryan%20always%20willin'
Miles,Zach Bryan,https://genius.com/Zach-bryan-miles-lyrics,https://api.genius.com/search?q=zach%20bryan%20miles
All Good Things Past,Zach Bryan,https://genius.com/Zach-bryan-all-good-things-past-lyrics,https://api.genius.com/search?q=zach%20bryan%20all%20good%20things%20past
Sundown Girls,Zach Bryan,https://genius.com/Zach-bryan-sundown-girls-lyrics,https://api.genius.com/search?q=zach%20bryan%20sundown%20girls
Wish You Well,Vincent Mason,https://genius.com/Vincent-mason-wish-you-well-lyrics,https://api.genius.com/search?q=vincent%20mason%20wish%20you%20well
Time Goes On,Koe Wetzel,https://genius.com/Koe-wetzel-time-goes-on-lyrics,https://api.genius.com/search?q=koe%20wetzel%20time%20goes%20on
If I Didn’t Know You,The Red Clay Strays,https://genius.com/The-red-clay-strays-if-i-didnt-know-you-lyrics,https://api.genius.com/search?q=the%20red%20clay%20strays%20if%20i%20didn't%20know%20you
Me & A Beer,Chris Janson,https://genius.com/Chris-janson-me-and-a-beer-lyrics,https://api.genius.com/search?q=chris%20janson%20me%20and%20a%20beer
Change of Heart,Megan Moroney,https://genius.com/Megan-moroney-change-of-heart-lyrics,https://api.genius.com/search?q=megan%20moroney%20change%20of%20heart
Bells & Whistles (Behind The Song),Megan Moroney,https://genius.com/Megan-moroney-bells-and-whistles-behind-the-song-annotated,https://api.genius.com/search?q=megan%20moroney%20and%20kacey%20musgraves%20bells%20and%20whistles
Liars & Tigers & Bears,Megan Moroney,https://genius.com/Megan-moroney-liars-and-tigers-and-bears-lyrics,https://api.genius.com/search?q=megan%20moroney%20liars%20and%20tigers%20and%20bears
Table for Two,Megan Moroney,https://genius.com/Megan-moroney-table-for-two-lyrics,https://api.genius.com/search?q=megan%20moroney%20table%20for%20two
Waiting On the Rain,Megan Moroney,https://genius.com/Megan-moroney-waiting-on-the-rain-lyrics,https://api.genius.com/search?q=megan%20moroney%20waiting%20on%20the%20rain
Blame Texas,Cody Johnson,https://genius.com/Cody-johnson-blame-texas-lyrics,https://api.genius.com/search?q=cody%20johnson%20blame%20texas
Wish Upon a Whiskey,Luke Combs,https://genius.com/Luke-combs-wish-upon-a-whiskey-lyrics,https://api.genius.com/search?q=luke%20combs%20wish%20upon%20a%20whiskey
Soon As I Get Home,Luke Combs,https://genius.com/Luke-combs-soon-as-i-get-home-lyrics,https://api.genius.com/search?q=luke%20combs%20soon%20as%20i%20get%20home
Daytona 499,Luke Combs,https://genius.com/Luke-combs-daytona-499-lyrics,https://api.genius.com/search?q=luke%20combs%20daytona%20499
Killin’ Me,Parker McCollum,https://genius.com/Parker-mccollum-killin-me-lyrics,https://api.genius.com/search?q=parker%20mccollum%20killin'%20me
The Way I Am,Luke Combs,https://genius.com/Luke-combs-the-way-i-am-lyrics,https://api.genius.com/search?q=luke%20combs%20the%20way%20i%20am
Alcohol Of Fame,Luke Combs,https://genius.com/Luke-combs-alcohol-of-fame-lyrics,https://api.genius.com/search?q=luke%20combs%20alcohol%20of%20fame
My Kinda Saturday Night,Luke Combs,https://genius.com/Luke-combs-my-kinda-saturday-night-lyrics,https://api.genius.com/search?q=luke%20combs%20my%20kinda%20saturday%20night
Miss You Here,Luke Combs,https://genius.com/Luke-combs-miss-you-here-lyrics,https://api.genius.com/search?q=luke%20combs%20miss%20you%20here
Message to You,Ty Myers,https://genius.com/Ty-myers-message-to-you-lyrics,https://api.genius.com/search?q=ty%20myers%20message%20to%20you
baby blues,Ashley Cooke,https://genius.com/Ashley-cooke-baby-blues-lyrics,https://api.genius.com/search?q=ashley%20cooke%20baby%20blues
Carly Pearce & Riley Green - If I Don’t Leave I’m Gonna Stay (Tradução em Português),Genius Brasil Traduções,https://genius.com/Genius-brasil-traducoes-carly-pearce-and-riley-green-if-i-dont-leave-im-gonna-stay-traducao-em-portugues-lyrics,https://api.genius.com/search?q=carly%20pearce%20and%20riley%20green%20if%20i%20don't%20leave%20i'm%20gonna%20stay
Borrowed Time,Sam Barber,https://genius.com/Sam-barber-borrowed-time-lyrics,https://api.genius.com/search?q=sam%20barber%20borrowed%20time
Most Good Things Do (Acoustic),Ella Langley,https://genius.com/Ella-langley-most-good-things-do-acoustic-lyrics,https://api.genius.com/search?q=ella%20langley%20most%20good%20things%20do
Born To Die,Shaboozey,https://genius.com/Shaboozey-born-to-die-lyrics,https://api.genius.com/search?q=shaboozey%20born%20to%20die
Demons in Your Choir,The Red Clay Strays,https://genius.com/The-red-clay-strays-demons-in-your-choir-lyrics,https://api.genius.com/search?q=the%20red%20clay%20strays%20demons%20in%20your%20choir
Middle of Nowhere,Kacey Musgraves,https://genius.com/Kacey-musgraves-middle-of-nowhere-lyrics,https://api.genius.com/search?q=kacey%20musgraves%20middle%20of%20nowhere
Loneliest Girl,Kacey Musgraves,https://genius.com/Kacey-musgraves-loneliest-girl-lyrics,https://api.genius.com/search?q=kacey%20musgraves%20loneliest%20girl
Back On The Wagon,Kacey Musgraves,https://genius.com/Kacey-musgraves-back-on-the-wagon-lyrics,https://api.genius.com/search?q=kacey%20musgraves%20back%20on%20the%20wagon
I Know I Know,STELLA LEFTY,https://genius.com/Stella-lefty-i-know-i-know-lyrics,https://api.genius.com/search?q=stella%20lefty%20i%20know%20i%20know
I Believe In Ghosts,Kacey Musgraves,https://genius.com/Kacey-musgraves-i-believe-in-ghosts-lyrics,https://api.genius.com/search?q=kacey%20musgraves%20i%20believe%20in%20ghosts
"Uncertain, TX",Kacey Musgraves,https://genius.com/Kacey-musgraves-and-willie-nelson-uncertain-tx-lyrics,"https://api.genius.com/search?q=kacey%20musgraves%20uncertain,%20tx"
Traitor (Roles Reversed),Megan Moroney,https://genius.com/Megan-moroney-traitor-roles-reversed-lyrics,https://api.genius.com/search?q=megan%20moroney%20traitor
"Ride, Ride, Ride",George Birge,https://genius.com/George-birge-and-luke-bryan-ride-ride-ride-lyrics,"https://api.genius.com/search?q=george%20birge%20ride,%20ride,%20ride"
Cheap Thrills,Gavin Adcock,https://genius.com/Gavin-adcock-cheap-thrills-lyrics,https://api.genius.com/search?q=gavin%20adcock%20and%20hudson%20westbrook%20cheap%20thrills
Thinking ’bout You,STELLA LEFTY,https://genius.com/Stella-lefty-thinking-bout-you-lyrics,https://api.genius.com/search?q=stella%20lefty%20thinking%20'bout%20you
Hurts Like You,Koe Wetzel,https://genius.com/Koe-wetzel-hurts-like-you-lyrics,https://api.genius.com/search?q=koe%20wetzel%20hurts%20like%20you
Horseback,Cody Johnson,https://genius.com/Cody-johnson-horseback-lyrics,https://api.genius.com/search?q=cody%20johnson%20horseback
Blood Runs Thicker,Avery Anna,https://genius.com/Avery-anna-blood-runs-thicker-lyrics,https://api.genius.com/search?q=avery%20anna%20blood%20runs%20thicker
Shoot The Bull,Cody Johnson,https://genius.com/Cody-johnson-and-luke-combs-shoot-the-bull-lyrics,https://api.genius.com/search?q=cody%20johnson%20shoot%20the%20bull
Go Again,Riley Green,https://genius.com/Riley-green-go-again-lyrics,https://api.genius.com/search?q=riley%20green%20go%20again
Marry You Again,Dan + Shay,https://genius.com/Dan-shay-marry-you-again-lyrics,https://api.genius.com/search?q=dan%20+%20shay%20marry%20you%20again
Who Told You That,Tucker Wetmore,https://genius.com/Tucker-wetmore-who-told-you-that-lyrics,https://api.genius.com/search?q=tucker%20wetmore%20who%20told%20you%20that
What You Want,Vincent Mason,https://genius.com/Vincent-mason-what-you-want-lyrics,https://api.genius.com/search?q=vincent%20mason%20what%20you%20want
Nothin’ Better To Do,Carter Faith,https://genius.com/Carter-faith-and-wyatt-flores-nothin-better-to-do-lyrics,https://api.genius.com/search?q=carter%20faith%20and%20wyatt%20flores%20nothin'%20better%20to%20do
Burn It Down,Shaboozey,https://genius.com/Shaboozey-and-leon-bridges-burn-it-down-lyrics,https://api.genius.com/search?q=shaboozey%20and%20leon%20bridges%20burn%20it%20down
Bullets & Blades,Shaboozey,https://genius.com/Shaboozey-and-kehlani-bullets-and-blades-lyrics,https://api.genius.com/search?q=shaboozey%20and%20kehlani%20bullets%20and%20blades
"Lean In, Kiss Me",STELLA LEFTY,https://genius.com/Stella-lefty-lean-in-kiss-me-lyrics,"https://api.genius.com/search?q=stella%20lefty%20lean%20in,%20kiss%20me"
Imagine That,Riley Green,https://genius.com/Riley-green-imagine-that-lyrics,https://api.genius.com/search?q=riley%20green%20imagine%20that
Crazy To Yourself,Tucker Wetmore,https://genius.com/Tucker-wetmore-crazy-to-yourself-lyrics,https://api.genius.com/search?q=tucker%20wetmore%20crazy%20to%20yourself
Pouring,Mack Geiger,https://genius.com/Mack-geiger-pouring-lyrics,https://api.genius.com/search?q=mack%20geiger%20pouring
Coat of Many Colors,Dolly Parton,https://genius.com/Dolly-parton-coat-of-many-colors-lyrics,https://api.genius.com/search?q=dolly%20parton%20coat%20of%20many%20colors
Summer You Were Mine,STELLA LEFTY,https://genius.com/Stella-lefty-summer-you-were-mine-lyrics,https://api.genius.com/search?q=stella%20lefty%20summer%20you%20were%20mine
Good Girls & Cowgirls,Zach Top,https://genius.com/Zach-top-good-girls-and-cowgirls-lyrics,https://api.genius.com/search?q=zach%20top%20good%20girls%20and%20cowgirls
How To Not,Zach John King,https://genius.com/Zach-john-king-how-to-not-lyrics,https://api.genius.com/search?q=zach%20john%20king%20how%20to%20not
Boots,Kane Brown,https://genius.com/Kane-brown-boots-lyrics,https://api.genius.com/search?q=kane%20brown%20boots
Boots Off,Jon Pardi,https://genius.com/Jon-pardi-boots-off-lyrics,https://api.genius.com/search?q=jon%20pardi%20boots%20off
Water At A Wedding,Greylan James,https://genius.com/Greylan-james-water-at-a-wedding-lyrics,https://api.genius.com/search?q=greylan%20james%20water%20at%20a%20wedding
Mess with Missing You,Jordan Davis,https://genius.com/Jordan-davis-and-carly-pearce-mess-with-missing-you-lyrics,https://api.genius.com/search?q=jordan%20davis%20mess
Ten Pairs Of Boots,Riley Green,https://genius.com/Riley-green-ten-pairs-of-boots-lyrics,https://api.genius.com/search?q=riley%20green%20ten%20pairs%20of%20boots
Worth Your Wild,Russell Dickerson,https://genius.com/Russell-dickerson-worth-your-wild-lyrics,https://api.genius.com/search?q=russell%20dickerson%20worth%20your%20wild
MayHEM (H.A.M.),DubXX,https://genius.com/Dubxx-mayhem-ham-lyrics,https://api.genius.com/search?q=broken%20link%20broken%20link
Pink Skies,Zach Bryan,https://genius.com/Zach-bryan-pink-skies-lyrics,https://api.genius.com/search?q=zach%20bryan%20pink%20skies
Fantastic,King Princess,https://genius.com/King-princess-arcane-and-league-of-legends-fantastic-lyrics,https://api.genius.com/search?q=king%20princess%20fantastic
This World’s A Giant,Zach Bryan,https://genius.com/Zach-bryan-this-worlds-a-giant-lyrics,https://api.genius.com/search?q=zach%20bryan%20this%20world's%20a%20giant
Arkansas Diamond,Waylon Wyatt,https://genius.com/Waylon-wyatt-arkansas-diamond-lyrics,https://api.genius.com/search?q=waylon%20wyatt%20arkansas%20diamond
Jersey Giant,Evan Honer,https://genius.com/Evan-honer-jersey-giant-lyrics,https://api.genius.com/search?q=evan%20honer%20and%20julia%20digrazia%20jersey%20giant
Wait For You,Myles Smith,https://genius.com/Myles-smith-wait-for-you-lyrics,https://api.genius.com/search?q=myles%20smith%20wait%20for%20you
I’m Still Fine,The Red Clay Strays,https://genius.com/The-red-clay-strays-im-still-fine-lyrics,https://api.genius.com/search?q=the%20red%20clay%20strays%20i'm%20still%20fine
did i tell u that i miss u,adore,https://genius.com/Adore-did-i-tell-u-that-i-miss-u-lyrics,https://api.genius.com/search?q=adore%20did%20i%20tell%20u%20that%20i%20miss%20u
Where’d It Go Wrong?,d4vd,https://genius.com/D4vd-whered-it-go-wrong-lyrics,https://api.genius.com/search?q=d4vd%20where'd%20it%20go%20wrong?
Leave a Light On (Talk Away The Dark),Papa Roach,https://genius.com/Papa-roach-and-carrie-underwood-leave-a-light-on-talk-away-the-dark-lyrics,https://api.genius.com/search?q=papa%20roach%20and%20carrie%20underwood%20leave%20a%20light%20on
Calling After Me,Wallows,https://genius.com/Wallows-calling-after-me-lyrics,https://api.genius.com/search?q=wallows%20calling%20after%20me
The Other Side,Michael Marcagi,https://genius.com/Michael-marcagi-the-other-side-lyrics,https://api.genius.com/search?q=michael%20marcagi%20the%20other%20side
Justice & Tame Impala - Neverender (Traducción al Español),Genius Traducciones al Español,https://genius.com/Genius-traducciones-al-espanol-justice-and-tame-impala-neverender-traduccion-al-espanol-lyrics,https://api.genius.com/search?q=justice%20and%20tame%20impala%20neverender
Medusa,Cameron Whitcomb,https://genius.com/Cameron-whitcomb-medusa-lyrics,https://api.genius.com/search?q=cameron%20whitcomb%20medusa
Ankles,Lucy Dacus,https://genius.com/Lucy-dacus-ankles-lyrics,https://api.genius.com/search?q=lucy%20dacus%20ankles
The Marías - Lejos de Ti (English Translation),Genius English Translations,https://genius.com/Genius-english-translations-the-marias-lejos-de-ti-english-translation-lyrics,https://api.genius.com/search?q=the%20marias%20lejos%20de%20ti
Run Your Mouth,The Marías,https://genius.com/The-marias-run-your-mouth-lyrics,https://api.genius.com/search?q=the%20marias%20run%20your%20mouth
"Dance, Kid, Dance",Shinedown,https://genius.com/Shinedown-dance-kid-dance-lyrics,"https://api.genius.com/search?q=shinedown%20dance,%20kid,%20dance"
Even if It Kills Me,Papa Roach,https://genius.com/Papa-roach-even-if-it-kills-me-lyrics,https://api.genius.com/search?q=papa%20roach%20even%20if%20it%20kills%20me
Elevator Operator,Electric Callboy,https://genius.com/Electric-callboy-elevator-operator-lyrics,https://api.genius.com/search?q=electric%20callboy%20elevator%20operator
Hundred Mile High,Cameron Whitcomb,https://genius.com/Cameron-whitcomb-hundred-mile-high-lyrics,https://api.genius.com/search?q=cameron%20whitcomb%20hundred%20mile%20high
The Night Before,The Black Keys,https://genius.com/The-black-keys-the-night-before-lyrics,https://api.genius.com/search?q=the%20black%20keys%20the%20night%20before
can’t slow down,almost monday,https://genius.com/Almost-monday-cant-slow-down-lyrics,https://api.genius.com/search?q=almost%20monday%20can't%20slow%20down
Automatic,The Lumineers,https://genius.com/The-lumineers-automatic-lyrics,https://api.genius.com/search?q=the%20lumineers%20automatic
Ativan,The Lumineers,https://genius.com/The-lumineers-ativan-lyrics,https://api.genius.com/search?q=the%20lumineers%20ativan
Everything Is Peaceful Love,Bon Iver,https://genius.com/Bon-iver-everything-is-peaceful-love-lyrics,https://api.genius.com/search?q=bon%20iver%20everything%20is%20peaceful%20love
Plasticine,The Lumineers,https://genius.com/The-lumineers-plasticine-lyrics,https://api.genius.com/search?q=the%20lumineers%20plasticine
Strings,The Lumineers,https://genius.com/The-lumineers-strings-lyrics,https://api.genius.com/search?q=the%20lumineers%20strings
So Long,The Lumineers,https://genius.com/The-lumineers-so-long-lyrics,https://api.genius.com/search?q=the%20lumineers%20so%20long
strangers,proderics,https://genius.com/Proderics-and-melodybloom-strangers-lyrics,https://api.genius.com/search?q=proderics%20strangers
the prom,glaive,https://genius.com/Glaive-the-prom-lyrics,https://api.genius.com/search?q=glaive%20the%20prom
Chemistry,Gigi Perez,https://genius.com/Gigi-perez-chemistry-lyrics,https://api.genius.com/search?q=gigi%20perez%20chemistry
Satanized,Ghost,https://genius.com/Ghost-satanized-lyrics,https://api.genius.com/search?q=ghost%20satanized
Options,Cameron Whitcomb,https://genius.com/Cameron-whitcomb-options-lyrics,https://api.genius.com/search?q=cameron%20whitcomb%20options
If Only I Could Wait,Bon Iver,https://genius.com/Bon-iver-if-only-i-could-wait-lyrics,https://api.genius.com/search?q=bon%20iver%20if%20only%20i%20could%20wait
Caroline,Mumford & Sons,https://genius.com/Mumford-and-sons-caroline-lyrics,https://api.genius.com/search?q=mumford%20and%20sons%20caroline
Lucy Dacus & Hozier - Bullseye (Traducción al Español),Genius Traducciones al Español,https://genius.com/Genius-traducciones-al-espanol-lucy-dacus-and-hozier-bullseye-traduccion-al-espanol-lyrics,https://api.genius.com/search?q=lucy%20dacus%20and%20hozier%20bullseye
JUST IN CASE,Lil Peep,https://genius.com/Lil-peep-just-in-case-lyrics,https://api.genius.com/search?q=lil%20peep%20just%20in%20case
Something Beautiful,Miley Cyrus,https://genius.com/Miley-cyrus-something-beautiful-lyrics,https://api.genius.com/search?q=miley%20cyrus%20something%20beautiful
Lachryma,Ghost,https://genius.com/Ghost-lachryma-lyrics,https://api.genius.com/search?q=ghost%20lachryma
There’s A Rhythmn,Bon Iver,https://genius.com/Bon-iver-theres-a-rhythmn-lyrics,https://api.genius.com/search?q=bon%20iver%20there's%20a%20rhythmn
S P E Y S I D E,Bon Iver,https://genius.com/Bon-iver-s-p-e-y-s-i-d-e-lyrics,https://api.genius.com/search?q=bon%20iver%20s%20p%20e%20y%20s%20i%20d%20e
Day One,Bon Iver,https://genius.com/Bon-iver-day-one-lyrics,https://api.genius.com/search?q=bon%20iver%20day%20one
Peacefield,Ghost,https://genius.com/Ghost-peacefield-lyrics,https://api.genius.com/search?q=ghost%20peacefield
Unshatter,Linkin Park,https://genius.com/Linkin-park-unshatter-lyrics,https://api.genius.com/search?q=linkin%20park%20unshatter
Is This Really Love?,d4vd,https://genius.com/D4vd-is-this-really-love-lyrics,https://api.genius.com/search?q=d4vd%20is%20this%20really%20love?
would’ve been you,sombr,https://genius.com/Sombr-wouldve-been-you-lyrics,https://api.genius.com/search?q=sombr%20would've%20been%20you
Apologies,Three Days Grace,https://genius.com/Three-days-grace-apologies-lyrics,https://api.genius.com/search?q=three%20days%20grace%20apologies
Halsey & Amy Lee - Hand That Feeds (Traducción al Español),Genius Traducciones al Español,https://genius.com/Genius-traducciones-al-espanol-halsey-and-amy-lee-hand-that-feeds-traduccion-al-espanol-lyrics,https://api.genius.com/search?q=halsey%20and%20amy%20lee%20hand%20that%20feeds
iris,mgk,https://genius.com/Mgk-and-julia-wolf-iris-lyrics,https://api.genius.com/search?q=mgk%20and%20julia%20wolf%20iris
Let You Fade,Linkin Park,https://genius.com/Linkin-park-let-you-fade-lyrics,https://api.genius.com/search?q=linkin%20park%20let%20you%20fade
Zombie Lady,Damiano David,https://genius.com/Damiano-david-zombie-lady-lyrics,https://api.genius.com/search?q=damiano%20david%20zombie%20lady
Gold,Myles Smith,https://genius.com/Myles-smith-gold-lyrics,https://api.genius.com/search?q=myles%20smith%20gold
Nettles,Ethel Cain,https://genius.com/Ethel-cain-nettles-lyrics,https://api.genius.com/search?q=ethel%20cain%20nettles
NEVER ENOUGH,Turnstile,https://genius.com/Turnstile-never-enough-lyrics,https://api.genius.com/search?q=turnstile%20never%20enough
I CARE,Turnstile,https://genius.com/Turnstile-i-care-lyrics,https://api.genius.com/search?q=turnstile%20i%20care
The Little Mess You Made,The Favors,https://genius.com/The-favors-finneas-and-ashe-the-little-mess-you-made-lyrics,https://api.genius.com/search?q=the%20favors%20the%20little%20mess%20you%20made
God Only Knows,The Beach Boys,https://genius.com/The-beach-boys-god-only-knows-lyrics,https://api.genius.com/search?q=the%20beach%20boys%20god%20only%20knows
Not Like That Anymore,Lola Young,https://genius.com/Lola-young-not-like-that-anymore-lyrics,https://api.genius.com/search?q=lola%20young%20not%20like%20that%20anymore
All over me,HAIM,https://genius.com/Haim-all-over-me-lyrics,https://api.genius.com/search?q=haim%20all%20over%20me
Clearblue,Lorde,https://genius.com/Lorde-clearblue-lyrics,https://api.genius.com/search?q=lorde%20clearblue
If She Could See Me Now,Lorde,https://genius.com/Lorde-if-she-could-see-me-now-lyrics,https://api.genius.com/search?q=lorde%20if%20she%20could%20see%20me%20now
GRWM,Lorde,https://genius.com/Lorde-grwm-lyrics,https://api.genius.com/search?q=lorde%20grwm
Streets of London,Zach Bryan,https://genius.com/Zach-bryan-streets-of-london-lyrics,https://api.genius.com/search?q=zach%20bryan%20streets%20of%20london
Always Love,d4vd,https://genius.com/D4vd-and-hyunjin-always-love-lyrics,https://api.genius.com/search?q=d4vd%20always%20love
Paranoid,Black Sabbath,https://genius.com/Black-sabbath-paranoid-lyrics,https://api.genius.com/search?q=black%20sabbath%20paranoid
A Song For You,Zach Bryan,https://genius.com/Zach-bryan-a-song-for-you-lyrics,https://api.genius.com/search?q=zach%20bryan%20a%20song%20for%20you
No More Tears,Ozzy Osbourne,https://genius.com/Ozzy-osbourne-no-more-tears-lyrics,https://api.genius.com/search?q=ozzy%20osbourne%20no%20more%20tears
Iron Man,Black Sabbath,https://genius.com/Black-sabbath-iron-man-lyrics,https://api.genius.com/search?q=black%20sabbath%20iron%20man
Brief,Jarv & Pajama Sam,https://genius.com/Jarv-and-pajama-sam-brief-lyrics,https://api.genius.com/search?q=black%20sabbath%20war%20pigs%20/%20luke's%20wall
Mr. Crowley,Ozzy Osbourne,https://genius.com/Ozzy-osbourne-mr-crowley-lyrics,https://api.genius.com/search?q=ozzy%20osbourne%20mr.%20crowley
Changes (Live From Villa Park / Back To The Beginning),YUNGBLUD,https://genius.com/Yungblud-nuno-bettencourt-and-frank-bello-changes-live-from-villa-park-back-to-the-beginning-lyrics,"https://api.genius.com/search?q=yungblud,%20nuno%20bettencourt%20and%20frank%20bello%20changes%20back%20to%20the%20beginning"
Music for the Soul,Sam Barber,https://genius.com/Sam-barber-music-for-the-soul-lyrics,https://api.genius.com/search?q=sam%20barber%20music%20for%20the%20soul
Vampire Bat,Glass Animals,https://genius.com/Glass-animals-vampire-bat-lyrics,https://api.genius.com/search?q=glass%20animals%20vampire%20bat
goddamn,mgk,https://genius.com/Mgk-goddamn-lyrics,https://api.genius.com/search?q=mgk%20goddamn
dont wait run fast,mgk,https://genius.com/Mgk-dont-wait-run-fast-lyrics,https://api.genius.com/search?q=mgk%20dont%20wait%20run%20fast
sweet coraline,mgk,https://genius.com/Mgk-sweet-coraline-lyrics,https://api.genius.com/search?q=mgk%20sweet%20coraline
treading water,mgk,https://genius.com/Mgk-treading-water-lyrics,https://api.genius.com/search?q=mgk%20treading%20water
tell me whats up,mgk,https://genius.com/Mgk-tell-me-whats-up-lyrics,https://api.genius.com/search?q=mgk%20tell%20me%20whats%20up
indigo,mgk,https://genius.com/Mgk-indigo-lyrics,https://api.genius.com/search?q=mgk%20indigo
cant stay here,mgk,https://genius.com/Mgk-cant-stay-here-lyrics,https://api.genius.com/search?q=mgk%20cant%20stay%20here
orpheus,mgk,https://genius.com/Mgk-orpheus-lyrics,https://api.genius.com/search?q=mgk%20orpheus
Static,Sleep Theory,https://genius.com/Sleep-theory-static-lyrics,https://api.genius.com/search?q=sleep%20theory%20static
We’re Onto Something,Kings of Leon,https://genius.com/Kings-of-leon-were-onto-something-lyrics,https://api.genius.com/search?q=kings%20of%20leon%20we're%20onto%20something
ecdysis,Deftones,https://genius.com/Deftones-ecdysis-lyrics,https://api.genius.com/search?q=deftones%20ecdysis
locked club,Deftones,https://genius.com/Deftones-locked-club-lyrics,https://api.genius.com/search?q=deftones%20locked%20club
souvenir,Deftones,https://genius.com/Deftones-souvenir-lyrics,https://api.genius.com/search?q=deftones%20souvenir
crushing,sombr,https://genius.com/Sombr-crushing-lyrics,https://api.genius.com/search?q=sombr%20crushing
cut hands,Deftones,https://genius.com/Deftones-cut-hands-lyrics,https://api.genius.com/search?q=deftones%20cut%20hands
cXz,Deftones,https://genius.com/Deftones-cxz-lyrics,https://api.genius.com/search?q=deftones%20cxz
tower of memories,ivri,https://genius.com/Ivri-tower-of-memories-lyrics,https://api.genius.com/search?q=ivri%20tower%20of%20memories
departing the body,Deftones,https://genius.com/Deftones-departing-the-body-lyrics,https://api.genius.com/search?q=deftones%20departing%20the%20body
~metal dream,Deftones,https://genius.com/Deftones-metal-dream-lyrics,https://api.genius.com/search?q=deftones%20~metal%20dream
The Magic Skin (2. Woman Without A Heart),Honoré de Balzac,https://genius.com/Honore-de-balzac-the-magic-skin-2-woman-without-a-heart-annotated,https://api.genius.com/search?q=mana%20and%20carin%20leon%20vivir%20sin%20aire
SPIDERS,Lola Young,https://genius.com/Lola-young-spiders-lyrics,https://api.genius.com/search?q=lola%20young%20spiders
Center Mass,Twenty One Pilots,https://genius.com/Twenty-one-pilots-center-mass-lyrics,https://api.genius.com/search?q=twenty%20one%20pilots%20center%20mass
One Way,Twenty One Pilots,https://genius.com/Twenty-one-pilots-one-way-lyrics,https://api.genius.com/search?q=twenty%20one%20pilots%20one%20way
,,,https://api.genius.com/search?q=limp%20bzkt%20making%20love%20to%20morgan%20wallen
Tally,Twenty One Pilots,https://genius.com/Twenty-one-pilots-tally-lyrics,https://api.genius.com/search?q=twenty%20one%20pilots%20tally
Cottonwood,Twenty One Pilots,https://genius.com/Twenty-one-pilots-cottonwood-lyrics,https://api.genius.com/search?q=twenty%20one%20pilots%20cottonwood
Days Lie Dormant,Twenty One Pilots,https://genius.com/Twenty-one-pilots-days-lie-dormant-lyrics,https://api.genius.com/search?q=twenty%20one%20pilots%20days%20lie%20dormant
Intentions,Twenty One Pilots,https://genius.com/Twenty-one-pilots-intentions-lyrics,https://api.genius.com/search?q=twenty%20one%20pilots%20intentions
The Happy Dictator,Gorillaz,https://genius.com/Gorillaz-the-happy-dictator-lyrics,https://api.genius.com/search?q=gorillaz%20the%20happy%20dictator
October 2025 Rock Singles Release Calendar,Rock Genius,https://genius.com/Rock-genius-october-2025-rock-singles-release-calendar-annotated,https://api.genius.com/search?q=aerosmith%20and%20yungblud%20my%20only%20angel
Stay (If You Wanna Dance),Myles Smith,https://genius.com/Myles-smith-stay-if-you-wanna-dance-lyrics,https://api.genius.com/search?q=myles%20smith%20stay
Free,Florence + the Machine,https://genius.com/Florence-the-machine-free-lyrics,https://api.genius.com/search?q=florence%20+%20the%20machine%20free
Post Sex Clarity,Lola Young,https://genius.com/Lola-young-post-sex-clarity-lyrics,https://api.genius.com/search?q=lola%20young%20post%20sex%20clarity
Drowning,The Red Clay Strays,https://genius.com/The-red-clay-strays-drowning-lyrics,https://api.genius.com/search?q=the%20red%20clay%20strays%20drowning
Gravity - (русский перевод),"Hazbin Hotel, Jessica Vosk, Alex Brightman, Sam Haft, Andrew Underberg",https://genius.com/Hazbin-hotel-jessica-vosk-alex-brightman-sam-haft-andrew-underberg-gravity-lyrics,https://api.genius.com/search?q=jessica%20vosk%20and%20alex%20brightman%20gravity
The Laugh Track,Ice Nine Kills,https://genius.com/Ice-nine-kills-the-laugh-track-lyrics,https://api.genius.com/search?q=ice%20nine%20kills%20the%20laugh%20track
Back to You,Not for Radio,https://genius.com/Not-for-radio-back-to-you-lyrics,https://api.genius.com/search?q=not%20for%20radio%20back%20to%20you
The Manifesto,Gorillaz,https://genius.com/Gorillaz-the-manifesto-lyrics,https://api.genius.com/search?q=gorillaz%20the%20manifesto
See You On Monday (You’re Lost),Tame Impala,https://genius.com/Tame-impala-see-you-on-monday-youre-lost-lyrics,https://api.genius.com/search?q=tame%20impala%20see%20you%20on%20monday
Marino & Alexandria - Lust (Український переклад),Genius Ukrainian Translations (Українські переклади),https://genius.com/Genius-ukrainian-translations-marino-and-alexandria-lust-lyrics,https://api.genius.com/search?q=marino%20and%20alexandria%20lust
What’s Up?,4 Non Blondes,https://genius.com/4-non-blondes-whats-up-lyrics,https://api.genius.com/search?q=4%20non%20blondes%20what's%20up?
Good Ol’ Days,Hayley Williams,https://genius.com/Hayley-williams-good-ol-days-lyrics,https://api.genius.com/search?q=hayley%20williams%20good%20ol'%20days
no cell phones in rehab,mgk,https://genius.com/Mgk-no-cell-phones-in-rehab-lyrics,https://api.genius.com/search?q=mgk%20no%20cell%20phones%20in%20rehab
(Don’t Fear) The Reaper,Blue Öyster Cult,https://genius.com/Blue-oyster-cult-dont-fear-the-reaper-lyrics,https://api.genius.com/search?q=blue%20oyster%20cult%20the%20reaper
Highway to Hell,AC/DC,https://genius.com/Ac-dc-highway-to-hell-lyrics,https://api.genius.com/search?q=ac/dc%20highway%20to%20hell
Bad Moon Rising,Creedence Clearwater Revival,https://genius.com/Creedence-clearwater-revival-bad-moon-rising-lyrics,https://api.genius.com/search?q=creedence%20clearwater%20revival%20bad%20moon%20rising
Werewolves of London,Warren Zevon,https://genius.com/Warren-zevon-werewolves-of-london-lyrics,https://api.genius.com/search?q=warren%20zevon%20werewolves%20of%20london
One of the Greats,Florence + the Machine,https://genius.com/Florence-the-machine-one-of-the-greats-lyrics,https://api.genius.com/search?q=florence%20+%20the%20machine%20one%20of%20the%20greats
2026 Nominees,Dove Awards,https://genius.com/Dove-awards-2026-nominees-annotated,https://api.genius.com/search?q=jeremy%20camp%20and%20skillet%20no%20survivors
The Wreck of the Edmund Fitzgerald,Gordon Lightfoot,https://genius.com/Gordon-lightfoot-the-wreck-of-the-edmund-fitzgerald-lyrics,https://api.genius.com/search?q=gordon%20lightfoot%20the%20wreck%20of%20the%20edmund%20fitzgerald
VOX POPULI,Jeremy Jordan,https://genius.com/Jeremy-jordan-christian-borle-sam-haft-and-andrew-underberg-vox-populi-lyrics,https://api.genius.com/search?q=jeremy%20jordan%20and%20christian%20borle%20vox%20populi
Brighter,Christian Borle,https://genius.com/Christian-borle-sam-haft-and-andrew-underberg-brighter-lyrics,https://api.genius.com/search?q=christian%20borle%20brighter
Searchlight,Shinedown,https://genius.com/Shinedown-searchlight-lyrics,https://api.genius.com/search?q=shinedown%20searchlight
Clean It Up!,Kimiko Glenn,https://genius.com/Kimiko-glenn-erika-henningsen-sam-haft-and-andrew-underberg-clean-it-up-lyrics,https://api.genius.com/search?q=kimiko%20glenn%20and%20erika%20henningsen%20clean%20it%20up!
Fool’s Gold,Buffalo Traffic Jam,https://genius.com/Buffalo-traffic-jam-fools-gold-lyrics,https://api.genius.com/search?q=buffalo%20traffic%20jam%20fool's%20gold
"Alex Brightman, Krystina Alabado, Blake Roman, Sam Haft & Andrew Underberg - Piss (A love song) (Русский перевод)",Genius Russian Translations (Русский перевод),https://genius.com/Genius-russian-translations-alex-brightman-krystina-alabado-blake-roman-sam-haft-and-andrew-underberg-piss-a-love-song-lyrics,"https://api.genius.com/search?q=alex%20brightman,%20krystina%20alabado%20and%20blake%20roman%20piss"
Silver Springs,Fleetwood Mac,https://genius.com/Fleetwood-mac-silver-springs-lyrics,https://api.genius.com/search?q=fleetwood%20mac%20silver%20springs
Dosin,Treaty Oak Revival,https://genius.com/Treaty-oak-revival-dosin-lyrics,https://api.genius.com/search?q=treaty%20oak%20revival%20dosin
Blue Star,Treaty Oak Revival,https://genius.com/Treaty-oak-revival-blue-star-lyrics,https://api.genius.com/search?q=treaty%20oak%20revival%20blue%20star
Naders,Treaty Oak Revival,https://genius.com/Treaty-oak-revival-naders-lyrics,https://api.genius.com/search?q=treaty%20oak%20revival%20naders
Where Are You Christmas?,The Pretty Reckless,https://genius.com/The-pretty-reckless-where-are-you-christmas-lyrics,https://api.genius.com/search?q=the%20pretty%20reckless%20where%20are%20you%20christmas?
mangetout,Wet Leg,https://genius.com/Wet-leg-mangetout-lyrics,https://api.genius.com/search?q=wet%20leg%20mangetout
Kill Me Fast,Three Days Grace,https://genius.com/Three-days-grace-kill-me-fast-lyrics,https://api.genius.com/search?q=three%20days%20grace%20kill%20me%20fast
Adaline,Tyce Delk,https://genius.com/Tyce-delk-and-trinity-lake-adaline-lyrics,https://api.genius.com/search?q=tyce%20delk%20adaline
Camper,Zach Bryan,https://genius.com/Zach-bryan-camper-lyrics,https://api.genius.com/search?q=zach%20bryan%20camper
Streets of Minneapolis,Bruce Springsteen,https://genius.com/Bruce-springsteen-streets-of-minneapolis-lyrics,https://api.genius.com/search?q=bruce%20springsteen%20streets%20of%20minneapolis
Afraid of the Dark,Motionless in White,https://genius.com/Motionless-in-white-afraid-of-the-dark-lyrics,https://api.genius.com/search?q=motionless%20in%20white%20afraid%20of%20the%20dark
Love Me Better,Joji,https://genius.com/Joji-love-me-better-lyrics,https://api.genius.com/search?q=joji%20love%20me%20better
Forehead Touch the Ground,Joji,https://genius.com/Joji-forehead-touch-the-ground-lyrics,https://api.genius.com/search?q=joji%20forehead%20touch%20the%20ground
Free Bird,Lynyrd Skynyrd,https://genius.com/Lynyrd-skynyrd-free-bird-lyrics,https://api.genius.com/search?q=lynyrd%20skynyrd%20free%20bird
Twisting the Knife,Ice Nine Kills,https://genius.com/Ice-nine-kills-twisting-the-knife-lyrics,https://api.genius.com/search?q=ice%20nine%20kills%20twisting%20the%20knife
"A Conversation with My Son, Gangsters, and Angels [Unreleased]",Mumford & Sons,https://genius.com/Mumford-and-sons-a-conversation-with-my-son-gangsters-and-angels-unreleased-lyrics,https://api.genius.com/search?q=mumford%20and%20sons%20conversation%20with%20my%20son
Icarus,Mumford & Sons,https://genius.com/Mumford-and-sons-and-gigi-perez-icarus-lyrics,https://api.genius.com/search?q=mumford%20and%20sons%20and%20gigi%20perez%20icarus
DISNEY PRINCESS,Melanie Martinez,https://genius.com/Melanie-martinez-disney-princess-lyrics,https://api.genius.com/search?q=melanie%20martinez%20disney%20princess
I’ll Change for You,Mitski,https://genius.com/Mitski-ill-change-for-you-lyrics,https://api.genius.com/search?q=mitski%20i'll%20change%20for%20you
Doomed,Maphra,https://genius.com/Maphra-doomed-lyrics,https://api.genius.com/search?q=maphra%20doomed
Hanging on Hope,Buffalo Traffic Jam,https://genius.com/Buffalo-traffic-jam-hanging-on-hope-lyrics,https://api.genius.com/search?q=buffalo%20traffic%20jam%20hanging%20on%20hope
ALWAYS LET YOU DOWN,Bilmuri,https://genius.com/Bilmuri-always-let-you-down-lyrics,https://api.genius.com/search?q=bilmuri%20and%20a%20day%20to%20remember%20always%20let%20you%20down
March 2026 Singles Release Calendar,Genius,https://genius.com/Genius-march-2026-singles-release-calendar-annotated,https://api.genius.com/search?q=nickelback%20bones%20for%20the%20crows
Be with You,Muse,https://genius.com/Muse-be-with-you-lyrics,https://api.genius.com/search?q=muse%20be%20with%20you
REAL ONES NEVER DIE,Kid Cudi,https://genius.com/Kid-cudi-real-ones-never-die-lyrics,https://api.genius.com/search?q=kid%20cudi%20real%20ones%20never%20die
Until the Sun Explodes,Sublime,https://genius.com/Sublime-until-the-sun-explodes-lyrics,https://api.genius.com/search?q=sublime%20until%20the%20sun%20explodes
UNCANNY VALLEY,Melanie Martinez,https://genius.com/Melanie-martinez-uncanny-valley-lyrics,https://api.genius.com/search?q=melanie%20martinez%20uncanny%20valley
GARBAGE,Melanie Martinez,https://genius.com/Melanie-martinez-garbage-lyrics,https://api.genius.com/search?q=melanie%20martinez%20garbage
GRUDGES,Melanie Martinez,https://genius.com/Melanie-martinez-grudges-lyrics,https://api.genius.com/search?q=melanie%20martinez%20grudges
MONOPOLY MAN,Melanie Martinez,https://genius.com/Melanie-martinez-monopoly-man-lyrics,https://api.genius.com/search?q=melanie%20martinez%20monolopy%20man
IS THIS A CULT?,Melanie Martinez,https://genius.com/Melanie-martinez-is-this-a-cult-lyrics,https://api.genius.com/search?q=melanie%20martinez%20is%20this%20a%20cult?
WHITE BOY WITH A GUN,Melanie Martinez,https://genius.com/Melanie-martinez-white-boy-with-a-gun-lyrics,https://api.genius.com/search?q=melanie%20martinez%20white%20boy%20with%20a%20gun
The More I Hope,Sam Barber,https://genius.com/Sam-barber-the-more-i-hope-lyrics,https://api.genius.com/search?q=sam%20barber%20the%20more%20i%20hope
Just a Kid,Sam Barber,https://genius.com/Sam-barber-just-a-kid-lyrics,https://api.genius.com/search?q=sam%20barber%20just%20a%20kid
Hello Juliet,Clarion (USA),https://genius.com/Clarion-usa-hello-juliet-lyrics,https://api.genius.com/search?q=clarion%20hello%20juliet
Mr. Incorrect,Malcolm Todd,https://genius.com/Malcolm-todd-mr-incorrect-lyrics,https://api.genius.com/search?q=malcolm%20todd%20mr.%20incorrect
Who Will You Follow,Evanescence,https://genius.com/Evanescence-who-will-you-follow-lyrics,https://api.genius.com/search?q=evanescence%20who%20will%20you%20follow
You Owe Me,Malcolm Todd,https://genius.com/Malcolm-todd-you-owe-me-lyrics,https://api.genius.com/search?q=malcolm%20todd%20you%20owe%20me
picking petals,Alyssa Grace,https://genius.com/Alyssa-grace-picking-petals-lyrics,https://api.genius.com/search?q=alyssa%20grace%20picking%20petals
New Music Friday 04/24/26,Spotify,https://genius.com/Spotify-new-music-friday-04-24-26-annotated,https://api.genius.com/search?q=mgk%20and%20fred%20durst%20fix%20ur%20face
Promise?,Bella Kay,https://genius.com/Bella-kay-promise-lyrics,https://api.genius.com/search?q=bella%20kay%20promise?
Everglades,AZIEDOESNTEXIST,https://genius.com/Aziedoesntexist-everglades-lyrics,https://api.genius.com/search?q=aziedoesntexist%20everglades
girl next door,mgk,https://genius.com/Mgk-and-wiz-khalifa-girl-next-door-lyrics,https://api.genius.com/search?q=mgk%20and%20wiz%20khalifa%20girl%20next%20door
Eye of the Storm,Five Finger Death Punch,https://genius.com/Five-finger-death-punch-eye-of-the-storm-lyrics,https://api.genius.com/search?q=five%20finger%20death%20punch%20eye%20of%20the%20storm
From Down Here,Lola Young,https://genius.com/Lola-young-from-down-here-lyrics,https://api.genius.com/search?q=lola%20young%20from%20down%20here
New Music Friday 05/29/26,Spotify,https://genius.com/Spotify-new-music-friday-05-29-26-annotated,https://api.genius.com/search?q=dexter%20and%20the%20moonrocks%20and%20treaty%20oak%20revival%2012%20steps
STOP,Bella Kay,https://genius.com/Bella-kay-stop-lyrics,https://api.genius.com/search?q=bella%20kay%20stop
Bed On Fire,G Flip,https://genius.com/G-flip-bed-on-fire-lyrics,https://api.genius.com/search?q=g%20flip%20bed%20on%20fire
X’s & O’s,Malcolm Todd,https://genius.com/Malcolm-todd-xs-and-os-lyrics,https://api.genius.com/search?q=malcolm%20todd%20x's%20and%20o's
Gun To My Head,Malcolm Todd,https://genius.com/Malcolm-todd-gun-to-my-head-lyrics,https://api.genius.com/search?q=malcolm%20todd%20gun%20to%20my%20head
Free.99,Malcolm Todd,https://genius.com/Malcolm-todd-free99-lyrics,https://api.genius.com/search?q=malcolm%20todd%20free.99
Ain’t That The Truth,Malcolm Todd,https://genius.com/Malcolm-todd-aint-that-the-truth-lyrics,https://api.genius.com/search?q=malcolm%20todd%20ain't%20that%20the%20truth
Jean Skirt,Malcolm Todd,https://genius.com/Malcolm-todd-jean-skirt-lyrics,https://api.genius.com/search?q=malcolm%20todd%20jean%20skirt
Lonely Song,Malcolm Todd,https://genius.com/Malcolm-todd-lonely-song-lyrics,https://api.genius.com/search?q=malcolm%20todd%20lonely%20song
Edge of the Earth,The Beaches,https://genius.com/The-beaches-edge-of-the-earth-lyrics,https://api.genius.com/search?q=the%20beaches%20edge%20of%20the%20earth
Do That Again,Malcolm Todd,https://genius.com/Malcolm-todd-do-that-again-lyrics,https://api.genius.com/search?q=malcolm%20todd%20do%20that%20again
Crash First,honestav,https://genius.com/Honestav-and-mgk-crash-first-lyrics,https://api.genius.com/search?q=honestav%20and%20mgk%20crash%20first
I Just Got Mad,Malcolm Todd,https://genius.com/Malcolm-todd-i-just-got-mad-lyrics,https://api.genius.com/search?q=malcolm%20todd%20i%20just%20got%20mad
Beaches In Tennessee,Cage The Elephant,https://genius.com/Cage-the-elephant-beaches-in-tennessee-lyrics,https://api.genius.com/search?q=cage%20the%20elephant%20beaches%20in%20tennessee
Joy,ROLE MODEL,https://genius.com/Role-model-joy-lyrics,https://api.genius.com/search?q=role%20model%20joy
Daughter from Hell,Gracie Abrams,https://genius.com/Gracie-abrams-daughter-from-hell-lyrics,https://api.genius.com/search?q=gracie%20abrams%20daughter%20from%20hell
show you me,Steve Lacy,https://genius.com/Steve-lacy-show-you-me-lyrics,https://api.genius.com/search?q=steve%20lacy%20show%20you%20me
nice shoes / in your world,Steve Lacy,https://genius.com/Steve-lacy-nice-shoes-in-your-world-lyrics,https://api.genius.com/search?q=steve%20lacy%20nice%20shoes%20/%20in%20your%20world
lovesexdrugbomb,Steve Lacy,https://genius.com/Steve-lacy-lovesexdrugbomb-lyrics,https://api.genius.com/search?q=steve%20lacy%20lovesexdrugbomb
i deserve better.,Bella Kay,https://genius.com/Bella-kay-i-deserve-better-lyrics,https://api.genius.com/search?q=bella%20kay%20i%20deserve%20better.
Wink Wink,Charli xcx,https://genius.com/Charli-xcx-wink-wink-lyrics,https://api.genius.com/search?q=charli%20xcx%20wink%20wink
Lonely in the Future,The Strokes,https://genius.com/The-strokes-lonely-in-the-future-lyrics,https://api.genius.com/search?q=the%20strokes%20lonely%20in%20the%20future
2007,Charli xcx,https://genius.com/Charli-xcx-2007-lyrics,https://api.genius.com/search?q=charli%20xcx%202007
SS26,Charli xcx,https://genius.com/Charli-xcx-ss26-lyrics,https://api.genius.com/search?q=charli%20xcx%20ss26
Card Declined,Charli xcx,https://genius.com/Charli-xcx-card-declined-lyrics,https://api.genius.com/search?q=charli%20xcx%20card%20declined
Dine N’Dash,The Strokes,https://genius.com/The-strokes-dine-ndash-lyrics,https://api.genius.com/search?q=the%20strokes%20dine%20n'dash
Yeah,Charli xcx,https://genius.com/Charli-xcx-yeah-lyrics,https://api.genius.com/search?q=charli%20xcx%20yeah
Harmony,ROLE MODEL,https://genius.com/Role-model-harmony-lyrics,https://api.genius.com/search?q=role%20model%20harmony
Love I You,ROLE MODEL,https://genius.com/Role-model-love-i-you-lyrics,https://api.genius.com/search?q=role%20model%20love%20i%20you
Silver Jubilee,Audrey Hobert,https://genius.com/Audrey-hobert-silver-jubilee-lyrics,https://api.genius.com/search?q=audrey%20hobert%20silver%20jubilee
Haunted,Phoebe Bridgers,https://genius.com/Phoebe-bridgers-haunted-lyrics,https://api.genius.com/search?q=phoebe%20bridgers%20haunted
The Outside,Phoebe Bridgers,https://genius.com/Phoebe-bridgers-the-outside-lyrics,https://api.genius.com/search?q=phoebe%20bridgers%20the%20outside
I Can’t Wait,Phoebe Bridgers,https://genius.com/Phoebe-bridgers-i-cant-wait-lyrics,https://api.genius.com/search?q=phoebe%20bridgers%20i%20can't%20wait
Lost Weekend,Phoebe Bridgers,https://genius.com/Phoebe-bridgers-lost-weekend-lyrics,https://api.genius.com/search?q=phoebe%20bridgers%20lost%20weekend
Still Standing,Phoebe Bridgers,https://genius.com/Phoebe-bridgers-still-standing-lyrics,https://api.genius.com/search?q=phoebe%20bridgers%20still%20standing
Panorama,Phoebe Bridgers,https://genius.com/Phoebe-bridgers-panorama-lyrics,https://api.genius.com/search?q=phoebe%20bridgers%20panorama
Liberty Tree,Phoebe Bridgers,https://genius.com/Phoebe-bridgers-liberty-tree-lyrics,https://api.genius.com/search?q=phoebe%20bridgers%20liberty%20tree
Never Going Back!,Phoebe Bridgers,https://genius.com/Phoebe-bridgers-never-going-back-lyrics,https://api.genius.com/search?q=phoebe%20bridgers%20never%20going%20back!
As Above,Phoebe Bridgers,https://genius.com/Phoebe-bridgers-as-above-lyrics,https://api.genius.com/search?q=phoebe%20bridgers%20as%20above
Indecision,Rex Orange County,https://genius.com/Rex-orange-county-indecision-lyrics,https://api.genius.com/search?q=rex%20orange%20county%20indecision
Run Rabbit,Mollie Elizabeth,https://genius.com/Mollie-elizabeth-run-rabbit-lyrics,https://api.genius.com/search?q=mollie%20elizabeth%20run%20rabbit
Over country,Lizzy McAlpine,https://genius.com/Lizzy-mcalpine-over-country-lyrics,https://api.genius.com/search?q=lizzy%20mcalpine%20over%20country
Small Town,Dominic Fike,https://genius.com/Dominic-fike-small-town-lyrics,https://api.genius.com/search?q=dominic%20fike%20and%20gabriel%20jacoby%20small%20town
Anybody’s fool,Lizzy McAlpine,https://genius.com/Lizzy-mcalpine-anybodys-fool-lyrics,https://api.genius.com/search?q=lizzy%20mcalpine%20anybody's%20fool
The light in the painting,Lizzy McAlpine,https://genius.com/Lizzy-mcalpine-the-light-in-the-painting-lyrics,https://api.genius.com/search?q=lizzy%20mcalpine%20the%20light%20in%20the%20painting
A car wash and a new pair of pants,Lizzy McAlpine,https://genius.com/Lizzy-mcalpine-a-car-wash-and-a-new-pair-of-pants-lyrics,https://api.genius.com/search?q=lizzy%20mcalpine%20a%20car%20wash%20and%20a%20new%20pair%20of%20pants
Ugly things,Lizzy McAlpine,https://genius.com/Lizzy-mcalpine-ugly-things-lyrics,https://api.genius.com/search?q=lizzy%20mcalpine%20ugly%20things
Write Me A Letter,beabadoobee,https://genius.com/Beabadoobee-write-me-a-letter-lyrics,https://api.genius.com/search?q=beabadoobee%20write%20me%20a%20letter
I have a friend,Lizzy McAlpine,https://genius.com/Lizzy-mcalpine-i-have-a-friend-lyrics,https://api.genius.com/search?q=lizzy%20mcalpine%20i%20have%20a%20friend
